"address","descriptive_name","confidence","disc1_present","disc2_present","instructions","static_call_sites","direct_callees","has_return","disc1_overlay_referenced","disc2_overlay_referenced","embedded_asset_range","disc1_seed_evidence","disc2_seed_evidence","disc1_exact_sha256","disc2_exact_sha256","structural_sha256","sf3_address","sf3_match_kind"
"0x80010010",,,"1","1","163","2","0","1","0","0","0","direct_call","direct_call","044089445a09442549dac7e3bbec409b94dc8df0492f5bb25f13af656cf2896f","044089445a09442549dac7e3bbec409b94dc8df0492f5bb25f13af656cf2896f","6e881ff8fe373673451cc8834dd43df05b4b755d2a6cad5f4efc2b75b7e26796","0x80010010","exact"
"0x8001029c",,,"1","1","48","1","1","1","0","0","0","direct_call","direct_call","c416e8792ac471c7d3ef76b58c4c9112a2b9506428c172c6ab35878597a73275","c416e8792ac471c7d3ef76b58c4c9112a2b9506428c172c6ab35878597a73275","4896a5d9113d122cd4fc42056fa524bffebac65057a84b6bee0ce1f855699312","0x8001029C","exact"
"0x8001035c",,,"1","1","47","2","1","1","0","0","0","direct_call","direct_call","fc3bd5e307e2bee15fad73328eaa4c5a3d82a7c6fdb322e7d0414bb85d872851","fc3bd5e307e2bee15fad73328eaa4c5a3d82a7c6fdb322e7d0414bb85d872851","fb501e763a9ef1bc2ffc27a3ddbe57ca4269c134fbb7ee407fe8853d04787529","0x8001035C","exact"
"0x80010418",,,"1","1","9","2","0","1","0","0","0","direct_call","direct_call","9584968577043c02646b51b40bc950d3516aaebea4817eb1735b22840c3484fa","9584968577043c02646b51b40bc950d3516aaebea4817eb1735b22840c3484fa","3959513715c6b1e9317584dc6f80409c059105daf6287247c1ebea90c8d9bfab","0x80010418","exact"
"0x80010444",,,"1","1","132","2","0","1","0","0","0","direct_call","direct_call","b80b853d1518c45d100bb3ee42e67a0cc7bc51db06f1614bd87783cd952f834c","b80b853d1518c45d100bb3ee42e67a0cc7bc51db06f1614bd87783cd952f834c","479160244fb55ac4dbdd640a8140190008adbdca30c7d638dbb299edcc4706eb",,
"0x80010654","FixedPoint_Multiply","confirmed","1","1","8","542","0","1","1","1","0","direct_call+overlay","direct_call+overlay","84f639497ec5ca2bbaeb29cb0f61b249217fda8af9a6e281b97ec49925558734","84f639497ec5ca2bbaeb29cb0f61b249217fda8af9a6e281b97ec49925558734","0cf38654cc27d745703d3585835a2fe8a4d0a04e840bf8de44ffc793ffdd8f6d","0x80010654","exact"
"0x80010698",,,"1","1","37","54","0","1","1","0","0","direct_call+overlay","direct_call","9f61f72e629938923f50a809ee71ab408f950e1c1e7b6eb149f7a68bd62b7bee","9f61f72e629938923f50a809ee71ab408f950e1c1e7b6eb149f7a68bd62b7bee","45f18075a378dcbcdfd855e70d30da7a23d97f15d9a47b9f73647b11fe1b8221","0x80010698","exact"
"0x80010750",,,"1","1","16","36","0","1","1","1","0","direct_call+overlay","direct_call+overlay","78e966e34aadf837c5e622c18410f2ddaa0f345201ae956f353159269afde891","78e966e34aadf837c5e622c18410f2ddaa0f345201ae956f353159269afde891","24893cead493604a3e861641bf9b8020d78e16bcbf24ad2c00e2875cfeb8974e","0x80010750","exact"
"0x800107b4",,,"1","1","23","18","0","1","1","0","0","direct_call+overlay","direct_call","2bae882cda2de156361d32c1407d46fcc2732bda6a720303f0c15423955fe384","2bae882cda2de156361d32c1407d46fcc2732bda6a720303f0c15423955fe384","12c21dcdf61c7c292f242e964cc93f95cd5fc582192757e4998c6308d1fe0266","0x800107B4","exact"
"0x80010810",,,"1","1","15","1","0","1","0","0","0","direct_call","direct_call","5a1178a901c0acb7df54f99459aa2475216263871eb4a8a9e1d7607e39fbba38","5a1178a901c0acb7df54f99459aa2475216263871eb4a8a9e1d7607e39fbba38","604db80e0e30e298febcaae8113c80344185ca5d54316868e5a761df636604c8",,
"0x8001084c",,,"1","1","178","10","0","1","0","0","0","direct_call","direct_call","5dc74b8cef958afdd022581029a314caa071b0c3b39ddb2eed056870ca30f8c2","5dc74b8cef958afdd022581029a314caa071b0c3b39ddb2eed056870ca30f8c2","555b7897033e1ef6c2406e48ea711a2433b6ae04fca736bb1b3d4982ef49a546",,
"0x80010b14","Vector_NormalizeGte","confirmed","1","1","76","88","0","1","1","1","0","direct_call+overlay","direct_call+overlay","b257128f6931194fe11fcd3485ae4ac3a9d71ba0d7f722366a2670574fc8258b","b257128f6931194fe11fcd3485ae4ac3a9d71ba0d7f722366a2670574fc8258b","3779c72d018a152327b16272bd213b4f3ae6049fadd86605d145f48d2b571953",,
"0x80010c44",,,"1","1","187","1","0","1","0","0","0","direct_call","direct_call","5de414fe6170248314592ca41fa769b0933653d60511cb34f9cae9e9786f9c0f","5de414fe6170248314592ca41fa769b0933653d60511cb34f9cae9e9786f9c0f","ce6e94e0b11b8c4fc443aae993f0b4336c86e7a9003e35527059f2fcc2dc360d","0x80010C44","exact"
"0x80010f30",,,"1","1","83","3","2","1","0","0","0","direct_call","direct_call","a087397e38406276fff12198e83c580fc6dca4a06ca4cfcd1d9124c65a370bb9","a087397e38406276fff12198e83c580fc6dca4a06ca4cfcd1d9124c65a370bb9","80b0f57fc278ed559e87fff453a2f6c6f4bf70059231cb838dfe406ad2f9d639","0x80010F30","exact"
"0x80011084",,,"1","1","21","21","1","1","1","1","0","direct_call+overlay","direct_call+overlay","5f026aa1cd6c71c0f31ca933d39c8007b4ff259420f09ca76e8b70a2d03b7b43","5f026aa1cd6c71c0f31ca933d39c8007b4ff259420f09ca76e8b70a2d03b7b43","52748149b7ed9f0643d448ed60d0c621f4fdc9026637b821002291c9b6b34f1d","0x80011084","exact"
"0x800110e0",,,"1","1","53","1","0","1","0","0","0","direct_call","direct_call","21cd63162a81badc871ffec15ab65cad941bb0d99da958d18efc9babf658a38f","21cd63162a81badc871ffec15ab65cad941bb0d99da958d18efc9babf658a38f","d572578e9b0cb183dce9cafded6d1c96c7455fa8b402bf157bc7b269784edb7d","0x800111B0","structural"
"0x800112b4",,,"1","1","64","1","0","1","0","0","0","direct_call","direct_call","ff8bf29dcb884f7e3d0650adc74f05e0fe23dd028a011bff489ebee96788a560","ff8bf29dcb884f7e3d0650adc74f05e0fe23dd028a011bff489ebee96788a560","44bfe2569614404c27de33dd09e5b2c79378c521068aae28f534876ed7109c7e","0x80011384","structural"
"0x800113b4",,,"1","1","33","1","0","1","0","0","0","direct_call","direct_call","47e8912fd61d3ea99426c71a38930d9296d9acdb0b61dfbcc1412aa6da578fd7","47e8912fd61d3ea99426c71a38930d9296d9acdb0b61dfbcc1412aa6da578fd7","f9286ee4d99424f7a5a0f2ef97da6263a9933cdc721494b0080b4ce08d48c369","0x80011484","structural"
"0x80011438",,,"1","1","1200","1","16","1","0","0","0","direct_call","direct_call","8d8c9a79036af84114f89e83c227662b26079b40f58ccd7a3ad87d812b4444a5","8d8c9a79036af84114f89e83c227662b26079b40f58ccd7a3ad87d812b4444a5","bc8ae555e2477e568383095379688c3563762c0433b88b312b135ea453b97492",,
"0x800126f8",,,"1","1","3","1","0","1","1","1","0","direct_call+overlay","direct_call+overlay","cb7ce66b3c49735221a2d338b467f0bd8415dc7a95bf74a9f3635d28d303d8d1","cb7ce66b3c49735221a2d338b467f0bd8415dc7a95bf74a9f3635d28d303d8d1","07d19ed5397803d3b3287f83764d14af71561a21cebfa8dc2c1ddd0baaaf3ac2",,
"0x80012704",,,"1","1","25","2","4","1","0","0","0","direct_call","direct_call","29f3bc51f147f196cc2a8b2f493ecb3796c35f894e3b1f4af23895b4b8e6f26a","29f3bc51f147f196cc2a8b2f493ecb3796c35f894e3b1f4af23895b4b8e6f26a","98ed0b2e658e83c19897cb926540cf423e8e33c6b01afdc577f00fb41ee6666d","0x8001278C","structural"
"0x80012768",,,"1","1","11","1","0","1","0","0","0","direct_call","direct_call","9ee83418540b9d8c1c601a7cc493b913b605bc69acd10437a473c197d27be102","9ee83418540b9d8c1c601a7cc493b913b605bc69acd10437a473c197d27be102","8a881d729d6bd6676c3e1dc53fa54b9c4c34f890eaf57bbfa8ae80a617834014","0x800127F0","structural"
"0x80012794",,,"1","1","6","1","0","1","0","0","0","direct_call","direct_call","2dd4f00c0a92d8106b771b5e0228b04f35a08f165456a83c90be1c35f8083847","2dd4f00c0a92d8106b771b5e0228b04f35a08f165456a83c90be1c35f8083847","5deec2fee43be3a9f56452a28cc853cb1da84224f3c87ed2a8b1c99849bca38f","0x8001281C","exact"
"0x800127ac",,,"1","1","13","5","1","1","0","0","0","direct_call","direct_call","f85079ac2123f4b4f52dd643d9f70dfb391476eb8411e33c5f1d9efb35b1dd1a","f85079ac2123f4b4f52dd643d9f70dfb391476eb8411e33c5f1d9efb35b1dd1a","807eb18d2e189620f8c2b14c75ced8d4ab11621df244f749cfc9899c5d66fbe4","0x800128E4","structural"
"0x800127e0",,,"1","1","18","4","1","1","0","0","0","direct_call","direct_call","f70e01aa583bd8899d3cec7e5657a44fb031c5389fe5fc61956930b0022a9a7b","f70e01aa583bd8899d3cec7e5657a44fb031c5389fe5fc61956930b0022a9a7b","8186a302df82a13b9c400d3cfd386dde016055df697cefe2c799c00bdc508959",,
"0x80012828",,,"1","1","13","4","1","1","1","1","0","direct_call+overlay","direct_call+overlay","c5ff47d307e3e853ef3e318ec6e5d6cf44d075a0320af967de509834e49fb9ad","c5ff47d307e3e853ef3e318ec6e5d6cf44d075a0320af967de509834e49fb9ad","807eb18d2e189620f8c2b14c75ced8d4ab11621df244f749cfc9899c5d66fbe4","0x800128E4","structural"
"0x8001285c",,,"1","1","18","10","1","1","1","1","0","direct_call+overlay","direct_call+overlay","e8e22826c42c679f70a1e6318ce2c374d0bdf2c337d2d2b044ea69a9ad0fbcb7","e8e22826c42c679f70a1e6318ce2c374d0bdf2c337d2d2b044ea69a9ad0fbcb7","8186a302df82a13b9c400d3cfd386dde016055df697cefe2c799c00bdc508959",,
"0x800128a4",,,"1","1","13","69","1","1","1","1","0","direct_call+overlay","direct_call+overlay","d8e2889fedc95f25a6199cded8319ee999aba18fe6b21d2a7a445d350d20b83b","d8e2889fedc95f25a6199cded8319ee999aba18fe6b21d2a7a445d350d20b83b","807eb18d2e189620f8c2b14c75ced8d4ab11621df244f749cfc9899c5d66fbe4","0x800128E4","structural"
"0x800128d8",,,"1","1","18","65","1","1","1","1","0","direct_call+overlay","direct_call+overlay","edf6044338e5d7806d4e12813a914a1502ac20f0f6977a9964243033fd55fe85","edf6044338e5d7806d4e12813a914a1502ac20f0f6977a9964243033fd55fe85","8186a302df82a13b9c400d3cfd386dde016055df697cefe2c799c00bdc508959",,
"0x80012920",,,"1","1","13","3","0","1","1","1","0","direct_call+overlay","direct_call+overlay","71108c873bf8568630c93c626749291abe6b4e55d575454b7f33d65a3cfcd1ea","71108c873bf8568630c93c626749291abe6b4e55d575454b7f33d65a3cfcd1ea","42158e9751cb4ea1ee7b5d16322710886fb3ede1445715635e199f02046b9ece",,
"0x80012954",,,"1","1","19","1","0","1","0","0","0","direct_call","direct_call","05593c0f826e80781f8f79e09aaf870b8912dad1ad9cd1545b1a9db5b21f8414","05593c0f826e80781f8f79e09aaf870b8912dad1ad9cd1545b1a9db5b21f8414","32d9504213b5c581621234541e9de92fc19570f54fce1a9fbacfdcb40d0f38e3",,
"0x800129a0",,,"1","1","17","4","0","1","1","1","0","direct_call+overlay","direct_call+overlay","6ea20a1f640c63102d11f4570e29a8e3e133f11a9f38ad5999c489a4a7185d10","6ea20a1f640c63102d11f4570e29a8e3e133f11a9f38ad5999c489a4a7185d10","e2389f3ec4707680295bfff5d7d7d9f81c8abc63e8f2d918459e42777e7783ba",,
"0x800129e4",,,"1","1","15","8","0","1","1","1","0","direct_call+overlay","direct_call+overlay","1adab796748734c41732f2771d97630a9a7c8ad74bd6c25d77ec31e26f34141c","1adab796748734c41732f2771d97630a9a7c8ad74bd6c25d77ec31e26f34141c","f7755c182d5f9035f1696eba4569e1dc2fe562e54973d6ebb13d0298fbeeb6a8",,
"0x80012a20",,,"1","1","25","1","0","1","0","0","0","direct_call","direct_call","29509a7f62880594e394d88ab58d92d3da12c8fe0321fbc3ef96c7b814b93396","29509a7f62880594e394d88ab58d92d3da12c8fe0321fbc3ef96c7b814b93396","8cf60fbd70089fa2eeb2fcaac41f44a59847e8c95ea16d1710d83a40f20af69f",,
"0x80012a84",,,"1","1","93","3","1","1","1","1","0","direct_call+overlay","direct_call+overlay","1d3b7f5b7618eb2122460352a926a93932684e51eec36b8b2ab3366987253322","1d3b7f5b7618eb2122460352a926a93932684e51eec36b8b2ab3366987253322","0c01528c3d35d5eab5c3394864de4d1971eae5c4cdfa9f0eed0f919622d8801d","0x80012B88","structural"
"0x80012bf8",,,"1","1","21","3","0","1","1","1","0","direct_call+overlay","direct_call+overlay","f0b45f6f356d1e019433771ca829325fcdee5a44d640f06fe5b8276a7e756668","f0b45f6f356d1e019433771ca829325fcdee5a44d640f06fe5b8276a7e756668","64a6e1a83295b66d96b2ff815b61c785159f6bb2c4c4906ca62005d060d49aa7",,
"0x80012c4c",,,"1","1","13","6","0","1","1","1","0","direct_call+overlay","direct_call+overlay","20b06b18f3f4dc1d4343f35e4729fa04a0dd3fd2f4f1c97926c5498a06abfa4a","20b06b18f3f4dc1d4343f35e4729fa04a0dd3fd2f4f1c97926c5498a06abfa4a","42158e9751cb4ea1ee7b5d16322710886fb3ede1445715635e199f02046b9ece",,
"0x80012c80",,,"1","1","11","30","0","1","1","1","0","direct_call+overlay","direct_call+overlay","0073f8ca691362839b884cd597c4442971ef5b73852bffe66925341aa21e873e","0073f8ca691362839b884cd597c4442971ef5b73852bffe66925341aa21e873e","85a64b9850eead6132b356508356124053b45a600c7c5a3d239fe9056bcdfb2e",,
"0x80012cac",,,"1","1","10","1","0","1","0","0","0","direct_call","direct_call","4837f93106be842be77249de0a654d753e2d14bcf0740a8ad1c0d521666f6543","4837f93106be842be77249de0a654d753e2d14bcf0740a8ad1c0d521666f6543","f2e777cecb5f04afad5b54ec7fbf40822123b13ec3617abead648724b9cfb243",,
"0x80012cd4",,,"1","1","39","13","1","1","1","1","0","direct_call+overlay","direct_call+overlay","8592e35ebaac4580719d48cd7f9d51aaac4df710aa70ec0bc01300a048926e5e","8592e35ebaac4580719d48cd7f9d51aaac4df710aa70ec0bc01300a048926e5e","b46b01c4955bfda3fb273a954e422d151eea7872abef7acdf673c819ad698e6a","0x80012DE8","structural"
"0x80012d70",,,"1","1","40","14","3","1","0","0","0","direct_call","direct_call","402e02bc0bbe7618fc014eb5eb65e63a755779d1079c18d47bac4504a0723b2e","402e02bc0bbe7618fc014eb5eb65e63a755779d1079c18d47bac4504a0723b2e","3d1223d2be37424a95bb9126f48c23e680eddb23681c655649feb01acc0be623","0x80012E84","structural"
"0x80012e10",,,"1","1","23","4","3","1","0","0","0","direct_call","direct_call","b45c4801aea1c26a565ce74936cf36d935cfa2594c9b3dd08b3631c2d5a0a93f","b45c4801aea1c26a565ce74936cf36d935cfa2594c9b3dd08b3631c2d5a0a93f","adb90bd8309488228b1e3375104d6e8f38d024764e5f6e489a0fef31d3c0903e","0x80012F24","structural"
"0x80012e6c",,,"1","1","41","1","1","1","0","0","0","direct_call","direct_call","77a28af22130aeb9accc453449246c5223ee30644460c5f26e55219e3fc5ad10","77a28af22130aeb9accc453449246c5223ee30644460c5f26e55219e3fc5ad10","785a74a35da094570259f9272749d7a54739543e71dc513011dee46d49654ac0","0x80012F80","structural"
"0x80012f10",,,"1","1","60","1","1","1","0","0","0","direct_call","direct_call","f0f44a633ca1b436641bd71d4be977185f1f4c58cb22eeff202de79d265c2d42","f0f44a633ca1b436641bd71d4be977185f1f4c58cb22eeff202de79d265c2d42","dc405c6740bc4acdbc62f21ac54ec3d5e28a193059890fa5340c69b5478570b0","0x80013024","structural"
"0x80013000",,,"1","1","16","8","0","1","0","0","0","direct_call","direct_call","e5226fee361ccf9844d03796174780accf8aafe9f9d8e21e1a70650a52059e04","e5226fee361ccf9844d03796174780accf8aafe9f9d8e21e1a70650a52059e04","4faac0db398caf1043655d77daacc2cad4d6b1a70c5eac2ef8815105d92bf2c4","0x80013114","exact"
"0x80013040",,,"1","1","372","1","12","1","0","0","0","direct_call","direct_call","447f59d265503505c1143ba724bd99cdc5a89c295ad0c188145ba670719ff80d","447f59d265503505c1143ba724bd99cdc5a89c295ad0c188145ba670719ff80d","287ed619ce49ce553ee65a832c9481cef86743088d9727a1ddc2cf2cb41df157",,
"0x80013610",,,"1","1","65","39","1","1","1","1","0","direct_call+overlay","direct_call+overlay","07b5ce9fc533bef4218ade4f58282234861da9809bda5f60b29cbcfe54456821","07b5ce9fc533bef4218ade4f58282234861da9809bda5f60b29cbcfe54456821","9d97392bd79c217a5b2032a6a73eca01768781550c9d657ad9d8ebc6190b6383","0x800137C8","structural"
"0x80013714",,,"1","1","70","1","1","1","0","0","0","direct_call","direct_call","b195e7c6b9ecd35a2f6b49404e9843c0072c2da2ff39748f0ac4c32842e2efd9","b195e7c6b9ecd35a2f6b49404e9843c0072c2da2ff39748f0ac4c32842e2efd9","bc3152eed58cb8b635e7648bd1202df7d9ff9a24b7210727a370e0334341de18","0x800138CC","structural"
"0x8001382c",,,"1","1","67","1","3","1","0","0","0","direct_call","direct_call","8118f4a87cdf80ae9a420fe1a3591d45302df04819485749b9edc7c782dd4305","8118f4a87cdf80ae9a420fe1a3591d45302df04819485749b9edc7c782dd4305","04ec28c4bc5be1cbd15562f1e1007e5bf8406eee8a4b182f27a7aa85c4edbce3","0x800139E4","structural"
"0x80013938",,,"1","1","36","9","3","1","1","0","0","direct_call+overlay","direct_call","e6b39991121096b843a5f28eb79ed9f0d7827040ce38d967f7f085dabc6ffbd1","e6b39991121096b843a5f28eb79ed9f0d7827040ce38d967f7f085dabc6ffbd1","34922add437b485a5053407e85cfa1822a5bffa8aacfeb85c5038159aa36702e","0x80013AF0","structural"
"0x800139c8",,,"1","1","66","3","4","1","0","0","0","direct_call","direct_call","610d45414818503b62f0fd729672c4f29e8f4ccf00030777ea64f7cfa95eb341","610d45414818503b62f0fd729672c4f29e8f4ccf00030777ea64f7cfa95eb341","4d7d21927704c85f2748dad680b035d38199105e026a9202d1bf55e08d4e9575","0x80013B80","structural"
"0x80013ad0",,,"1","1","2","1","0","1","0","0","0","direct_call","direct_call","e9c2ff1eef813fe088e6151976740e125f2ad633741588bb2acd791be7132f07","e9c2ff1eef813fe088e6151976740e125f2ad633741588bb2acd791be7132f07","52c4e143ef8d999837274081ce8efed71201f3d42caddd20262721c50422afbc",,
"0x80013ad8",,,"1","1","29","1","2","1","0","0","0","direct_call","direct_call","79fffcd2b82c72f07fdc6a22ec0a270ee29eb3d0d6e23dd3aada702b66397017","79fffcd2b82c72f07fdc6a22ec0a270ee29eb3d0d6e23dd3aada702b66397017","babdfb48040d74f7bddf56fced86ed3d4b2243d62bc4a466e3921746ebc8e695","0x80013C90","structural"
"0x80013b4c",,,"1","1","16","1","1","1","0","0","0","direct_call","direct_call","0c5d0c25d27a1bc14def31679c8f8ea3a9a6b2106804b2118720c8aa5982b9c2","0c5d0c25d27a1bc14def31679c8f8ea3a9a6b2106804b2118720c8aa5982b9c2","3c16e2c188fb1286dcdca4a4f34e3f78b0685617e51584837e3ee87ae4190315","0x80013D04","structural"
"0x80013b8c",,,"1","1","196","2","10","1","0","0","0","direct_call","direct_call","642662704b1949092149eec2118ef62159a7b967a175103a7c8e394094f11bf6","642662704b1949092149eec2118ef62159a7b967a175103a7c8e394094f11bf6","ada287d2c0f505ebb7cb60791995684a1e76c24593506053c058ceebba634e78","0x80013D44","structural"
"0x80013e9c",,,"1","1","129","2","6","1","0","0","0","direct_call","direct_call","e1f1cc6f196bf2b45eed70dc7bec705202134fcd7b786a1183ce71efe8fc8756","e1f1cc6f196bf2b45eed70dc7bec705202134fcd7b786a1183ce71efe8fc8756","44b1cf817ee16f3529d5ddbe19fff51df4e195b8af4e179cfbf7f99aff6fb80e","0x80014054","structural"
"0x800140a0",,,"1","1","29","1","2","1","0","0","0","direct_call","direct_call","c1e99b7520e344308bc438d305d9a5c089be18ca3e7bb43051dc71a0501037a5","c1e99b7520e344308bc438d305d9a5c089be18ca3e7bb43051dc71a0501037a5","c1566d82168d6035096945d97f4ee955d086d3cdc7531234b954348ec1f6a604","0x80014258","structural"
"0x80014114",,,"1","1","10","0","1","1","0","0","0","prologue_only","prologue_only","ab7289b7cf73916af1c85942a033cc0e05857c2a4197d32686f28e10a9cb1519","ab7289b7cf73916af1c85942a033cc0e05857c2a4197d32686f28e10a9cb1519","91f236ba57fc6b7345cdc6202a070ffa6b15eae3b272925d9dc63f152542b1cc","0x800142CC","structural"
"0x8001413c",,,"1","1","833","2","28","1","1","1","0","direct_call+overlay","direct_call+overlay","fad793982cca1b2346671adfc7cb5f0cf48737bf182306cc2815ec72d8947a55","fad793982cca1b2346671adfc7cb5f0cf48737bf182306cc2815ec72d8947a55","78651d7ca84380a5bc14112dc3e04a48b02100378f3a82c2b453092a74b7fba8",,
"0x80014e40",,,"1","1","46","5","5","1","0","0","0","direct_call","direct_call","9bee65fcdab0c5db88af10c930c9069aba7f5704d69e8038d2fb6d7c60c247c3","9bee65fcdab0c5db88af10c930c9069aba7f5704d69e8038d2fb6d7c60c247c3","633ad8db187934f95f77129ef733ceee8f09684d747b7f406541e2e0f30b7c75","0x80014FE8","structural"
"0x80014ef8",,,"1","1","337","1","13","1","0","0","0","direct_call","direct_call","1b2fa4464ddfb16bc6f704e3ad20c3c55a773146a82b4aa5ae1b61bcdbc7efdd","1b2fa4464ddfb16bc6f704e3ad20c3c55a773146a82b4aa5ae1b61bcdbc7efdd","ba07dc5a17ae0277ad7bd2badda6421fbe7100440400f350fe378520ef5a990f",,
"0x8001543c",,,"1","1","36","2","3","1","1","1","0","direct_call+overlay","direct_call+overlay","559e896c6f7e6332e1980f8d8a292dbce5358a2fdf332a33dd60875f40e5680b","559e896c6f7e6332e1980f8d8a292dbce5358a2fdf332a33dd60875f40e5680b","333a15cb28bf1daae26704085328dc83df7ce3d2a678337bb0cd7e6793671c99","0x8001587C","structural"
"0x800154cc",,,"1","1","17","1","1","1","0","0","0","direct_call","direct_call","1f57f63d563994a2dbc084870b227003f805707472d949a2ec5c89dd5f8e83ec","1f57f63d563994a2dbc084870b227003f805707472d949a2ec5c89dd5f8e83ec","54aa5905d05520c50438c55b75fc10a709ec470ac93c5105eb8e3218b8a24245","0x8001590C","structural"
"0x80015510",,,"1","1","55","2","1","1","0","0","0","direct_call","direct_call","748480c06e5f023d4a203ff3cf9f2998cdd937a1ab3ab13e7b350048a01c0162","748480c06e5f023d4a203ff3cf9f2998cdd937a1ab3ab13e7b350048a01c0162","1d6f8a2569ce5026f272e79c0bccf18f4eeb3e4a113503e82a9b47539c7c7d8f","0x80015950","structural"
"0x800155ec",,,"1","1","87","2","2","1","1","1","0","direct_call+overlay","direct_call+overlay","90861e67d331b4b2ad72c2ce31e99a2fc910224703f28f28b7e1d294864b3d0c","90861e67d331b4b2ad72c2ce31e99a2fc910224703f28f28b7e1d294864b3d0c","88a92b1871d6b668585f7eff9c21fb97bbc0d75d5dee2c2b1037c4723156c598","0x80015A2C","structural"
"0x80015748",,,"1","1","78","3","3","1","1","1","0","direct_call+overlay","direct_call+overlay","b4ed2af2b0078ab096b2239736c31e0e6cae02abedfce4ff5f49535e130c83e6","b4ed2af2b0078ab096b2239736c31e0e6cae02abedfce4ff5f49535e130c83e6","b6468f03648b5cfc22638ea34c31cd1769386499b2858591a69a640baaafc94d","0x80015B88","structural"
"0x80015880",,,"1","1","36","2","1","1","1","1","0","direct_call+overlay","direct_call+overlay","8399241b8d0da7eb3366d6f459363bc679a1457ede37446aedb098b656a55b43","8399241b8d0da7eb3366d6f459363bc679a1457ede37446aedb098b656a55b43","215e7e15b698b4140ef9625dd0f0f02606b978a14c6681915ce8735bc2b7cd74","0x80015CC0","structural"
"0x80015910",,,"1","1","20","2","1","1","1","1","0","direct_call+overlay","direct_call+overlay","1f17c9d9ef2b1b8850435a329b798518f6ae8311c0db786da9d9b08ceeede424","1f17c9d9ef2b1b8850435a329b798518f6ae8311c0db786da9d9b08ceeede424","05190b7e59f4f3d312a40d2029de86dc814ad19af0f122cd1dea20cc415b3daa",,
"0x80015960",,,"1","1","131","4","5","1","1","1","0","direct_call+overlay","direct_call+overlay","1633a167de59a9b9bdb614ed2c77cce63cc21c1881bc0e38f9907d36aa38017b","1633a167de59a9b9bdb614ed2c77cce63cc21c1881bc0e38f9907d36aa38017b","3757f7a4d18277a5936af2375e80a92ef596eadbbc7eb0760946593ab1a29e8f","0x80015DBC","structural"
"0x80015b6c",,,"1","1","72","2","5","1","0","0","0","direct_call","direct_call","ee5669d6f0cc062dcf6f862868e1ae000e36f2b093295ec2f97706c53902ed0c","ee5669d6f0cc062dcf6f862868e1ae000e36f2b093295ec2f97706c53902ed0c","b9b4d45e40c3a6ae076cfffcac3d61ff34746f10ee1af49aa8b77b8160b00e94","0x80015FC8","structural"
"0x80015c8c",,,"1","1","10","3","0","1","1","1","0","direct_call+overlay","direct_call+overlay","dc770441fdf75adc079dc43144254317bd7a1fbbe6ed6670dc685ebdd9f9d9bd","dc770441fdf75adc079dc43144254317bd7a1fbbe6ed6670dc685ebdd9f9d9bd","5ac44db7e475e6efbca80f5297f65b411a5c2d20f9457538533b9d50600adf19","0x800160E8","exact"
"0x80015cb4",,,"1","1","4","2","0","1","0","0","0","direct_call","direct_call","5c568777368c26b5a5613323f310d7930d29f17825893cf9b63a4137bc63e7d4","5c568777368c26b5a5613323f310d7930d29f17825893cf9b63a4137bc63e7d4","0855cbc1e32dc8addb3b29778c6a2d15ab6cd2b362406c0f997eb751b052ca9f","0x80016110","exact"
"0x80015cc4",,,"1","1","14","2","0","1","0","0","0","direct_call","direct_call","bdf68a0162bcb312c6095ffbfe28a1056826f7d83d94b8ed2bfe10efa02ec380","bdf68a0162bcb312c6095ffbfe28a1056826f7d83d94b8ed2bfe10efa02ec380","39546b9a892e6442e23e785cd92a69b0c2d951f0dfb918176ea9f51b5cb9fd34","0x80016120","exact"
"0x80015cfc",,,"1","1","7","1","0","1","1","1","0","direct_call+overlay","direct_call+overlay","094b1f2a38649cedcdaee629c82b2c0b2171d8734445b958ff97524bc2264137","094b1f2a38649cedcdaee629c82b2c0b2171d8734445b958ff97524bc2264137","0ed7b175fe6a5555d80ebdcde83305709681b35b822612b5f143b8707bfc32d5","0x80016158","exact"
"0x80015d18",,,"1","1","9","1","0","1","0","0","0","direct_call","direct_call","1a3560631750b3a39c27060d2eeb42384ec345d94b01213d7ca685a917a1bf41","1a3560631750b3a39c27060d2eeb42384ec345d94b01213d7ca685a917a1bf41","75eb61308d7c4f9a8bb705d6b7c38eb33f096472abd3ed458896d0adf31679d3","0x80016174","structural"
"0x80015d3c",,,"1","1","18","1","0","1","0","0","0","direct_call","direct_call","8b2d443cd968471ce9b948960e5a2beead50f36f7031a7a3f2dfcbca8632a9a7","8b2d443cd968471ce9b948960e5a2beead50f36f7031a7a3f2dfcbca8632a9a7","b6ff08ffc9e20cfd0e699f3c57e44ea4dc447b191144846a15a4dc67d58e4613","0x80016198","structural"
"0x80015d84",,,"1","1","17","4","0","1","0","0","0","direct_call","direct_call","2d118b57b8d7476917d9e8d717993a7d256f26f65ba3b2693c2ec9170fd01c9f","2d118b57b8d7476917d9e8d717993a7d256f26f65ba3b2693c2ec9170fd01c9f","b75b85bc68fc6b81e835bd5581c133bf642818060763ea8f7081bd2a6de2db5a","0x800161E0","exact"
"0x80015dc8",,,"1","1","17","6","0","1","0","0","0","direct_call","direct_call","7c160ea917dc2f1c6ab418420a7aac83083591887aef003cf017af0158cd894e","7c160ea917dc2f1c6ab418420a7aac83083591887aef003cf017af0158cd894e","1157375cf3acdd03ec66e3c9b4e9be0c94080ba513850cfcafac078e6e081310","0x80016224","exact"
"0x80015e0c",,,"1","1","19","1","0","1","0","0","0","direct_call","direct_call","57fc9763734fe404d383c4282ce7179c1af995e30c16669c18d3c7bbcf1940ef","57fc9763734fe404d383c4282ce7179c1af995e30c16669c18d3c7bbcf1940ef","78902d847e9c3c4a1b691f117aa1d60e348418c93b53e0e3d9d4f3207846d748","0x80016268","exact"
"0x80015e58",,,"1","1","102","1","4","1","0","0","0","direct_call","direct_call","0a3d97c6a3508bf0b799ddb59d7794b83b4943e848ac83d53eabc7075d0539fa","0a3d97c6a3508bf0b799ddb59d7794b83b4943e848ac83d53eabc7075d0539fa","4bd1488c9f0af32905df8544477eb4c86e0ce2b6d51c52de2711645c1e51403c","0x800162B4","structural"
"0x80015ff0",,,"1","1","40","4","2","1","0","0","0","direct_call","direct_call","0ea5dc5b22139a3a43520318bb061a1a98abc2a9a562e0b6dd3cf309a1d4bba9","0ea5dc5b22139a3a43520318bb061a1a98abc2a9a562e0b6dd3cf309a1d4bba9","c186f06884522fcb8598b35a945ba3860b00ea0165f6709da6785e179aef67ba","0x8001644C","structural"
"0x80016090",,,"1","1","93","2","2","1","0","0","0","direct_call","direct_call","b695a4cb740b386b84dda053eb6866a668140d5f55e0cbf6f2f27c0f9259ed82","b695a4cb740b386b84dda053eb6866a668140d5f55e0cbf6f2f27c0f9259ed82","6fe01760598f49140586b00bcea203e70d4f89e1ad48bc5ae3ae80810c933e75","0x800164EC","structural"
"0x80016204",,,"1","1","41","2","0","1","1","1","0","direct_call+overlay","direct_call+overlay","f79af79552c66fbb174a075d463cd663696228119a82ac9f21c2c312ad72f273","f79af79552c66fbb174a075d463cd663696228119a82ac9f21c2c312ad72f273","8d086b3f962e2b6c8addbb4d08db95941311f382dd66ab00753c2d6c2e915c9f","0x80016660","structural"
"0x800162a8",,,"1","1","148","4","4","1","0","1","0","direct_call","direct_call+overlay","560f127efcc9048165a94e94dd77e0d20a8e3cc1670cb0cc69675d895663ec66","560f127efcc9048165a94e94dd77e0d20a8e3cc1670cb0cc69675d895663ec66","10ff1f61cc9c88ca446b10b5570cc6b868de2450ea529c5765cdb17790ead3a4","0x80016704","structural"
"0x800164f8",,,"1","1","160","2","0","1","0","0","0","direct_call","direct_call","5dfd9195244b22e8f6469d3680e99cdeb13840c63c11c8503f056286e0f047a6","5dfd9195244b22e8f6469d3680e99cdeb13840c63c11c8503f056286e0f047a6","f653e0aed5bd9abdb2fbaf3286fbd0caf6414eedb24a3f5ef2075b48c50fc970","0x80016954","structural"
"0x80016778",,,"1","1","126","2","1","1","0","0","0","direct_call","direct_call","ce5341454327b81977cc3d5bee6262f29f2e6fe34b1acd577b6033780c7e84cb","ce5341454327b81977cc3d5bee6262f29f2e6fe34b1acd577b6033780c7e84cb","d9d8cdd38de35d9293129905d3c92a6fa658682d5566f8acee64e43dc29690bc","0x80016BD4","structural"
"0x80016970",,,"1","1","22","1","0","1","0","0","0","direct_call","direct_call","a196697153b56f069d05554f4fcc2637f78a6b066bb6686af8a6335c43599ef9","a196697153b56f069d05554f4fcc2637f78a6b066bb6686af8a6335c43599ef9","16deb80832108730843e53bceb58887051331112ab46c774afd46d965b5cb69a","0x80016DCC","structural"
"0x800169c8",,,"1","1","11","1","1","1","0","0","0","direct_call","direct_call","02445462ba852e8b08585ef25a771b92b49a25bd65c8dcdb8d9fba593905d837","02445462ba852e8b08585ef25a771b92b49a25bd65c8dcdb8d9fba593905d837","a47694b973d1e52b29c381a8ef94f536678b2b2d3cde1042ec1b52f2036b77d2","0x80016E24","structural"
"0x800169f4",,,"1","1","6","1","0","1","0","0","0","direct_call","direct_call","bd97fa74d817308414d50b2d88118d3eeb2e227d3f5da5f7ae20e5e7ca5b78f6","bd97fa74d817308414d50b2d88118d3eeb2e227d3f5da5f7ae20e5e7ca5b78f6","fe3334094650bf0b722894ae0b08cf2272f6f4280aedaa11c83532643a6eeab0","0x80016E50","structural"
"0x80016a0c",,,"1","1","44","1","2","1","1","1","0","direct_call+overlay","direct_call+overlay","ab4f2eec7a77c2734e38dcfdba1330f0135b1236c366e55bafd0b794cd4dda29","ab4f2eec7a77c2734e38dcfdba1330f0135b1236c366e55bafd0b794cd4dda29","ace06ac05af9f5d673a26cd23ec074723d0d9944514a9954ea62647dca90954e","0x80016E68","structural"
"0x80016abc",,,"1","1","26","5","0","1","0","0","0","direct_call","direct_call","610373c890f7174abfb5807b1dd366e5264b93453ebc37de7859d1db325a2497","610373c890f7174abfb5807b1dd366e5264b93453ebc37de7859d1db325a2497","b0329d71504e66aa3baf2e12b0f06ffcdf57dbc8bebff941f7ddd83e7b3435f1","0x80016F18","structural"
"0x80016b24",,,"1","1","39","2","1","1","0","0","0","direct_call","direct_call","82ce817ec09a8005352833b94b85da637b95d7458429637bab19e580a8dd4248","82ce817ec09a8005352833b94b85da637b95d7458429637bab19e580a8dd4248","97a486d9a130607ded66159a5bc0ac604eaab603d60c630b71c8debbef0a2c5f","0x80016F80","structural"
"0x80016be0",,,"1","1","33","1","1","1","0","0","0","direct_call","direct_call","c143d16e7c0880d02d8f89ab4181551b6653fef676d5c45f0d7f644ecc371359","c143d16e7c0880d02d8f89ab4181551b6653fef676d5c45f0d7f644ecc371359","f467b7e10daef8cb31b0310fbcf0f0718fe97ce82db8fb2ded6cddb3be932633","0x8001703C","structural"
"0x80016c64",,,"1","1","18","3","1","1","0","0","0","direct_call","direct_call","d9cf991dd38b11ac4b9a7770240e3e0a204e9b228f4db9c198d58f45a3cbd0b2","d9cf991dd38b11ac4b9a7770240e3e0a204e9b228f4db9c198d58f45a3cbd0b2","cdf453f454a3eae7928f80ee797ca1ebf45a6605223b128abbf48582ce506a7b","0x800170C0","structural"
"0x80016cac",,,"1","1","52","5","0","1","0","0","0","direct_call","direct_call","895de931b10780c7037363bac45134be05ae615231228792cef7b2e2b5fcda19","895de931b10780c7037363bac45134be05ae615231228792cef7b2e2b5fcda19","6c45edfe2259fb680ddf748dce51266355aa1d09a13f32721a847152265a2aa2","0x80017108","exact"
"0x80016d7c",,,"1","1","10","2","0","1","1","1","0","direct_call+overlay","direct_call+overlay","3b7eeb8fdfc4c4f96a231f9faca94494f54902f4489fb1ddaa8e85c0078c4ded","3b7eeb8fdfc4c4f96a231f9faca94494f54902f4489fb1ddaa8e85c0078c4ded","2714def3937fc3a4c66b7f94a3bfe677bd2bc6b1282d0f4ad8dc52287bb71546",,
"0x80016da4",,,"1","1","227","3","3","1","0","0","0","direct_call","direct_call","91fe7936e907187abf1714a4cf6767f7bd6dadb2e0a38edc2094780817591381","91fe7936e907187abf1714a4cf6767f7bd6dadb2e0a38edc2094780817591381","1db1f871ff4403afa9ece72f7489d35d909020783d555b9e2f23c3ee6bb3d032","0x80017200","structural"
"0x80017130",,,"1","1","36","3","1","1","0","0","0","direct_call","direct_call","55c3dc4f34528b893389462ec9101d817a42d5d12488ccea9d1f7ed2b311ab12","55c3dc4f34528b893389462ec9101d817a42d5d12488ccea9d1f7ed2b311ab12","c1abab762618d2451e908dd1bb968de410c8e5d75b2b57d9a9adf4db9ebc5ab8","0x8001758C","structural"
"0x800171c0",,,"1","1","17","3","0","1","0","1","0","direct_call","direct_call+overlay","384fc9e5b00fd78d33947906c945e473f49fb242eec1e29c1901efb4276695af","384fc9e5b00fd78d33947906c945e473f49fb242eec1e29c1901efb4276695af","dfad67dd6379298552f26acae0554c682e45cc621e29f739ae283880aa546dfe","0x8001761C","structural"
"0x80017204",,,"1","1","75","1","1","1","0","0","0","direct_call","direct_call","038bc51b48a5e7ba1cc47522332b203116694926214db44c476b81d0e1f73559","038bc51b48a5e7ba1cc47522332b203116694926214db44c476b81d0e1f73559","5cad1ec64668254a0c0321a3f05fa7315eeeda32a8b9a5e5aebcb5ef2b00e687","0x80017660","structural"
"0x80017330",,,"1","1","139","2","2","1","0","0","0","direct_call","direct_call","005baf3042e40f000d122303b4b729ecc88f9eb8de09e49a19ca17a8e02f1bce","005baf3042e40f000d122303b4b729ecc88f9eb8de09e49a19ca17a8e02f1bce","cd39804cc1c03fa319a59a5e31869025533d4b4e3450d0e8af5c6580560dee24","0x8001778C","structural"
"0x8001755c",,,"1","1","5","1","0","1","1","1","0","direct_call+overlay","direct_call+overlay","1725d73f62d96b8ce6037d707f23cc757b553805e23bebb07050c2d41b12363c","1725d73f62d96b8ce6037d707f23cc757b553805e23bebb07050c2d41b12363c","2ae56a9a851d46b59bcce672a6ddd9785988f3b29b31017cd1ba6a2b14bb6278","0x800179B8","exact"
"0x80017570",,,"1","1","2","1","0","1","1","1","0","direct_call+overlay","direct_call+overlay","997c251e609b12c456504efab684cb701d5fbfdd5503181190a12e87a7018129","997c251e609b12c456504efab684cb701d5fbfdd5503181190a12e87a7018129","eb145aa2915f561839a1eff7c9da12adc93c631a1d0f8f08f1581bd859231e5f","0x800179CC","exact"
"0x80017578",,,"1","1","3","8","0","1","1","1","0","direct_call+overlay","direct_call+overlay","7bdb11009a325054a69e084eb418022653d0a10902883b178ba63ce9eef3eb0b","7bdb11009a325054a69e084eb418022653d0a10902883b178ba63ce9eef3eb0b","f686da7ccff0b83086c578bd22210e982999f995da59ea9f99e2d34e6076a995","0x800179D4","exact"
"0x80017584",,,"1","1","22","4","1","1","1","0","0","direct_call+overlay","direct_call","bde98b08c8e32afb0bcdd5ef781cf9eb81295a8ebb489064389cd7cb53984091","bde98b08c8e32afb0bcdd5ef781cf9eb81295a8ebb489064389cd7cb53984091","c70d29a574758c2863f70829c8eb39a0cf2abcfee9f6b9b1960c4cf80170849a",,
"0x800175dc",,,"1","1","18","4","1","1","1","0","0","direct_call+overlay","direct_call","789ac96ec1b7003ad1995f1dd1a77d321331ca9431721efb859a83c58ab6d32b","789ac96ec1b7003ad1995f1dd1a77d321331ca9431721efb859a83c58ab6d32b","01ac75553d26d7f62ea2b54e75fe43c088772dc1fd134f88641b363e2f6aed23",,
"0x80017624",,,"1","1","21","4","0","1","1","1","0","direct_call+overlay","direct_call+overlay","c281791fc2b59261d8a30a4caa7a7599c382b54c2882af67d843b184b8014ecc","c281791fc2b59261d8a30a4caa7a7599c382b54c2882af67d843b184b8014ecc","d9a2b990659e9dad227896b635ee38defce8c37613585e413e428ab8bbe29bc7","0x80017A80","exact"
"0x80017678",,,"1","1","5","5","0","1","1","1","0","direct_call+overlay","direct_call+overlay","38e6a53723384b90e5e923e5ab6fa3b3af2ad790ac1e33b2f8868ddc485be0ff","38e6a53723384b90e5e923e5ab6fa3b3af2ad790ac1e33b2f8868ddc485be0ff","64f403a9920f33fc1049faff2fc9f5c805ac57b3c5baf739de32354c90f89ee4","0x80017AD4","exact"
"0x8001768c",,,"1","1","4","4","0","1","1","1","0","direct_call+overlay","direct_call+overlay","58757d389dd1f17d07f828b47335378956cd4625b3a879c2968efdbaf2d30732","58757d389dd1f17d07f828b47335378956cd4625b3a879c2968efdbaf2d30732","fbe78a25597091cda2fb4613cf1a98ac22ef19d2dcda5842bf7407dcf54ecdc0","0x80017AE8","exact"
"0x8001769c",,,"1","1","22","3","1","1","0","0","0","direct_call","direct_call","6a5611ff188beb5adb6957e5664d46db342beef76dc8b4f8b36b49b253ffbccc","6a5611ff188beb5adb6957e5664d46db342beef76dc8b4f8b36b49b253ffbccc","c70d29a574758c2863f70829c8eb39a0cf2abcfee9f6b9b1960c4cf80170849a",,
"0x800176f4",,,"1","1","18","3","1","1","0","0","0","direct_call","direct_call","961f8acf908137c218b9087044e64aea03e7cf9a0fa450f21cc5b85fe8e10fdc","961f8acf908137c218b9087044e64aea03e7cf9a0fa450f21cc5b85fe8e10fdc","01ac75553d26d7f62ea2b54e75fe43c088772dc1fd134f88641b363e2f6aed23",,
"0x8001773c",,,"1","1","46","4","0","1","0","0","0","direct_call","direct_call","b608908c055d0902dbe6f2ea3a4ace3f0b56b3c274953beb9152e3258ef4cce2","b608908c055d0902dbe6f2ea3a4ace3f0b56b3c274953beb9152e3258ef4cce2","dccc5d05c695f01f327c4c84d1225fb36523fa8195ceb5c66ebd869e0ce60166","0x80017B98","structural"
"0x800177f4",,,"1","1","4","4","0","1","1","1","0","direct_call+overlay","direct_call+overlay","8bbb303b2f26d7efdc80d6f9e9d19430f244863355fb1ae43cbcfd429536df71","8bbb303b2f26d7efdc80d6f9e9d19430f244863355fb1ae43cbcfd429536df71","480b0258056a6387ab368ec9e6d945d1d94bd73ff08f3524272611f451b435ac","0x80017C50","exact"
"0x80017804",,,"1","1","3","3","0","1","1","1","0","direct_call+overlay","direct_call+overlay","0893d6ee9ff6b0b2944507a0a811e2a6b7f13025ee30a9219c38d5d662ea64ed","0893d6ee9ff6b0b2944507a0a811e2a6b7f13025ee30a9219c38d5d662ea64ed","13a5cdb7cb987b513009a788a7e3514fa2f0cadc374698b10450708716e28942","0x80017C60","exact"
"0x80017810",,,"1","1","44","1","1","1","1","1","0","direct_call+overlay","direct_call+overlay","eb214c2e991ace4607c86c4bb62e2f091c349ec831f6ef36607fac9cdb60482c","eb214c2e991ace4607c86c4bb62e2f091c349ec831f6ef36607fac9cdb60482c","38764ac4a721f62d58c9e753ce68f0a044c8100de01a2e80a8c908b3a7a96d4d","0x80017C6C","structural"
"0x800178c0",,,"1","1","11","4","0","1","1","1","0","direct_call+overlay","direct_call+overlay","3a8281fbc7043bec4dcde8ce3c4edc1257859195b887e5a29cc83b57bec848a3","3a8281fbc7043bec4dcde8ce3c4edc1257859195b887e5a29cc83b57bec848a3","dea3b32f5aef8e34deddf4c9fa9d32ea3a49e15b4bdb403dae1768785ca65e34","0x80017D1C","structural"
"0x800178ec",,,"1","1","16","2","0","1","0","0","0","direct_call","direct_call","c7d524916b4428c4faae8199fb1a4ed7a8ae2ded2093532a809b184e06357a46","c7d524916b4428c4faae8199fb1a4ed7a8ae2ded2093532a809b184e06357a46","04d2ddae2f564d34eb06a97a472731004f6d6db789bc681d914074980482c23b","0x80017D48","structural"
"0x8001792c",,,"1","1","18","1","1","1","0","0","0","direct_call","direct_call","3471e473aa10004c8d906e284b2b79cff381426858b965a19b8ace4f71c529a5","3471e473aa10004c8d906e284b2b79cff381426858b965a19b8ace4f71c529a5","2c1eda95970ecc0cd5b41c76419247c7deedb6719d840bf1de8681749a4d5167","0x80017D88","structural"
"0x80017974",,,"0","1","5","0","0","1","","1","0","","overlay","","9f2f08fd8c65808599b785657c6850769b1132784f03048de2fe1c89932ef52e","c4d8b3f0490bebff6f739d3123ca388f9353a780b43ce33db560f210bd682136",,
"0x80017988",,,"1","1","8","1","1","1","0","0","0","direct_call","direct_call","5a3b297056bb636e57b06879d570d382928c50c96a7b71fdbb62dec4201b2ca0","5a3b297056bb636e57b06879d570d382928c50c96a7b71fdbb62dec4201b2ca0","bc0d189abe299f775deb701e8b5bcc7ecb3cf5ee0bc7a7f8ba631aae4b57cadc",,
"0x800179a8",,,"1","1","18","1","0","1","0","0","0","direct_call","direct_call","d8cb8ce410fcfd58e5da34d699cb1210b1f09ae58997ce1eb4eb11c0857e1bc0","d8cb8ce410fcfd58e5da34d699cb1210b1f09ae58997ce1eb4eb11c0857e1bc0","9b143a7bd0d921f87f287e14501e392e01b8e208077f154fb4aecef733f344d5","0x80017DF0","structural"
"0x800179f0",,,"1","1","81","1","0","1","0","0","0","direct_call","direct_call","22fd149a75ac5c523770a9ce265e7aa63e47d8dd9e366c412f506010d41544d5","22fd149a75ac5c523770a9ce265e7aa63e47d8dd9e366c412f506010d41544d5","3e33b5277532eb47a4153114305ce8591b7b09fda1a1b66c1e0ea6060a9c2068","0x80017E38","structural"
"0x80017b34",,,"1","1","68","0","2","1","0","0","0","prologue_only","prologue_only","423155fa9cea095c88b800f0428944432b854bd4b3dde0814234504a18f9ba65","423155fa9cea095c88b800f0428944432b854bd4b3dde0814234504a18f9ba65","0d44e1b4a86fdefdd1e79ec138a78a73bf7b2f0c7b4ac793100c1c00eaa04f70","0x80017F7C","structural"
"0x80017c90",,,"1","1","78","2","1","1","0","0","0","direct_call","direct_call","fd63869e28daba8043ac7a81ac51f41ddf3d127d641cbedfcb2aec070bc349f8","fd63869e28daba8043ac7a81ac51f41ddf3d127d641cbedfcb2aec070bc349f8","2dbc0be818e98ab45c2d9c35c3af2586334364440511ef5f0c055d774cfd58ce","0x800180D8","structural"
"0x80017dc8",,,"1","1","21","1","1","1","0","0","0","direct_call","direct_call","ee1e15b0f00f2ee73c6998bcd88f191c7d1ef3afe41f9b1f722c8f635da8f192","ee1e15b0f00f2ee73c6998bcd88f191c7d1ef3afe41f9b1f722c8f635da8f192","246570d6d366706b2927ce72e97eda2ea9e764c6a7bad6ec0dfa971674ce4193","0x80018210","structural"
"0x80017e3c",,,"1","1","20","2","0","1","0","0","0","direct_call","direct_call","e21860019330052a01827916c8d3768f2d060a0aa56e2a94194bdad92110f4f5","e21860019330052a01827916c8d3768f2d060a0aa56e2a94194bdad92110f4f5","899544f515eebfdec7eac81504ee27541422d2f2815b07495763cfee2a232e8e","0x80018284","exact"
"0x80017e8c",,,"1","1","8","1","0","1","0","0","0","direct_call","direct_call","3364d1afaad7991b66d0204d131be52eb6f82730847c7c1b845dad65695f4023","3364d1afaad7991b66d0204d131be52eb6f82730847c7c1b845dad65695f4023","b2221873d6b13dbcce2ed656cd0c11d9f41f3d5e63333bcf11827db2d5a5440d","0x800182D4","structural"
"0x80017eac",,,"1","1","36","4","1","1","1","1","0","direct_call+overlay","direct_call+overlay","78f69d34265598a7d91844920f9fad64ecc5d6aac241c8c001bb301fdf221852","78f69d34265598a7d91844920f9fad64ecc5d6aac241c8c001bb301fdf221852","dfea9770af35252c92f8d915ce35e50080319bbf616386441b8b2c0ea6922e97","0x800182F4","structural"
"0x80017f3c",,,"1","1","13","7","1","1","1","1","0","direct_call+overlay","direct_call+overlay","2eb7152dbf51cd7fcaff593eb82a8332847de0aeebccc00f7c61f9ef4e302ade","2eb7152dbf51cd7fcaff593eb82a8332847de0aeebccc00f7c61f9ef4e302ade","f61a088effe4f4f453b2b0bdba1f9850523babcbbeb4493a8c595ada8e6e9501","0x80018384","structural"
"0x80017f70",,,"1","1","13","4","1","1","0","0","0","direct_call","direct_call","62f1c7863d29e9aa4baffbf71dc96393ab058348af709e69587fa8e15375ed42","62f1c7863d29e9aa4baffbf71dc96393ab058348af709e69587fa8e15375ed42","cbd253112dae9d59486e736a81270273e9d3e9ad466dcf607103cf623b35a005","0x800183B8","structural"
"0x80017fa4",,,"1","1","27","1","0","1","0","0","0","direct_call","direct_call","602f4e43652471fb2c0a293f90862d0899378e34beceb3d83521f1db71c31396","602f4e43652471fb2c0a293f90862d0899378e34beceb3d83521f1db71c31396","af0794a02efbed419a6c6e00d5637f21fddd94b999cbe8c10ba5ecc09d1d93e3","0x800183EC","structural"
"0x80018010",,,"1","1","66","1","2","1","0","0","0","direct_call","direct_call","544ae436e6ecc419d291eabeb8a7481b186046bd665379886e5f56f3b1f0ab98","544ae436e6ecc419d291eabeb8a7481b186046bd665379886e5f56f3b1f0ab98","10992a5c11f172d56c22912a622215e2a9b53458ce5972aedba127a48850bf34",,
"0x80018118",,,"1","1","114","1","1","1","0","0","0","direct_call","direct_call","01019f1a40a9f38e0ce11e472152406de4738099aaba2240cf9fe480a38cf9b9","01019f1a40a9f38e0ce11e472152406de4738099aaba2240cf9fe480a38cf9b9","5ce0c1c2db9efe69923144c904f4187fbff281403cd2d17ed80bb75114245542","0x80018560","structural"
"0x800182e0",,,"1","1","145","1","2","1","0","0","0","direct_call","direct_call","3395ed8e1e81c3212372025c9b1d046d362c688df13e071acf257520a3182ddd","3395ed8e1e81c3212372025c9b1d046d362c688df13e071acf257520a3182ddd","c34a4b935d3a1c6766f7bb5f1c9e5d84c006c548c846087d8acfc3838dd763ee","0x80018728","structural"
"0x80018524",,,"1","1","31","1","2","1","0","0","0","direct_call","direct_call","ac0b98ba2ec8d7c212cc2a9d761d7739eb11de4750f8b17a402be71a6d4ac17e","ac0b98ba2ec8d7c212cc2a9d761d7739eb11de4750f8b17a402be71a6d4ac17e","2dd3bf25d4cc04e2eb051c062fbcf3a268c91bf5f001d1f99d0482c1a1c74d74","0x8001896C","structural"
"0x800185a0",,,"1","1","178","1","0","1","0","0","0","direct_call","direct_call","5dc74b8cef958afdd022581029a314caa071b0c3b39ddb2eed056870ca30f8c2","5dc74b8cef958afdd022581029a314caa071b0c3b39ddb2eed056870ca30f8c2","555b7897033e1ef6c2406e48ea711a2433b6ae04fca736bb1b3d4982ef49a546",,
"0x80018868",,,"1","1","30","1","0","1","0","0","0","direct_call","direct_call","12ba1bd3a06a37d0025dd7fe30e6df3c1ee39846903c5f0ee23699058482c5aa","12ba1bd3a06a37d0025dd7fe30e6df3c1ee39846903c5f0ee23699058482c5aa","0ffdbf7720f7a99a92ec01f241d94d857138c7f8021147d9f7a1c6445cb887b4",,
"0x800188e0",,,"1","1","351","1","0","1","0","0","0","direct_call","direct_call","3d556ed2072309b9eb45e9384a054e1ddb1ca3850fd33b881afd7ab3929174c8","3d556ed2072309b9eb45e9384a054e1ddb1ca3850fd33b881afd7ab3929174c8","a0b3c06fd2a4e031aa29f95208317b14392f04848e1947beacdeaafa93e464ae","0x80018D28","structural"
"0x80018e90",,,"1","1","112","2","0","1","0","0","0","direct_call","direct_call","b9f00724c6fb22224f55c091b296ad39a88b8c07e86696d9d877171cd365219e","b9f00724c6fb22224f55c091b296ad39a88b8c07e86696d9d877171cd365219e","ff44ccd64de05e0017ee6dc4b04819fc57516628a5dfada285b29b49aae596ad","0x800192D8","exact"
"0x80019060",,,"1","1","131","1","2","1","0","0","0","direct_call","direct_call","aff740e8a5b3722b71460e66579d28654af8de1db27dd17152d96fd83086ce72","aff740e8a5b3722b71460e66579d28654af8de1db27dd17152d96fd83086ce72","6301e09f21ccb99b5a25f970da04dab76603141571347e3fa9d860b3797c047b","0x800194A8","structural"
"0x8001926c",,,"1","1","19","2","1","1","0","0","0","direct_call","direct_call","751bac98baa294158726c065b4acc33a54ba93fc1e52a90f87a8baa8ae339329","751bac98baa294158726c065b4acc33a54ba93fc1e52a90f87a8baa8ae339329","9007e22b90588014e783148b2a3ed89e869b0869d5f0783af84e2bdb55d6c37d","0x800196B4","structural"
"0x800192b8",,,"1","1","14","4","1","1","0","0","0","direct_call","direct_call","352656aa1ccfd705596022815d085ab902580858f868aa12d085dcc65b905c9f","352656aa1ccfd705596022815d085ab902580858f868aa12d085dcc65b905c9f","844c992665b61fef2ea59fd94ae33243845e612a3cae2e812634b61a6df64b9d","0x80019700","structural"
"0x800192f0",,,"1","1","20","0","1","1","0","1","0","prologue_only","overlay","ba28c9da0204aac09a89e4c1edc440daf116633b5dcbf4b8cd05c6af1c2d9da9","ba28c9da0204aac09a89e4c1edc440daf116633b5dcbf4b8cd05c6af1c2d9da9","3af1ebe412c8d487bad4ceb4c5915afd84f686b7369e6e349001d2851bfb5eeb",,
"0x80019340",,,"1","1","52","1","2","1","0","0","0","direct_call","direct_call","fd2ef92ac529e8495ff455c53ce4830743f015cd51e4cd255fa8cd8b6ac7680d","fd2ef92ac529e8495ff455c53ce4830743f015cd51e4cd255fa8cd8b6ac7680d","0cab026aee0a72a52e89a5d6c95fcfe95b37db938d5c2450cd8ad5c932f05b93","0x80019738","structural"
"0x80019410",,,"1","1","58","2","1","1","0","0","0","direct_call","direct_call","803164b6c26880a7da27ff3b12a801226403ccfc31ec27ab1b2d616d63e64e59","803164b6c26880a7da27ff3b12a801226403ccfc31ec27ab1b2d616d63e64e59","ab422c150a3b3986f07a6b38093b8bed2a45c020add8b0dfb438f568c8846c16",,
"0x800194f8",,,"1","1","13","3","1","1","0","0","0","direct_call","direct_call","2f172dc7337efda2aef144ee665f4936fd8cd46bd3d84220becedee1bc2da528","2f172dc7337efda2aef144ee665f4936fd8cd46bd3d84220becedee1bc2da528","7cad08b55dc7c52a97fb10d0fb8f9860da96ba97066f5be0ca3c1ca12dbd0338","0x800198C0","structural"
"0x8001952c",,,"1","1","56","1","0","1","0","0","0","direct_call","direct_call","16e76d8850a280e0911b75ae37fc187203b1f58280494b44fce93e76990d0452","16e76d8850a280e0911b75ae37fc187203b1f58280494b44fce93e76990d0452","bef5b29d15dd7dcacb3be64ebeab00df27e0e17119230db1f02c9e66e8dc5a8e",,
"0x8001960c",,,"1","1","103","3","4","1","0","0","0","direct_call","direct_call","7b0d2e00b08ae7db855e1ef48ba4552909455b21e10e321d1fd0e6b22232d776","7b0d2e00b08ae7db855e1ef48ba4552909455b21e10e321d1fd0e6b22232d776","24ab195c8464825a26d7c159f0f11f4127a25dfe4e5d25981a3b408a6300b3c1","0x800199D0","structural"
"0x800197a8",,,"1","1","10","2","0","1","1","1","0","direct_call+overlay","direct_call+overlay","8dfb10240e6cbeaaf733a1c015359f45766f2ed55f0f852fe2e132e47d647e34","8dfb10240e6cbeaaf733a1c015359f45766f2ed55f0f852fe2e132e47d647e34","2714def3937fc3a4c66b7f94a3bfe677bd2bc6b1282d0f4ad8dc52287bb71546",,
"0x800197d0",,,"1","1","28","8","0","1","0","0","0","direct_call","direct_call","fdde41f7fd0d66094e5faaf87d0d395a7198482a95a3bd5469c149f5840d64a9","fdde41f7fd0d66094e5faaf87d0d395a7198482a95a3bd5469c149f5840d64a9","1e9e3c62eac90592282e6997434a089040b37133ba3e2d08ee42d9d3e0b4fc7a","0x80019B94","structural"
"0x80019840",,,"1","1","3","1","0","1","0","0","0","direct_call","direct_call","ccebcfce3544ced5a2b6ff42d494f49f17cbeb0bcf4ea1b1c2698f2b52535abe","ccebcfce3544ced5a2b6ff42d494f49f17cbeb0bcf4ea1b1c2698f2b52535abe","07d19ed5397803d3b3287f83764d14af71561a21cebfa8dc2c1ddd0baaaf3ac2",,
"0x8001984c",,,"1","1","954","1","12","1","0","0","0","direct_call","direct_call","2d6a37f2dc2df8f34d4fbfb69bb2e4b4f5bed1957ce89e0933e515ac9c9d883f","2d6a37f2dc2df8f34d4fbfb69bb2e4b4f5bed1957ce89e0933e515ac9c9d883f","9ce3b727e20e65b556307c043dd8d5b584a821b3e1b7ad140cee3b67ea3f94fa",,
"0x8001a734",,,"1","1","3","1","0","1","1","1","0","direct_call+overlay","direct_call+overlay","b0651fced13b088c194de201aa476cecc8ef6c5b9eec0488d70a7a1af0cb1e90","b0651fced13b088c194de201aa476cecc8ef6c5b9eec0488d70a7a1af0cb1e90","07d19ed5397803d3b3287f83764d14af71561a21cebfa8dc2c1ddd0baaaf3ac2",,
"0x8001a740",,,"1","1","31","1","1","1","0","0","0","direct_call","direct_call","098bde605abd1069d4f2c4a4e3cef9d68c5a52021a11e5be0178fc6e28cc1dd6","098bde605abd1069d4f2c4a4e3cef9d68c5a52021a11e5be0178fc6e28cc1dd6","612e9a58e783e66903302567a5f8a25fd47e80a32772c686629e9c3efab410ad","0x8001AAA8","structural"
"0x8001a7bc",,,"1","1","59","3","1","1","0","0","0","direct_call","direct_call","edae4474c417aadda6e83dd92849766f651f140e80dfc53c3836a718eee6a15c","edae4474c417aadda6e83dd92849766f651f140e80dfc53c3836a718eee6a15c","e8d976ac18958ae25ab2b75ece5b5ea65bd38c0c0a76ae1eb6f5ef5fda4f40af","0x8001AB24","structural"
"0x8001a8a8",,,"1","1","109","2","2","1","0","0","0","direct_call","direct_call","3d2db80349853f827083fabb17227bc65eb1309f5b6e4d40939f57278cf77495","3d2db80349853f827083fabb17227bc65eb1309f5b6e4d40939f57278cf77495","a7391b3f5f31fbca0931a7928914773cfd5f0b0755dcd511a56872db8f27ee71","0x8001AC10","structural"
"0x8001aa5c",,,"1","1","30","3","0","1","0","0","0","direct_call","direct_call","12ba1bd3a06a37d0025dd7fe30e6df3c1ee39846903c5f0ee23699058482c5aa","12ba1bd3a06a37d0025dd7fe30e6df3c1ee39846903c5f0ee23699058482c5aa","0ffdbf7720f7a99a92ec01f241d94d857138c7f8021147d9f7a1c6445cb887b4",,
"0x8001aad4",,,"1","1","5","1","0","1","0","0","0","direct_call","direct_call","853f70f29b1e0f8664d05fe0d00a0c5f9ddc439d3b009c760a02f599b6d588fb","853f70f29b1e0f8664d05fe0d00a0c5f9ddc439d3b009c760a02f599b6d588fb","d5d3df3260b875d2c1afd534edc06c23a73b9ce475368613b1574e369353f46c","0x8001AE3C","exact"
"0x8001aae8",,,"1","1","175","1","0","1","0","0","0","direct_call","direct_call","7b37f9440be0f787ed987f11ca7b3e38d4026a56f3e7e307af82fe7e0a49e877","7b37f9440be0f787ed987f11ca7b3e38d4026a56f3e7e307af82fe7e0a49e877","3fd6df05d2ebf2dc59249c072e4770313cfc620f8a335b9629b1a7ea0cc1c3e5",,
"0x8001ada4",,,"1","1","319","1","1","1","0","0","0","direct_call","direct_call","fdf50ba2a847abe55b939323ab1c22b19f64730870e3c99325022ce962132bdb","fdf50ba2a847abe55b939323ab1c22b19f64730870e3c99325022ce962132bdb","db3334daf54951e3808b84f17335da0b76409f2ddcdfa1aa34263e5191b3e899",,
"0x8001b338",,,"1","1","18","2","0","1","1","1","0","direct_call+overlay","direct_call+overlay","d5a572fac17add0f967680d4ec8f7ef0d9f8e59b20c61adab046cb2c9e98f969","d5a572fac17add0f967680d4ec8f7ef0d9f8e59b20c61adab046cb2c9e98f969","a23f0a12b25451bdb42c16c9b5cd861807d1302298ea9f8f1f23b7511b039152","0x8001B94C","exact"
"0x8001b380",,,"1","1","175","1","0","1","0","0","0","direct_call","direct_call","b9a28387065628e7b47b8f47cc90dbc3e5af26b3cf6c6db48d84f60b095b7d01","b9a28387065628e7b47b8f47cc90dbc3e5af26b3cf6c6db48d84f60b095b7d01","3fd6df05d2ebf2dc59249c072e4770313cfc620f8a335b9629b1a7ea0cc1c3e5",,
"0x8001b63c",,,"1","1","248","1","1","1","0","0","0","direct_call","direct_call","fac8123f07b375d579db14c0eba9b5a5b9e045664b4903160a7cd1c72f096360","fac8123f07b375d579db14c0eba9b5a5b9e045664b4903160a7cd1c72f096360","9ae928b13109db641f33569ed92eb1ab4eb2874949fb7874bb03a95542cf6de6",,
"0x8001ba68",,,"1","1","79","3","0","1","0","0","0","direct_call","direct_call","2ac0807aa4a9ca0dcb56fbb6dea6b19a47482c612821b753130a9b8c03336454","2ac0807aa4a9ca0dcb56fbb6dea6b19a47482c612821b753130a9b8c03336454","441b54ad16e87ac880c727a9b8b86a2018100289dab4d4f1c0c410ee72d903f2","0x8001C0B0","structural"
"0x8001bba4",,,"1","1","146","1","0","1","0","0","0","direct_call","direct_call","c9a966d9de5c306144d58ed729a7c91879850f32c72d2564069f6a537092ce8d","c9a966d9de5c306144d58ed729a7c91879850f32c72d2564069f6a537092ce8d","3e5bba88aee176434c993d8769b2eb70de63b8fcd659661f18d32932d19a10c1","0x8001C1EC","structural"
"0x8001be08",,,"1","1","121","1","2","1","0","0","0","direct_call","direct_call","d0868926def2100a30236ed7de9d52fa5accfcc01a79bb2531ccef637a8d33d3","d0868926def2100a30236ed7de9d52fa5accfcc01a79bb2531ccef637a8d33d3","c0ec8bb44eda79396688adfaec2ab40dabce71b1645f252f3722ccdd5114a500","0x8001C450","structural"
"0x8001bfec",,,"1","1","158","1","2","1","0","0","0","direct_call","direct_call","b78f4f6c097d15a9796ffd46763244bcbb3556bc8a0ae4e0ca94a7fd68bcfed6","b78f4f6c097d15a9796ffd46763244bcbb3556bc8a0ae4e0ca94a7fd68bcfed6","9d96d8c33ca95e620c45f7be6848cf269018446b8f425e3ae6dc196d123212eb","0x8001C634","structural"
"0x8001c264",,,"1","1","163","1","0","1","0","0","0","direct_call","direct_call","ba0d8f32d4fec46b414795b26e23a0032fd64a781dac694a6ce2fd026c481dfd","ba0d8f32d4fec46b414795b26e23a0032fd64a781dac694a6ce2fd026c481dfd","988ba4fcac7abc4f2b0392f436cb64c46701bf0c0be0b06dd23dd780e528d907","0x8001C8AC","structural"
"0x8001c4f4",,,"1","1","152","1","1","1","0","0","0","direct_call","direct_call","8f9c608bf10e272d8f7c75149dddae03d089979d63652325a4b16808ba05d181","8f9c608bf10e272d8f7c75149dddae03d089979d63652325a4b16808ba05d181","869a151f9e8825129064d1e2b60ce366b0fe57d322b64662179ffdb859c0eb69","0x8001CB3C","structural"
"0x8001c758",,,"1","1","40","1","1","1","0","0","0","direct_call","direct_call","b4b31ce4e50b18a6de5542b5311bb6c62e230df14c84db863b8802126c137f63","b4b31ce4e50b18a6de5542b5311bb6c62e230df14c84db863b8802126c137f63","71e1817ad6d955324e61609733d4875f0546a33ab8c45a46738305e788dae675","0x8001CDA0","structural"
"0x8001c7f8",,,"1","1","12","2","0","1","0","0","0","direct_call","direct_call","f2c1906541d681d911b25d3236ba49d0543343ebe32bab4fbe9203013dd95509","f2c1906541d681d911b25d3236ba49d0543343ebe32bab4fbe9203013dd95509","a70193455bcac334b2df26dec8fb4060239510ddde9b467d40cb3aa1f53f181b","0x8001CE40","structural"
"0x8001c828",,,"1","1","594","1","10","1","0","0","0","direct_call","direct_call","fb5d31011a13e65399b62ec2c826f555ec496c93291bea9002a9fce9fd94b1bd","fb5d31011a13e65399b62ec2c826f555ec496c93291bea9002a9fce9fd94b1bd","e1a2f4637bc176a82972ddbec158e27c573cf6d9981430a859b233a1af62ed9c",,
"0x8001d17c",,,"1","1","6","2","0","0","0","0","0","direct_call","direct_call","748405c6ecacb08694b8d86829f4adaffb2fe280221f5501c538f39e6bd99456","748405c6ecacb08694b8d86829f4adaffb2fe280221f5501c538f39e6bd99456","1f5b49f2f30272e9c65aae3d7171721af1fbd1ad4fdf865bfc06b996f57fe31c",,
"0x8001d194",,,"1","1","113","1","0","1","0","0","0","direct_call","direct_call","5badc6eb5cf1d0fb83f5d824a6f4a544e0aea15f13eb383161ed7e5207e3f761","5badc6eb5cf1d0fb83f5d824a6f4a544e0aea15f13eb383161ed7e5207e3f761","de44afa5a294183a0174b8032c436fd4ae09d2a5de7aaa72bf149f4765fb789e",,
"0x8001d358",,,"1","1","109","3","0","1","0","0","0","direct_call","direct_call","b7e5cd298606b6bfa29e9f32d252be6222567022c22cbbaf015a30ca76d9025b","b7e5cd298606b6bfa29e9f32d252be6222567022c22cbbaf015a30ca76d9025b","bb0be86cb1194263f3fce7bac143f007d17dea8ca02f7d61eec4ff54064eafe8",,
"0x8001d50c",,,"1","1","56","4","0","1","0","0","0","direct_call","direct_call","ca47296dded52679c458ecd03070d8f91555e97f3b3947237e0dfc94a4a02279","ca47296dded52679c458ecd03070d8f91555e97f3b3947237e0dfc94a4a02279","28d9d5585e1699a0b49dded148ba498d046806407d501aefef92d99e640fd318","0x8001DB40","structural"
"0x8001d5ec",,,"1","1","18","2","0","1","0","0","0","direct_call","direct_call","f2a4dcb1f85cdd8d32975b70bef8b3806afc288dbd528edd9ba7fe56ce7b506d","f2a4dcb1f85cdd8d32975b70bef8b3806afc288dbd528edd9ba7fe56ce7b506d","c033002c75ce66277fde3152210f5a2f369b48a55c6ec124430814626512f2d7","0x8001DC20","exact"
"0x8001d634",,,"1","1","39","1","0","1","0","0","0","direct_call","direct_call","8906e45eb434d5086b78502f4b10280b8e2eee751527e7878cc40bec7be54b18","8906e45eb434d5086b78502f4b10280b8e2eee751527e7878cc40bec7be54b18","6b7e18a6ad6c493610872d49ed548d6e8bde7249fb9c3545441a54d4891e36e6","0x8001DC68","exact"
"0x8001d6d0",,,"1","1","11","3","0","0","0","0","0","direct_call","direct_call","2fd1272c580e8a5643aa35e4f922cbdddc3fbb44f0d8ab6935371fcce1098079","2fd1272c580e8a5643aa35e4f922cbdddc3fbb44f0d8ab6935371fcce1098079","dec561ef84f60e8bc3469a129fc9f4946849107c9e89f85532f4baa74e7ba937","0x8001DD04","exact"
"0x8001d6fc",,,"1","1","35","0","0","0","0","0","0","prologue_only","prologue_only","eda3dff4098de96a015a9f30616798456d7d9188eca648f645b0342e30a8595b","eda3dff4098de96a015a9f30616798456d7d9188eca648f645b0342e30a8595b","2b8e1b59befd097ae6afcb9aad2fea09364eff16c38f53aaa2d85dd95d7e0416","0x8001DD30","structural"
"0x8001d788",,,"1","1","68","0","1","1","0","0","0","prologue_only","prologue_only","2200bdb9b7d2659e194cf25e0a43b0a6938070cce4ca42135c1f94b825f43e2f","2200bdb9b7d2659e194cf25e0a43b0a6938070cce4ca42135c1f94b825f43e2f","c5729d63ea85b48a23a1339144acff3671bd29520a74d58c63316138a0c2b464","0x8001DDBC","structural"
"0x8001d898",,,"1","1","32","1","0","0","0","0","0","direct_call","direct_call","0e856bacbdf0d873397e25e9756107d40e1d9c4c2e5f80b01330f101408516f5","0e856bacbdf0d873397e25e9756107d40e1d9c4c2e5f80b01330f101408516f5","4683499dcf784cd9ac49e82dce6eb1a0439bec2c590afd7805963dadf8c1d107","0x8001DECC","exact"
"0x8001d918",,,"1","1","32","0","1","0","0","0","0","prologue_only","prologue_only","92df14fce1d1e36bd68a6ce1bf4ab356c21845bdf5aed8bff8c6cff4e08f3567","92df14fce1d1e36bd68a6ce1bf4ab356c21845bdf5aed8bff8c6cff4e08f3567","f26b6f3a30f34573b8eb2b9d1cdffff9bce73cf60e06d363648b9e4abd892bec","0x8001DF4C","structural"
"0x8001d998",,,"1","1","32","0","1","0","0","0","0","prologue_only","prologue_only","16ecb49587c281fa8e5f86ef04bddea9faa86c9dffc7900a4a2fe6896d221706","16ecb49587c281fa8e5f86ef04bddea9faa86c9dffc7900a4a2fe6896d221706","565a5c0013017cd5becec32cfe2759832b145b88a1f251f96c7a99ede1c1b667","0x8001DFCC","structural"
"0x8001da18",,,"1","1","12","0","1","1","0","0","0","prologue_only","prologue_only","c57c4218ec7741b5c6bc4f5ae31c259eede4e3c7ca668943f6e567f35d664a75","c57c4218ec7741b5c6bc4f5ae31c259eede4e3c7ca668943f6e567f35d664a75","252c88dbc7c712cfda95e7ed9b48be9dcdd00f52601d210401e08a27820e2e01","0x8001E04C","structural"
"0x8001da48",,,"1","1","1069","1","4","0","0","0","0","direct_call","direct_call","793f0ce6e7709df173ec9f8e0902a4d73b2ac5af909e928004da77176265b730","793f0ce6e7709df173ec9f8e0902a4d73b2ac5af909e928004da77176265b730","45fb1105bc804c0a5cd2332927ff59b9a91ffbe3947f3b0f9ac921d8fd02904d",,
"0x8001eafc",,,"1","1","428","1","4","1","0","0","0","direct_call","direct_call","835e3f540ac3d5f9f37700f5ca1e6aa56393bf02911fe2151d16a30ee393d0fb","835e3f540ac3d5f9f37700f5ca1e6aa56393bf02911fe2151d16a30ee393d0fb","aba1766d1d6fcb9b67f904ce34b892446b996205dbfe7c758abf4ce87d752eda",,
"0x8001f264",,,"1","1","31","2","0","1","0","0","0","direct_call","direct_call","f129f2d3ab44c3727c8340aa43fe1505becba77ae227e9b30ef3d1226d2797ac","f129f2d3ab44c3727c8340aa43fe1505becba77ae227e9b30ef3d1226d2797ac","fe3b28ba06ca63e884ad024636135901fd704853e8b5a07af8f5a94593589503",,
"0x8001f2e0",,,"1","1","71","1","1","1","0","0","0","direct_call","direct_call","2d43a9675ea7e0c24686ff72cf6e55970dc170a1b67924556aed3c6ebc24c346","2d43a9675ea7e0c24686ff72cf6e55970dc170a1b67924556aed3c6ebc24c346","bc7ef3057e07d22c641f1cc20dce127ad3bee2a93c938a69695b38257db934c5",,
"0x8001f404",,,"1","1","33","1","0","1","0","0","0","direct_call","direct_call","31b46b1ea815929bea4f73856a88e84e7beeb2cc0b43cd575b896e4ac618919d","31b46b1ea815929bea4f73856a88e84e7beeb2cc0b43cd575b896e4ac618919d","2ab59399f1cc3c251aafce3cab2646dff60f871835dbb7856763e1cae2602a42","0x8001FAFC","exact"
"0x8001f498",,,"1","1","100","2","0","1","0","0","0","direct_call","direct_call","6a66b7fada27e425d19ccdba6f65c802504223822407ffa6bba335aeb1f17862","6a66b7fada27e425d19ccdba6f65c802504223822407ffa6bba335aeb1f17862","771ecbaa93d09fe91aba7fd7f50e22cfbaa841d2e564ad64c5468c41d38c0795","0x8001FB90","exact"
"0x8001f640",,,"1","1","88","1","1","1","0","0","0","direct_call","direct_call","cc8c21995818c7c5f53913f7d0d7bb63fff5a91650b080409369c0b80bec86ac","cc8c21995818c7c5f53913f7d0d7bb63fff5a91650b080409369c0b80bec86ac","0ccafa14599857b5cd2281a44937184af7d8f5544007f906b3b0bc16cb516589",,
"0x8001f7c4",,,"1","1","900","2","3","1","0","0","0","direct_call","direct_call","a95f35b2153a03f087465a8da37df0843b100c51573d4a797a515686bb9515b9","a95f35b2153a03f087465a8da37df0843b100c51573d4a797a515686bb9515b9","2ac1a7799fd020cbc0c4ea52891400550008164dc2e1f2906cb012d1e8236506",,
"0x800205e4",,,"1","1","76","1","0","1","0","0","0","direct_call","direct_call","d8d213e149684cd4c9914c3650f2414bffad87cecba2d72a3e93c4f842ab5b0c","d8d213e149684cd4c9914c3650f2414bffad87cecba2d72a3e93c4f842ab5b0c","4f55e8af91075033e709774730e251115a51c1768f888d6b27507a8ffe2e0073","0x80020E6C","structural"
"0x80020714",,,"1","1","66","1","0","1","0","0","0","direct_call","direct_call","a28182d59a671fd7bc0a3091ffd7f05cdc801f1389dde2f66cc3b78e363244c3","a28182d59a671fd7bc0a3091ffd7f05cdc801f1389dde2f66cc3b78e363244c3","1b09dd453cafa3214102579048bca0b2fb536e7500f55dba2754e87afcc178cc",,
"0x8002081c",,,"1","1","85","1","0","1","0","0","0","direct_call","direct_call","eb1bd7963ff8107a48e5c58531e4925d20370361212551b3bd8fbfcfb0d99d5c","eb1bd7963ff8107a48e5c58531e4925d20370361212551b3bd8fbfcfb0d99d5c","e685bdcff81581ad3089e6f6f9e239b06eb73047412dc54c3175dd5571ac1a07",,
"0x80020970",,,"1","1","197","2","0","1","0","0","0","direct_call","direct_call","50076b7bfa59ca806150671ba31272112aec6a66b018af164e09e57730925d2c","50076b7bfa59ca806150671ba31272112aec6a66b018af164e09e57730925d2c","336be6069c94fc713f945873d7d3b6a8650d579a364ad9d39cacafa859d4a191",,
"0x80020c84",,,"1","1","112","1","0","1","0","0","0","direct_call","direct_call","d996707f4343a53d497a5c47abcaf0829f6ee9c7ff96f1b02d6ddb1d51de5cde","d996707f4343a53d497a5c47abcaf0829f6ee9c7ff96f1b02d6ddb1d51de5cde","6d91b7849f0f61e81afa17266894a94c123ba0fe33b016ce105ee8f38bcb856d","0x800213C8","structural"
"0x80020e44",,,"1","1","330","3","1","1","0","0","0","direct_call","direct_call","9a53328114f1c889199e4b724adb3182af8f6add911598582269f92d423a8a39","9a53328114f1c889199e4b724adb3182af8f6add911598582269f92d423a8a39","47215a6f1c7ec0affb057811c04ddd5ba801ba2b3d7b491cc11d9fbfaaabc828",,
"0x8002137c",,,"1","1","34","1","0","1","0","0","0","direct_call","direct_call","32f02778782c04a76b85af69a9331459708d4447e0eb9a85dd830485cb655bc8","32f02778782c04a76b85af69a9331459708d4447e0eb9a85dd830485cb655bc8","f5459364440ccf4ce4e3b578d335e9fbded485c7a5d92d725d13450d00f41fa8",,
"0x80021404",,,"1","1","47","6","2","1","0","0","0","direct_call","direct_call","66313df1656b3684bf2c3d9139994d0121c8db6a6c59fd09bb87f98600b2ab97","66313df1656b3684bf2c3d9139994d0121c8db6a6c59fd09bb87f98600b2ab97","b3f1639124e3986ea910501008607d6d583e4bb587124b503021eeeb373afd70","0x80021BA8","structural"
"0x800214c0",,,"1","1","30","1","4","1","0","0","0","direct_call","direct_call","7cb0fb32f99c282be11d0c8b2e0bcbe5748d50e87cc24bbce0a992bc0908924f","7cb0fb32f99c282be11d0c8b2e0bcbe5748d50e87cc24bbce0a992bc0908924f","bf99da4510cbbed9a28cdb53586be548cde2c09d3f023a56a4ebeda63a444c0d","0x80021C64","structural"
"0x80021538",,,"1","1","45","1","4","1","0","0","0","direct_call","direct_call","eb25c4f6df7bb8105f6822f4073b37e29930660f22fbf349c6806aa74a678443","eb25c4f6df7bb8105f6822f4073b37e29930660f22fbf349c6806aa74a678443","7e8df1edb82aae8e5540f6111266bc9eddf1fb72ef109ab8473eca3c57bc66bb","0x80021CDC","structural"
"0x800215ec",,,"1","1","55","2","3","1","0","0","0","direct_call","direct_call","99c5df27519a6df99baf20d0181573e2256e53551a44af5388b670e0cea79401","99c5df27519a6df99baf20d0181573e2256e53551a44af5388b670e0cea79401","c078f6fadaafd40dbd9d1ccb54d95939923472510098ed12502ac37da2954773","0x80021D90","structural"
"0x800216c8",,,"1","1","46","2","3","1","0","0","0","direct_call","direct_call","e99a23969b1f88f05efb5a3e9a0810dd7df4ccfe3b3d2d8e92632ea9d478be6c","e99a23969b1f88f05efb5a3e9a0810dd7df4ccfe3b3d2d8e92632ea9d478be6c","b7518eb5eb70e35d9d531a30c7e21ce07e981757005572ae7f4893602e0e3ff2","0x80021E6C","structural"
"0x80021780",,,"1","1","11","2","1","1","0","0","0","direct_call","direct_call","1c4b03c0d8e042486ad333fa1ddeeb7b9f73d608206f783e992523823abc5c22","1c4b03c0d8e042486ad333fa1ddeeb7b9f73d608206f783e992523823abc5c22","2c8691e8369a3cd6e7318537935461762eee744c9defd154a29a8fa9a3b28f03","0x80021F24","structural"
"0x800217ac",,,"1","1","5","1","0","1","1","1","0","direct_call+overlay","direct_call+overlay","8d58c8d9ddd66645beb7c72d7eef0815cbf3d6c15fbc9d93c59018626c1fb34d","8d58c8d9ddd66645beb7c72d7eef0815cbf3d6c15fbc9d93c59018626c1fb34d","83c2d9abef6a0e362e78abf8a024d36e035e2f4d2ab77ca15ff15d5ff250b4f5","0x80021F50","structural"
"0x800217c0",,,"1","1","9","2","1","1","0","0","0","direct_call","direct_call","8f6973de1ab9ab21ad0414fd800f1147fe387c6ab5eee851c74cda6170d29667","8f6973de1ab9ab21ad0414fd800f1147fe387c6ab5eee851c74cda6170d29667","0bd42e58d4fbdb43df7b41a4f584f6eb460239b9c74bb90b661b3820b62ce918","0x80021F64","structural"
"0x800217e4",,,"1","1","8","5","0","1","0","0","0","direct_call","direct_call","a5e3696e44237762520251b31d86f1be95c4de224c7b7413d0f217ac5d4ce26a","a5e3696e44237762520251b31d86f1be95c4de224c7b7413d0f217ac5d4ce26a","b406abd850244c18f230962f7fcea89fef83ce7f6b1e7e8b82d589e57e258d7a","0x80021F88","structural"
"0x80021804",,,"1","1","19","2","0","1","0","0","0","direct_call","direct_call","0a4c100aa323ede00f2ec82708ed185d39ea59697d4211caa503bf15fb96de9f","0a4c100aa323ede00f2ec82708ed185d39ea59697d4211caa503bf15fb96de9f","6789f0fb438ff433f35e99d744afe708de55669d078dad3e128e5622d48f4859","0x80021FA8","structural"
"0x80021850",,,"1","1","18","1","4","1","0","0","0","direct_call","direct_call","f229b38b1a03bf590e571f7062f1c777cc8bf60159948c969497c1c2da328c16","f229b38b1a03bf590e571f7062f1c777cc8bf60159948c969497c1c2da328c16","e1b4dd5938543a8a0fc82bd4d57b85cef64941b681419a534183128632ad41f1","0x80021FF4","structural"
"0x80021898",,,"1","1","551","5","4","1","0","0","0","direct_call","direct_call","f3ef94840433f969c2b4ceee500c0f5730bbe7266bf06d6e8fc0be09373d3bf1","f3ef94840433f969c2b4ceee500c0f5730bbe7266bf06d6e8fc0be09373d3bf1","7f735fd943865c40ed6d2fd15054873cc250aaa315a9bec17764de8d6309fcb1","0x8002203C","structural"
"0x80022134","Input_Update","strong","1","1","98","1","1","1","0","0","0","direct_call","direct_call","a024e1f8c1a6b3198558e96cb23050336e5ad0d3aeaa9c7c18a7a8fbf1fab4f0","a024e1f8c1a6b3198558e96cb23050336e5ad0d3aeaa9c7c18a7a8fbf1fab4f0","6993b35b1164a1fc8403b8f9a75e5c546fdd04b623192936f1df6b1c24152d73","0x800228D8","structural"
"0x800222bc",,,"1","1","14","9","0","1","1","1","0","direct_call+overlay","direct_call+overlay","660f0ccf33384ca15e41c02535e94caf6c274df44503936a6773a30e6e445daa","660f0ccf33384ca15e41c02535e94caf6c274df44503936a6773a30e6e445daa","23bf436accdb1a7c6a2864699988f6355df22c892d0a7abfbe5587c4fcffe985","0x80022A60","structural"
"0x800222f4",,,"1","1","77","1","1","1","0","0","0","direct_call","direct_call","eb29281a19fe1314e6244dfd93acd611de0e5f889a7bc98610dcac6dc5114888","eb29281a19fe1314e6244dfd93acd611de0e5f889a7bc98610dcac6dc5114888","d4f00a2bf52aabcf645135e0fa323fcb237b41b522bc2a97d53ee31554c58c6f","0x80022A98","structural"
"0x80022428",,,"1","1","87","17","1","1","1","1","0","direct_call+overlay","direct_call+overlay","27c54a6b7fe6dea4dac6617c43c83f5eb3f93421f271b4e3cac94574718e804a","27c54a6b7fe6dea4dac6617c43c83f5eb3f93421f271b4e3cac94574718e804a","7dbd15902b5f08bf5a40201e29403ee85815c2ee6bd010f1c5f9d43809b6872f","0x80022BCC","structural"
"0x8002258c",,,"1","1","69","0","0","1","0","0","0","prologue_only","prologue_only","e026411fad36fa5e737184b4c1d741100e7da7f170afd3ea72f7d76d14d3aca0","e026411fad36fa5e737184b4c1d741100e7da7f170afd3ea72f7d76d14d3aca0","5bada4c8bc4ec3bf8f55f7b89fb9e0b765b7f6986906d1f0788ffdbecc7a42cb","0x80022D30","structural"
"0x800226a0",,,"1","1","13","1","1","1","0","0","0","direct_call","direct_call","700ece3b523da9aad8e7e8dfcaae9f2460a14815dc146ffc1973aabb2ca2a3d0","700ece3b523da9aad8e7e8dfcaae9f2460a14815dc146ffc1973aabb2ca2a3d0","0883870191b58361653acd5b0a9a9a5588a91f93e3333131f2af3e5c8de182b2","0x80022E44","structural"
"0x800226d4",,,"1","1","42","3","1","1","1","1","0","direct_call+overlay","direct_call+overlay","7297c0cbc614b0a3a3c6c4ed6a4ce90f7944c7953de53a7dea5cb6750fc947c8","7297c0cbc614b0a3a3c6c4ed6a4ce90f7944c7953de53a7dea5cb6750fc947c8","e2cb81cfa99c1e08aaaa7cc5ba12ec1e5c7448f8a1251f8518238346159d6dd3","0x80022E78","structural"
"0x8002277c",,,"1","1","38","4","0","1","1","1","0","direct_call+overlay","direct_call+overlay","f5ed4eac5eb2d9171a03ed9090795eba66a8526e7c2d742a1c61beb915e57ded","f5ed4eac5eb2d9171a03ed9090795eba66a8526e7c2d742a1c61beb915e57ded","9cb0c7a2f8ae3b7f9312394eb9dcb4e0208d6ce223fbf8cf9434324244ad4633","0x80022F20","structural"
"0x80022814",,,"1","1","5","2","0","1","1","1","0","direct_call+overlay","direct_call+overlay","c243d67a3e20ee52e2869fd46d589b4fb4f584b98b45a63b6eefe59afeb042c1","c243d67a3e20ee52e2869fd46d589b4fb4f584b98b45a63b6eefe59afeb042c1","49dfa0baea0d41d938e5df4bf39677e144f5056509b4337d04516a898be348bd","0x80022FB8","structural"
"0x80022828",,,"1","1","12","1","2","1","0","0","0","direct_call","direct_call","c7fbd7ff35acd9b8f1ea0371857436656675103265b8a5e36311a0a104aee4f9","c7fbd7ff35acd9b8f1ea0371857436656675103265b8a5e36311a0a104aee4f9","46dd6c4977f5a204f6f5dbb72b652207943b6434060c604f3009b3e821e7c158","0x80022FCC","structural"
"0x80022858",,,"1","1","33","1","0","1","0","0","0","direct_call","direct_call","d1cb761a8f546e1cb00f74a7a44fa343a83b669967b1527aea93dc5b3a21f062","d1cb761a8f546e1cb00f74a7a44fa343a83b669967b1527aea93dc5b3a21f062","cf8ae69c2135659fc68b8536fff88d8937aceff4004939d585414ec6947f8de8","0x80022FFC","structural"
"0x800228dc",,,"1","1","25","1","3","1","0","0","0","direct_call","direct_call","783af183e7d76e1f1f81c0bdca7f74c5562b6dbbbe6e59eb32d1458d52f783d5","783af183e7d76e1f1f81c0bdca7f74c5562b6dbbbe6e59eb32d1458d52f783d5","1c0de5b24dadab736781d398bec4a889a3c876afa9fd0dbd931b7a78ef545b3b","0x80023080","structural"
"0x80022940",,,"1","1","14","1","0","1","0","0","0","direct_call","direct_call","2e7c4a28ada541a0d3f7656513eefdaea31952b8fdf4ea3f71242be333395803","2e7c4a28ada541a0d3f7656513eefdaea31952b8fdf4ea3f71242be333395803","264f314e3b1c439b0fd51a20f89e539a277275c2d1ec8ddde5baa31f42518022","0x800230E4","exact"
"0x80022978",,,"1","1","40","5","2","1","1","0","0","direct_call+overlay","direct_call","03ffe2c892a38ce045e8078b88527f5346dba6ac1063fdcb04fcbdf071574676","03ffe2c892a38ce045e8078b88527f5346dba6ac1063fdcb04fcbdf071574676","dea6bfead889f9b1bfe42c5db2836d7bdc6d879f281845aa0cb0082de7d83772","0x8002311C","exact"
"0x80022a18",,,"1","1","110","30","4","1","1","1","0","direct_call+overlay","direct_call+overlay","dc2d36de365b2b5c9437d6b5aa186101e6a1983021e235f1ed7a28aca8fd1de4","dc2d36de365b2b5c9437d6b5aa186101e6a1983021e235f1ed7a28aca8fd1de4","4467dfe79aabc7976815b5d5ecd73ea7d06af508fb148b731ac831a87b35ff26","0x800231BC","structural"
"0x80022bd0",,,"1","1","147","1","0","1","0","0","0","direct_call","direct_call","dc5ef93764c2a0fbfc2cccd3875287157f0f3de6ae3c895bc74393407444c7eb","dc5ef93764c2a0fbfc2cccd3875287157f0f3de6ae3c895bc74393407444c7eb","7b9ba966c9fa93fe5bdbfa1d6e631272f28abef1d0b6dad2d7959202351a91c9","0x80023374","structural"
"0x80022e1c",,,"1","1","78","1","1","1","0","0","0","direct_call","direct_call","498a89bc57be5febe297ff97126ed00971a64fb6f9c089602bd32c8d719091db","498a89bc57be5febe297ff97126ed00971a64fb6f9c089602bd32c8d719091db","77e7ce6965c891631649eee6ed1fbe0232f1455a7944476cddde5903673ad92b","0x800235C0","structural"
"0x80022f54",,,"1","1","47","2","3","1","0","0","0","direct_call","direct_call","c07ca8c08e53bb6076aac50b5f018b0f0be725d35d4e0d81152028031bcf2a6b","c07ca8c08e53bb6076aac50b5f018b0f0be725d35d4e0d81152028031bcf2a6b","ec1a028f8f3ecc4f333008b20dff22f796bb08aedf5a5058fbd3e74094bed486","0x800236F8","structural"
"0x80023010",,,"1","1","66","3","3","1","0","0","0","direct_call","direct_call","bf73205b7249dc1b0cc584db1b67ab51b424090add8c978300db8b3fd4e5aca1","bf73205b7249dc1b0cc584db1b67ab51b424090add8c978300db8b3fd4e5aca1","87c8d5c615d28e1dfd0119f5160b6dbf67190ff54c09d92b44175dc1a44cc4b0",,
"0x80023118",,,"1","1","66","2","3","1","0","0","0","direct_call","direct_call","fca87456bff53352d234f1f20606de2f72acf0f508859b4c8c9951858e3a4d47","fca87456bff53352d234f1f20606de2f72acf0f508859b4c8c9951858e3a4d47","87c8d5c615d28e1dfd0119f5160b6dbf67190ff54c09d92b44175dc1a44cc4b0",,
"0x80023220",,,"1","1","34","1","2","1","0","0","0","direct_call","direct_call","ce61d6b49a31c3db8c041218ff660295a33ad32fe614c03bac2cf61e0f5767de","ce61d6b49a31c3db8c041218ff660295a33ad32fe614c03bac2cf61e0f5767de","13c9baf1caa6ec1a20fb2ddded97b5c8c4e0596b3df8976d9a9d2bab0c789d1d","0x800239C4","structural"
"0x800232a8",,,"1","1","25","1","2","1","0","0","0","direct_call","direct_call","6e4cb0af4ed0f1aa04701b6fc480eac8e5537550d8596d505fb6718272f569cf","6e4cb0af4ed0f1aa04701b6fc480eac8e5537550d8596d505fb6718272f569cf","d5b37b8bd57dd57454363dc0817132afc6a761ef0431a95008b3d6a05e240f2f","0x80023A4C","structural"
"0x8002330c",,,"1","1","81","1","2","1","0","0","0","direct_call","direct_call","707f688af06206ef1befb7649999500743101f16c7fea0f6b4ec617fb3f119a2","707f688af06206ef1befb7649999500743101f16c7fea0f6b4ec617fb3f119a2","2fefbc1335e10619719a74bf5d9c807f325ea9e8232a183c8ea14bf943478fc1","0x80023AB0","structural"
"0x80023450",,,"1","1","46","9","2","1","0","0","0","direct_call","direct_call","452b8761fb7dc9e62dd041e29c5e3805f5225c5c33ea3b207c0d7ff6c6768e72","452b8761fb7dc9e62dd041e29c5e3805f5225c5c33ea3b207c0d7ff6c6768e72","ac138828142a7660d58b68e01eb6395239617a567f385659c0fe1f4cdc349736","0x80023BF4","structural"
"0x80023508",,,"1","1","37","1","0","1","0","0","0","direct_call","direct_call","261a1d1abe3c956a66732ab3ae8757f1d1d3e16b8fd2c63e6094d3747bff3854","261a1d1abe3c956a66732ab3ae8757f1d1d3e16b8fd2c63e6094d3747bff3854","610d6d95f5b79b93ca4d2a3eed49ea37a76eafe94014dd7f7648e6781633ebee","0x80023CAC","exact"
"0x8002359c",,,"1","1","26","3","0","1","0","0","0","direct_call","direct_call","8b7f34b09b679e1b3a64fa098f278b90f5420eab989427294f5ac2b3aea2a04f","8b7f34b09b679e1b3a64fa098f278b90f5420eab989427294f5ac2b3aea2a04f","afdebd86c40db6c701134db99b938280e5c1e9f9f12a9263e82c37146158f514","0x80023D40","structural"
"0x80023604",,,"1","1","443","1","1","1","0","0","0","direct_call","direct_call","a7eac32b009262d25d026b6e22396c53888fac30b8c37ea637119cdfc51425b2","a7eac32b009262d25d026b6e22396c53888fac30b8c37ea637119cdfc51425b2","5ff1349f2b2f6acdb9b6698723ba7105ff3ccf72b244916e44d7a1b60e836dbc","0x80023DA8","structural"
"0x80023cf0",,,"1","1","81","1","2","1","0","0","0","direct_call","direct_call","25126a3401e123048e4d51430840effaf0d8302af9d69019402dddb3c57886bf","25126a3401e123048e4d51430840effaf0d8302af9d69019402dddb3c57886bf","2165da846ff4d8e086d616d6eee5dda3e94846915126c27a4f75ed9d5705eecf","0x80024494","structural"
"0x80023e34",,,"1","1","22","1","1","1","0","0","0","direct_call","direct_call","da65fcc3e2b567dea425d2727549e9f97813fcca91c6b963da83553636649f1b","da65fcc3e2b567dea425d2727549e9f97813fcca91c6b963da83553636649f1b","8199469f9d0bcd6ed49867faeb6a4b06e42f2df23be3585dde03c10154d84113","0x800245D8","structural"
"0x80023e8c",,,"1","1","2","2","0","0","0","0","0","direct_call","direct_call","9a948e165a82be3a9e7ab4c963732818229bfb8ce19ab736d582dd1966bf76b7","9a948e165a82be3a9e7ab4c963732818229bfb8ce19ab736d582dd1966bf76b7","ca297ea5f600879c46bfcff9f09ecc979b667a8b55150789ee991086997cf3a2","0x80024630","exact"
"0x80023e94",,,"1","1","12","0","0","1","0","0","0","prologue_only","prologue_only","61341998ffefdca04a1849b978fc5b96664842b84158309d7010acc4afc58e7a","61341998ffefdca04a1849b978fc5b96664842b84158309d7010acc4afc58e7a","2d7714544be009f5deb5afa3dadba82c38334df3536d6af072fd94d22d5f94f8","0x80024638","structural"
"0x80023ec4",,,"1","1","79","2","2","1","0","0","0","direct_call","direct_call","9afc937632fbdecb6b2fc2fbeb13075f92326fd381dc4bd41c8db552d3d3549f","9afc937632fbdecb6b2fc2fbeb13075f92326fd381dc4bd41c8db552d3d3549f","1a70f0b0503a533121bcd1f565db68d0dfb9bf324203e32379326db525f3b58f","0x80024668","structural"
"0x80024000",,,"1","1","37","7","1","1","1","1","0","direct_call+overlay","direct_call+overlay","344866ab9214867b5cb371dab4e9ebf0dff27b8ac9f30e1ea71959629e10967e","344866ab9214867b5cb371dab4e9ebf0dff27b8ac9f30e1ea71959629e10967e","f3a70ebdbc930573111030875d86d3b8ca6b1d1ef0411e8d96160affb29c6384","0x800247A4","structural"
"0x80024094",,,"1","1","23","5","2","1","1","1","0","direct_call+overlay","direct_call+overlay","faf6cdb2689b130a8348f228e728ca3ba1ba0c638885c5dd7776394b97c43e43","faf6cdb2689b130a8348f228e728ca3ba1ba0c638885c5dd7776394b97c43e43","6616aad1665fc6045a56d05a3c8ad0b97760791ed6fdbf47272e8e185091cc4a","0x80024838","structural"
"0x800240f0",,,"1","1","58","3","2","1","0","0","0","direct_call","direct_call","27f8ff1385091db2bce194dd3d8e0b8e7e7341d49ccb1e1e57c6c2d03b6129b9","27f8ff1385091db2bce194dd3d8e0b8e7e7341d49ccb1e1e57c6c2d03b6129b9","7383e017d45a99d50f29c73011a6ec3bd0760923334f0ebbe0f4603a2e4fd55a","0x80024894","structural"
"0x800241d8",,,"1","1","107","6","4","1","1","1","0","direct_call+overlay","direct_call+overlay","a1c09bb3958084b5c0d99757d9ff5bf5f24cc80c700a067c144a8080b3992f22","a1c09bb3958084b5c0d99757d9ff5bf5f24cc80c700a067c144a8080b3992f22","24bc2175f6e3c89a4666bf33250b917b1a6a095aba5f67fb0331e369dbeadc39","0x8002497C","structural"
"0x80024384",,,"1","1","59","2","0","1","0","0","0","direct_call","direct_call","630d92c00347ac7c3d90a5f2c7b0f07ce8e6421586f139763ce1a4193ba48d30","630d92c00347ac7c3d90a5f2c7b0f07ce8e6421586f139763ce1a4193ba48d30","b8ff95458352dc06e9780cbf127d976af2d173fc2ee7bf7e6ea1a0492230df5a","0x80024B28","structural"
"0x80024470",,,"1","1","8","17","1","1","0","0","0","direct_call","direct_call","3e413053d6dc10511592a8df05f7c1dd12d01e0cf22ce1c8ee6e63eea0e1de54","3e413053d6dc10511592a8df05f7c1dd12d01e0cf22ce1c8ee6e63eea0e1de54","43f20be7a8d281c6a1e9bdbb1b33099e779f9a54882e73221fbab3a24c6958ad",,
"0x80024490",,,"1","1","125","6","2","1","0","0","0","direct_call","direct_call","18f6fdfbabf782b17fc579c85fcf4bdb3c55eec39b8dee0abfd9c5f0c25c491a","18f6fdfbabf782b17fc579c85fcf4bdb3c55eec39b8dee0abfd9c5f0c25c491a","dcad9141b77b429d4b84c883f6335daeb2b37ebf963e153b60745865aa81fdb6","0x80024C34","structural"
"0x80024684",,,"1","1","81","5","2","1","0","0","0","direct_call","direct_call","2d7222d5690db88e4b66af1a42f20b256e525d2343240d9d428158a50c1cac40","2d7222d5690db88e4b66af1a42f20b256e525d2343240d9d428158a50c1cac40","da677360baf5bdffe6feabf5c3835de12953155b7396cbffcdbce83926f37e4a",,
"0x800247c8",,,"1","1","56","1","6","1","0","0","0","direct_call","direct_call","d152fe422b9e77e55fc81024871acd947d32d84e19fdf8f7b6d1d4ce54260578","d152fe422b9e77e55fc81024871acd947d32d84e19fdf8f7b6d1d4ce54260578","4e7579fe2cfc5c1763fe93fea36c4fd276f9566413f017ff9f0568647005361e","0x80024F6C","structural"
"0x800248a8",,,"1","1","9","0","1","1","0","0","0","prologue_only","prologue_only","5db8cea3fc2c7e89e84859ea2ac52e90bb715f6051214b903a68228fefc31c6e","5db8cea3fc2c7e89e84859ea2ac52e90bb715f6051214b903a68228fefc31c6e","c52e2c728545d8c2cb62180b3da7c8f02f2cbbf295e264612677afdcd63ba3d7","0x8002504C","structural"
"0x800248cc",,,"1","1","15","6","1","1","0","0","0","direct_call","direct_call","b9d7a355b0b7dd47bedb0e6c8c84244ca58e06732a768d874e76cff3c4c4f9fe","b9d7a355b0b7dd47bedb0e6c8c84244ca58e06732a768d874e76cff3c4c4f9fe","a8044061cc1de92a6eaf5d15f40d46243448d37334239e2c5ef0eec0260475fc",,
"0x80024908",,,"1","1","44","5","3","1","1","1","0","direct_call+overlay","direct_call+overlay","ac01d083ef2f3c75071c04fd926d896d8786d9fadb734070934eb7ed2bbf3dfc","ac01d083ef2f3c75071c04fd926d896d8786d9fadb734070934eb7ed2bbf3dfc","3435bb0de054492935ee36ff0ec74207cbfb131aa1b1f751cf63ae5b6d512123","0x800250AC","structural"
"0x800249b8",,,"1","1","15","1","1","1","0","0","0","direct_call","direct_call","7934541910d5a6ec57a0c9af3339449b2d85c03a11570443d3f516a95167e920","7934541910d5a6ec57a0c9af3339449b2d85c03a11570443d3f516a95167e920","a8044061cc1de92a6eaf5d15f40d46243448d37334239e2c5ef0eec0260475fc",,
"0x800249f4",,,"1","1","198","21","2","1","1","1","0","direct_call+overlay","direct_call+overlay","3c3c57f19ee9dfa83c873e30fe6874c38fa8dd254a2891c7097adfc2a8398325","3c3c57f19ee9dfa83c873e30fe6874c38fa8dd254a2891c7097adfc2a8398325","decda77214c7fc659ea77629de5fed8944c00d2c7220cf1f093a58e8aa24bfa8","0x80025198","structural"
"0x80024d0c",,,"1","1","15","1","1","1","1","1","0","direct_call+overlay","direct_call+overlay","dc0cdc50f4e004002feead01ea82f5bed75da77d8de7b5d7221c76b225a830d0","dc0cdc50f4e004002feead01ea82f5bed75da77d8de7b5d7221c76b225a830d0","a8044061cc1de92a6eaf5d15f40d46243448d37334239e2c5ef0eec0260475fc",,
"0x80024d48",,,"1","1","78","11","2","0","1","1","0","direct_call+overlay","direct_call+overlay","93e8f679b935f665812eb6dda9b764d88da48859bf54be5e3af7f2cc0018dae4","93e8f679b935f665812eb6dda9b764d88da48859bf54be5e3af7f2cc0018dae4","d6adfab94a6b51cd32364b8123bc1dea01d1eff004ea6c7e692696f51050b12d",,
"0x80024e80",,,"1","1","51","1","1","1","0","0","0","direct_call","direct_call","4db2d1f08216b9927c3f7abf29acd6148b4477c305461c976134bf440ccbce58","4db2d1f08216b9927c3f7abf29acd6148b4477c305461c976134bf440ccbce58","5a19fd3aa4140f742f2a5f6f40e93d4bf4dadf48ff53c7c5598473dc23fadaa7",,
"0x80024f4c",,,"1","1","26","1","1","1","0","0","0","direct_call","direct_call","db25b3f435ab14538433213aa8982635fb15f7251140dbeb8a7ffcf97d040d4c","db25b3f435ab14538433213aa8982635fb15f7251140dbeb8a7ffcf97d040d4c","09ae1f8dec58e44732e8a4369fa9102c3e9a59ed6cc834e89fb24d3215cd9e00","0x800256F0","structural"
"0x80024fb4",,,"1","1","20","3","1","1","0","0","0","direct_call","direct_call","4c2a37cf0fa1baff9e16425012467ad30409e8ae062dc8d530f859b209204f3b","4c2a37cf0fa1baff9e16425012467ad30409e8ae062dc8d530f859b209204f3b","e77c2cee78b3625c33bd310c2b9c0ac602294802a7620128db200e60ea1c7572","0x80025758","structural"
"0x80025004",,,"1","1","75","11","2","1","1","1","0","direct_call+overlay","direct_call+overlay","48d66def190aef5314323873d95ee22172fcf68169da7cacc2fd5ddbbd90a801","48d66def190aef5314323873d95ee22172fcf68169da7cacc2fd5ddbbd90a801","4b501d81feffd45fd6aa2bd055089d9fecde8de797e346d81eaf2737040ad18d","0x800257A8","structural"
"0x80025130",,,"1","1","51","28","1","1","1","1","0","direct_call+overlay","direct_call+overlay","f581c094519735021eda489dacec8fdc16b974f122b27380f70b18b2a3a73bf7","f581c094519735021eda489dacec8fdc16b974f122b27380f70b18b2a3a73bf7","107ecf87f8b716e14e360ea4ec9a64304039aa54165568ce1309118bfb3a4eb5","0x800258D4","structural"
"0x800251fc",,,"1","1","15","3","1","1","0","0","0","direct_call","direct_call","5350949e12bb78610054a021ec9509065c0be052b40c35e0414ce88d59ea866b","5350949e12bb78610054a021ec9509065c0be052b40c35e0414ce88d59ea866b","a8044061cc1de92a6eaf5d15f40d46243448d37334239e2c5ef0eec0260475fc",,
"0x80025238",,,"1","1","20","1","1","1","0","0","0","direct_call","direct_call","7d91c64a3528a9a907d28be6744ae886f9d6cb8ddb486b5d2ac5687f75ce10ae","7d91c64a3528a9a907d28be6744ae886f9d6cb8ddb486b5d2ac5687f75ce10ae","b31184ea7b56204868df1de5db4de712fa3fb4135174e550f7fbb887b0af119b","0x800259DC","structural"
"0x80025288",,,"1","1","44","1","1","1","0","0","0","direct_call","direct_call","ee45138e3781b2b02fb9ddaeae043b69f9d749bc2bdc6b5f02844b180797276b","ee45138e3781b2b02fb9ddaeae043b69f9d749bc2bdc6b5f02844b180797276b","04d15a9635f76c173a4cb578f0e8cf2c5bf5cf84c3c75964e884031fa960af30","0x80025A2C","structural"
"0x80025338",,,"1","1","34","1","1","1","0","0","0","direct_call","direct_call","f0a9846c5271e4a7bd791cc6d99e0fb61b78926941a7f51779bff4a52c3e9804","f0a9846c5271e4a7bd791cc6d99e0fb61b78926941a7f51779bff4a52c3e9804","17fa801f761177a9f6fef564b9501bed7c3aac14e1f711f4ef49ca113427d328","0x80025ADC","structural"
"0x800253c0",,,"1","1","111","8","6","1","0","0","0","direct_call","direct_call","61891bc18b87090e13ec9a8bce2bbf9ea7456223a3f25e77d4553b77a22a6fe8","61891bc18b87090e13ec9a8bce2bbf9ea7456223a3f25e77d4553b77a22a6fe8","e44685094b1ca61aa29091c19b60b86d06b41f934e29feb85d29ba8664648cca","0x80025B64","structural"
"0x8002557c",,,"1","1","41","1","2","1","0","0","0","direct_call","direct_call","7186c3cc2aee173c974f8a7271ccd7200e74cbe2be4b1a8cbf193dd807d1de0a","7186c3cc2aee173c974f8a7271ccd7200e74cbe2be4b1a8cbf193dd807d1de0a","909001ddc3258cf014d88ddd800d408d0db42066e7651af54443a9c710623ce9","0x80025D20","structural"
"0x80025620",,,"1","1","36","24","2","1","1","1","0","direct_call+overlay","direct_call+overlay","77a86317a3ae8141c7cbbb9b30c011060ec4dc0c193847aa59199bddaf62c31c","77a86317a3ae8141c7cbbb9b30c011060ec4dc0c193847aa59199bddaf62c31c","da17f458e1307422c10815b84b9305da0c69cc86c5b76ebc4aff1396b3027d94","0x80025DC4","structural"
"0x800256b0",,,"1","1","22","9","2","1","0","0","0","direct_call","direct_call","f1cf0278a33ae0ce4693b9ec08a6d7479698f395ff91711464882bdd631204ec","f1cf0278a33ae0ce4693b9ec08a6d7479698f395ff91711464882bdd631204ec","5fc835ae7147e0adbbcadfe3bfae702457e5a51f3ef3cd27a53c290a4c0a8ab5","0x80025E54","structural"
"0x80025708",,,"1","1","25","6","1","1","1","1","0","direct_call+overlay","direct_call+overlay","05935a4e8af8f31739b22030c15a67c26daef8b180da5c2b2dcf9a933caff739","05935a4e8af8f31739b22030c15a67c26daef8b180da5c2b2dcf9a933caff739","2bb5ec9ef1d2ceae3db381fc7b7817cce42db4297f1a139d637ef98c49e3bc41","0x80025EAC","structural"
"0x8002576c",,,"1","1","53","7","2","1","1","1","0","direct_call+overlay","direct_call+overlay","71989dfcee6a11e9f888e46b4d3cc0d44017f80e18141f1f4164329c94bea941","71989dfcee6a11e9f888e46b4d3cc0d44017f80e18141f1f4164329c94bea941","bf99c5566216d96fb6c98e08e7fcbad08fc0c8b4d38dd2566010fae0f58acd27","0x80025F10","structural"
"0x80025840",,,"1","1","103","4","1","1","1","1","0","direct_call+overlay","direct_call+overlay","2b01283e97d1284169efd6159ec28ed166d1de0ad83d7ac0c460d0f75e573068","2b01283e97d1284169efd6159ec28ed166d1de0ad83d7ac0c460d0f75e573068","89078eb157e512ebda4152b348cb29dd7e09a02b6a5bc101bfced04eeb48f399","0x80025FE4","structural"
"0x800259dc",,,"1","1","16","1","0","1","0","0","0","direct_call","direct_call","8d5fb1717718c45202f4c4a4b1b31693c0e7202262731ee29b7d2b3c1b311078","8d5fb1717718c45202f4c4a4b1b31693c0e7202262731ee29b7d2b3c1b311078","afdb76806cb0663417ab29f937b0fba6fdffbb12873cc59f31eee1367434ef6a","0x80026180","structural"
"0x80025a1c",,,"1","1","27","6","0","1","1","1","0","direct_call+overlay","direct_call+overlay","f119ebbdec72cc966c5efa1e61aad4e81476535a810a853a7bed3bb4fd35b631","f119ebbdec72cc966c5efa1e61aad4e81476535a810a853a7bed3bb4fd35b631","abb44c128316535a93992e0d917fe220c537af3af2d023e0b620ce1044a6f4c5","0x800261C0","structural"
"0x80025a88",,,"1","1","11","1","0","1","0","0","0","direct_call","direct_call","8f361f826ec1a1b17281417607d61fba78bf91df4808fb4c55794a0370c48a06","8f361f826ec1a1b17281417607d61fba78bf91df4808fb4c55794a0370c48a06","e06fac5a31d51a9eba3da617ee4c01ea23a0444b1271fbb7ee3596d2cff0c22d","0x8002622C","structural"
"0x80025ab4",,,"1","1","3","3","0","1","0","0","0","direct_call","direct_call","20ba5c1e0c790b75dd4c28b952b0648add29921cb589408536eec33579b51b16","20ba5c1e0c790b75dd4c28b952b0648add29921cb589408536eec33579b51b16","07d19ed5397803d3b3287f83764d14af71561a21cebfa8dc2c1ddd0baaaf3ac2",,
"0x80025ac0",,,"1","1","4","4","0","1","1","1","0","direct_call+overlay","direct_call+overlay","3eb30d809f09c668fcdb5a64c8e9411aeae759c89ef922c671a652c57e70559e","3eb30d809f09c668fcdb5a64c8e9411aeae759c89ef922c671a652c57e70559e","c49ba6f12816ccab76efd796726c1d8f5c44a6dd1a235ff18f5a2dba45e6b071","0x80026264","structural"
"0x80025ad0",,,"1","1","27","68","1","1","1","1","0","direct_call+overlay","direct_call+overlay","9a0f6d1356a45f410f5152c3aa178822f24c2858827d57847da3fb9fe48c8126","9a0f6d1356a45f410f5152c3aa178822f24c2858827d57847da3fb9fe48c8126","01b7c404c7d0040de76501201e3405f533c3008f9ba7c0fc3f5675d25ff1fe94","0x80026274","structural"
"0x80025b3c",,,"1","1","3","8","0","1","1","1","0","direct_call+overlay","direct_call+overlay","56d17bf0ce8424305baea38a83e9812d693ad0a17eae86940eeb655130795473","56d17bf0ce8424305baea38a83e9812d693ad0a17eae86940eeb655130795473","07d19ed5397803d3b3287f83764d14af71561a21cebfa8dc2c1ddd0baaaf3ac2",,
"0x80025b48",,,"1","1","3","5","0","1","1","1","0","direct_call+overlay","direct_call+overlay","56d17bf0ce8424305baea38a83e9812d693ad0a17eae86940eeb655130795473","56d17bf0ce8424305baea38a83e9812d693ad0a17eae86940eeb655130795473","07d19ed5397803d3b3287f83764d14af71561a21cebfa8dc2c1ddd0baaaf3ac2",,
"0x80025b54",,,"1","1","3","3","0","1","1","1","0","direct_call+overlay","direct_call+overlay","9f69cc709d4c5d8bf9dbbfd97532711e187b5ab8199865340e478403feb47725","9f69cc709d4c5d8bf9dbbfd97532711e187b5ab8199865340e478403feb47725","8f0d2158f71c7be84ea2a8e3a443a4cad020a276b18237a5df1190133f56a79b",,
"0x80025b60",,,"1","1","39","1","0","1","0","0","0","direct_call","direct_call","f9450877a61d9740d675ed05dd48cca9cf431def0524ad83481d26a1f91f27e1","f9450877a61d9740d675ed05dd48cca9cf431def0524ad83481d26a1f91f27e1","27b66f2117573772a119af13dbdb699d1ceab05acf823baa961af195d3143854",,
"0x80025bfc",,,"1","1","16","4","0","1","0","0","0","direct_call","direct_call","b8b7d018059d40106ea1f0512165c79e034fcf20535ff2ea11706d3e3d81acbe","b8b7d018059d40106ea1f0512165c79e034fcf20535ff2ea11706d3e3d81acbe","df778ec8da5b7edc1cd172ac2790043bc86539c0002e6692a9ed552b45981be9","0x800263A8","exact"
"0x80025c3c",,,"1","1","25","25","0","1","1","1","0","direct_call+overlay","direct_call+overlay","8310debcfa61069dd9a390b0468d66a1c510c866c4731e68cfb87bd25ea4d0b6","8310debcfa61069dd9a390b0468d66a1c510c866c4731e68cfb87bd25ea4d0b6","202c3be4ad55f993bb8498f0892db5a415209443682d118c959eb4d845075ca6","0x80026460","structural"
"0x80025ca0",,,"1","1","39","3","0","1","0","0","0","direct_call","direct_call","59939119ee137361908785a653b9832545c1b7dd77bce231febdb46244c2fadf","59939119ee137361908785a653b9832545c1b7dd77bce231febdb46244c2fadf","76a1fed034a82dca2c0d303f19de01b9f0ff4e42e295627abdae519a4a876ea2","0x800264C4","structural"
"0x80025d3c",,,"1","1","43","28","0","1","1","1","0","direct_call+overlay","direct_call+overlay","52256ca714d3dc06c27e62cb798e24f0b2ba663873b6bff466332ae310e9d788","52256ca714d3dc06c27e62cb798e24f0b2ba663873b6bff466332ae310e9d788","4b2620dbf8a38a8fbabca3a6d1f8b18c187ee0b15c6fde4f50ec1f1e452b869b",,
"0x80025de8",,,"1","1","22","7","1","1","0","0","0","direct_call","direct_call","f8172ec796efc50a7bc457336382e2653311a0c5d2229dd3f060abb32cb4208b","f8172ec796efc50a7bc457336382e2653311a0c5d2229dd3f060abb32cb4208b","544e672bf8c6509fe2a38fd5405614c54e632ace89b0b82c7df666d16a6ae694","0x80026650","structural"
"0x80025e40",,,"1","1","17","20","0","1","1","1","0","direct_call+overlay","direct_call+overlay","bc839b671218141f583886d3ae3089ef37d4866124e7da7f6e05ed26550f8650","bc839b671218141f583886d3ae3089ef37d4866124e7da7f6e05ed26550f8650","37c18784ee13481de54e68ee8759c9dfe6d8017e358f6a333d7e9875520543d6","0x800266A8","exact"
"0x80025e84",,,"1","1","53","2","0","1","0","0","0","direct_call","direct_call","0242f197913f5cbd9d9ef6a4c0f768012daa8a29c421b6c830ab414c4bf86778","0242f197913f5cbd9d9ef6a4c0f768012daa8a29c421b6c830ab414c4bf86778","969808e779ac530a1250e05713f40f02c8c39be9af840dbf7c75eb72d0b4721a","0x800266EC","structural"
"0x80025f58",,,"1","1","3","2","0","1","0","0","0","direct_call","direct_call","986b07d140053ccecb3bd94bebd301e2fb6bf7e22090052e43277bc2e0a1f658","986b07d140053ccecb3bd94bebd301e2fb6bf7e22090052e43277bc2e0a1f658","82f167807ae6f6bf376bdaf3cc3c106e97b4cafc91ff2520274f1a5f85b6a404","0x800267C0","structural"
"0x80025f64",,,"1","1","62","7","6","1","1","1","0","direct_call+overlay","direct_call+overlay","e74b17ab9955973eb9824747f52266ecc9e95f23c87ab51d1fea18a4a27b1a27","e74b17ab9955973eb9824747f52266ecc9e95f23c87ab51d1fea18a4a27b1a27","48e3e0a96fcb750da265462d230066f7e0c86a13e6bcb694d03d528be5794cad","0x800267CC","structural"
"0x8002605c",,,"1","1","12","2","1","1","0","0","0","direct_call","direct_call","3f2e63849bf8f27b242034f874564ce16d09ad50f48bce4fc19004d3d7f5f767","3f2e63849bf8f27b242034f874564ce16d09ad50f48bce4fc19004d3d7f5f767","b7e2321e27bbf270113dcd26ffda9fc4b241678e62c1ec89c3598d21ac267c22","0x800268C4","structural"
"0x8002608c",,,"1","1","34","1","5","1","0","0","0","direct_call","direct_call","43f4774f28e7542d0d50cbe4eec76d415e4470e4df7bfd90db6232db9efe0d13","43f4774f28e7542d0d50cbe4eec76d415e4470e4df7bfd90db6232db9efe0d13","cb39fcb7fc1b3fd6563e12bc22901902d330012d3cdc8d8b231acac000690f89","0x800268F4","structural"
"0x80026114",,,"1","1","34","1","0","1","0","0","0","direct_call","direct_call","8fa38222d3ac5fb6af30368c7747a762734286a958b9fe9a2a312fd22dfcc293","8fa38222d3ac5fb6af30368c7747a762734286a958b9fe9a2a312fd22dfcc293","f5459364440ccf4ce4e3b578d335e9fbded485c7a5d92d725d13450d00f41fa8",,
"0x8002619c",,,"1","1","38","2","2","1","0","0","0","direct_call","direct_call","9513b84a8a0723e5534c66ad5df79246443e9bc777c676851f3afc893bbea70a","9513b84a8a0723e5534c66ad5df79246443e9bc777c676851f3afc893bbea70a","45b5e5c90eb07f5daee5296516f0e39f72a9215c28fbc0b641f496d688457a7e","0x80026A04","structural"
"0x80026234",,,"1","1","100","14","6","1","1","1","0","direct_call+overlay","direct_call+overlay","dc3d61867e8e68f568656ae450ee2a061291e530b24deb96c710da7a19c3235d","dc3d61867e8e68f568656ae450ee2a061291e530b24deb96c710da7a19c3235d","bbe93727646c1029d1b96065625a1d79d8e77d20cb2c8b665d68b772e5b62030","0x80026A9C","structural"
"0x800263c4",,,"1","1","20","5","0","1","1","1","0","direct_call+overlay","direct_call+overlay","1364625f1a47af2238e8b96548633958befa7502752e809ad4df15f7c39c2011","1364625f1a47af2238e8b96548633958befa7502752e809ad4df15f7c39c2011","aace36885a2271e2a3c4796939ff6e637ba13c1c71c60d265bde0083b9bbb674","0x80026C2C","structural"
"0x80026414",,,"1","1","101","9","7","1","1","1","0","direct_call+overlay","direct_call+overlay","9cc8f79008d23801b97a8fb0399e0d561fae7ac366d72fb7175926bf9cb832b6","9cc8f79008d23801b97a8fb0399e0d561fae7ac366d72fb7175926bf9cb832b6","fb06694694bd4c94e6e67ae888d209a8a924971e6afd72f5bd3c273f8e4240e5","0x80026C7C","structural"
"0x800265a8",,,"1","1","33","2","2","1","1","1","0","direct_call+overlay","direct_call+overlay","1728a783a78257c10e230073254679831e68e033630cb937f111a4d1c10074cf","1728a783a78257c10e230073254679831e68e033630cb937f111a4d1c10074cf","e8d2d85cf9cf0093e6237457b765aeee3198c69ffc2d9d21e4e06d5ebd62166e","0x80026E10","structural"
"0x8002662c",,,"1","1","32","19","1","1","1","1","0","direct_call+overlay","direct_call+overlay","805bc7e011133a14b895a429bcee254ba1832c59d5044866314b50249a85d854","805bc7e011133a14b895a429bcee254ba1832c59d5044866314b50249a85d854","b4cee27fd5820e7621f6baa551476ef0b113dde3502274b68c5ddac83b54b3f6","0x80026E94","structural"
"0x800266ac",,,"1","1","10","6","0","1","0","0","0","direct_call","direct_call","eb3ec2804cfd0ccab208de72c752fbacbb4a5604751e81c03360bcdca0edc2a9","eb3ec2804cfd0ccab208de72c752fbacbb4a5604751e81c03360bcdca0edc2a9","37fc8afeb98ffd64c8a5adc2de510cee594efed981dcf3e2210f4161bed66b39","0x80026F14","structural"
"0x800266d4",,,"1","1","72","0","7","1","0","0","0","prologue_only","prologue_only","b69de71555ad8969099d8074202e4059850de394e74afe930baecd9084a528c9","b69de71555ad8969099d8074202e4059850de394e74afe930baecd9084a528c9","ff3365067b17a3c7a05a04ea43d5cd655f1b17bdff3439199f875c9d30c28352","0x80026F3C","structural"
"0x800267f4",,,"1","1","30","0","3","1","0","0","0","prologue_only","prologue_only","3f5c8a4b1e24fae00191d97c7074f6eaea6d3611aa9ad78c2a9405092ef8c034","3f5c8a4b1e24fae00191d97c7074f6eaea6d3611aa9ad78c2a9405092ef8c034","577ca5fc61301317bc5960fb20d9b5fa6a499e93a9756a5b21a2b5e660d779d5","0x8002705C","structural"
"0x8002686c",,,"1","1","41","1","2","1","1","1","0","direct_call+overlay","direct_call+overlay","7cc16aa939854d54dab3b8add1580a60e41177f196e6314b6029fcd12eabe408","7cc16aa939854d54dab3b8add1580a60e41177f196e6314b6029fcd12eabe408","fe2fa2d5845e5e224bcf8b8da08801011ad4b01e5bba97998616b56347ba9ee7","0x800270D4","structural"
"0x80026910",,,"1","1","84","8","3","1","1","1","0","direct_call+overlay","direct_call+overlay","1b85d090bce365cd250103cb1df2c4c3f535fd65e37110259c83a59cb75467d9","1b85d090bce365cd250103cb1df2c4c3f535fd65e37110259c83a59cb75467d9","1981b7b17ed5373bd742826702fffd3ab993793d84d05a2c02f4b8f1bf4ee07a","0x80027178","structural"
"0x80026a60",,,"1","1","72","2","5","1","1","1","0","direct_call+overlay","direct_call+overlay","9738982b88dd0d60734f3824e59ccfd5b90336cd8d022348461edfa5e0cf0e58","9738982b88dd0d60734f3824e59ccfd5b90336cd8d022348461edfa5e0cf0e58","e461beec1f4557ba55ae9c2c33072309e316dd0451b85013a5e45e2020678a59",,
"0x80026b80",,,"1","1","67","1","6","1","1","1","0","direct_call+overlay","direct_call+overlay","2992d480c3469590f188c56a6192f5a0b98bd1547008c5ec7a7ce9aabd34b078","2992d480c3469590f188c56a6192f5a0b98bd1547008c5ec7a7ce9aabd34b078","bfaad5210b87b96c9bfcd2ec8927e5136ebc0ec50b3e8592e310788566e85aa9","0x80027430","structural"
"0x80026c8c",,,"1","1","30","3","2","1","1","1","0","direct_call+overlay","direct_call+overlay","b7b6420c87cd6484db381af8702705951066cffad269cd6249f063664162e189","b7b6420c87cd6484db381af8702705951066cffad269cd6249f063664162e189","8a30b6a093c7e13a640489c006c3081084fc6e941e10c91ce2256bd16a398514","0x800275CC","structural"
"0x80026d04",,,"1","1","9","2","0","1","1","1","0","direct_call+overlay","direct_call+overlay","43a70a8fa6ffdd36e5cbbb8e123f05c33416a2c3d0153521b0b47400075ca9c6","43a70a8fa6ffdd36e5cbbb8e123f05c33416a2c3d0153521b0b47400075ca9c6","9ad87038732d0352a44f4afead18410a3f49204bd69605098bd40e56510e8b4c","0x800276B0","exact"
"0x80026d28",,,"1","1","28","3","0","1","1","1","0","direct_call+overlay","direct_call+overlay","84ba7897e6ff394bd4243a8f22c52b92c95c5f1762def12f0e69ed1fb2e6092d","84ba7897e6ff394bd4243a8f22c52b92c95c5f1762def12f0e69ed1fb2e6092d","a23c9f312efe8db4fa6b0a956228a6db07ae519e3c290e88ad172cd2d4b31eed","0x800276D4","structural"
"0x80026d98",,,"1","1","26","2","0","1","1","1","0","direct_call+overlay","direct_call+overlay","78152c569fa1710cbc10fffa67eea2579005cc460de48156bf039c17176acceb","78152c569fa1710cbc10fffa67eea2579005cc460de48156bf039c17176acceb","426d0a13b6add6f97580b6f80e1c48b871dae0353c2c0fa78520ccf809f17c6a","0x80027744","structural"
"0x80026e00",,,"1","1","83","21","1","1","1","1","0","direct_call+overlay","direct_call+overlay","7d3f5b117f33795d38f1110e652e6ffefefc9129b9bf82ca20b502a2480e6a0a","7d3f5b117f33795d38f1110e652e6ffefefc9129b9bf82ca20b502a2480e6a0a","e7e954f6e991b6bff76a3d59153b29f59a0c046dcc4b996bb1a8059d9e77c322","0x800277AC","structural"
"0x80026f4c",,,"1","1","59","2","1","1","1","1","0","direct_call+overlay","direct_call+overlay","9cc5fb526e9851df885ae4b33b971f6d00b440df14d10394064f685c5c435b72","9cc5fb526e9851df885ae4b33b971f6d00b440df14d10394064f685c5c435b72","69da46d8de41d87d70d76feba0f2f010d4eab46acbdcf2cf981ac2625526c8a4","0x800278F8","structural"
"0x80027038",,,"1","1","1","1","0","0","1","1","0","direct_call+overlay","direct_call+overlay","6bae91c31ec9fd14e646d6449f3b8ef265f662316dc34e05ca1eec9ce9621421","6bae91c31ec9fd14e646d6449f3b8ef265f662316dc34e05ca1eec9ce9621421","e9e6e2fbef3ef1f18a90e595e97df5818a41b16fc20d62b014b9d0536909133f","0x800279E4","exact"
"0x8002703c",,,"1","1","52","0","0","1","0","0","0","prologue_only","prologue_only","10e2d986fd64c3e45be89c5c2ea04613e85eb8f1464c429867eb0ea3f37b8a79","10e2d986fd64c3e45be89c5c2ea04613e85eb8f1464c429867eb0ea3f37b8a79","f633ed04d704ad23bdbd2f5c0fa4ddd46e500bc9379a6eb82031ad23dcf6748b","0x800279E8","structural"
"0x8002710c",,,"1","1","76","1","1","1","0","0","0","direct_call","direct_call","37bf9721344ce33ce825a4ec4ee27e84fd0dd7cfe440577a1960d26e344cadd5","37bf9721344ce33ce825a4ec4ee27e84fd0dd7cfe440577a1960d26e344cadd5","51b6e4d0708e5772fb6a0a375f75b952457a3d65aa35a2448bfe86c8d81d0fbc","0x80027AB8","structural"
"0x8002723c",,,"1","1","23","4","2","1","1","1","0","direct_call+overlay","direct_call+overlay","cad3409d0c87967207f7e1d77562ce85af7da77d8465f2d395434bc9443e31f4","cad3409d0c87967207f7e1d77562ce85af7da77d8465f2d395434bc9443e31f4","8d2acd0ec1d296f585bcd68700d050e31943b3c46a877d2304bf2d3f5b8f7a54","0x80027BE8","structural"
"0x80027298",,,"1","1","23","9","1","1","0","0","0","direct_call","direct_call","9a7e140a6f946733b091f364cd9105c5308b8a8956700a92e27d4b69366fa831","9a7e140a6f946733b091f364cd9105c5308b8a8956700a92e27d4b69366fa831","5382315f23c2643d732f89eff255507745206022c119c79d7418711bed691c4a","0x80027C44","structural"
"0x800272f4",,,"1","1","24","3","1","1","0","0","0","direct_call","direct_call","a5821b09c0f54b4ef8c2107e294017f2a4ea7f84118c5a73f62fc67a4a149c80","a5821b09c0f54b4ef8c2107e294017f2a4ea7f84118c5a73f62fc67a4a149c80","7f3f90f3e7f82d790dbd0eaa03857bdbe06292125ab55d42f3b2777a2b422dfd","0x80027CA0","structural"
"0x80027354",,,"1","1","34","5","0","1","1","0","0","direct_call+overlay","direct_call","32a6398591ff52233bb5ba315ef6174b64b2820947702a614571ebd457ebf8b2","32a6398591ff52233bb5ba315ef6174b64b2820947702a614571ebd457ebf8b2","65b8cd0dda6d9b64c1be329adcd1a92f0dc2cb27c32d2530fcbdce5e5fb21374","0x80027D00","structural"
"0x800273dc",,,"1","1","37","47","0","1","1","1","0","direct_call+overlay","direct_call+overlay","19d2325db192c73a62a944ca19b5a2c4d077c48f4f808e3599fe0f69255596b2","19d2325db192c73a62a944ca19b5a2c4d077c48f4f808e3599fe0f69255596b2","b259ff800e0d283addd2142a7c91085d089d63116be6db81e839d9da687b1671","0x80027D88","exact"
"0x80027470",,,"1","1","44","1","1","1","0","0","0","direct_call","direct_call","249b30040c6d4557743547412dd3f85d275e29f5858c14a637f7721912e9194a","249b30040c6d4557743547412dd3f85d275e29f5858c14a637f7721912e9194a","eee82aea40e57090b3a4ec6d5f3ed2354b84bd60df31ff1ba49172ced84519a8","0x80027E1C","exact"
"0x80027520",,,"1","1","62","0","1","1","1","0","0","overlay","prologue_only","e95484f2fe7164381b4383bfe5883d04c48273526b0b1a0dbd15efd1d65f1014","e95484f2fe7164381b4383bfe5883d04c48273526b0b1a0dbd15efd1d65f1014","dc1e43b728a5a87228262e78bcf5693e73614c3c93a386c43190627903b80611",,
"0x80027618",,,"1","1","66","7","3","1","0","0","0","direct_call","direct_call","976bf4b027e18bc569c78b5f5ca296d22cc4ad131a4cce8bcdc7102576d5921a","976bf4b027e18bc569c78b5f5ca296d22cc4ad131a4cce8bcdc7102576d5921a","80d78f4f878e8c972acd52cdce21457e1798bb17e2d43d8b1f279a4fd1e34a5d",,
"0x80027720",,,"1","1","66","2","3","1","0","0","0","direct_call","direct_call","7df3f0911e0f7b20ddb3843bc06d3fa5110efda137c96a09dbf9266369833974","7df3f0911e0f7b20ddb3843bc06d3fa5110efda137c96a09dbf9266369833974","80d78f4f878e8c972acd52cdce21457e1798bb17e2d43d8b1f279a4fd1e34a5d",,
"0x80027828",,,"1","1","29","18","2","1","0","0","0","direct_call","direct_call","35a81d5da2aaa6da0257e225ebb8122b127608e87262024e626cad3e49b91eec","35a81d5da2aaa6da0257e225ebb8122b127608e87262024e626cad3e49b91eec","d7a38a10edf4418f52f0432b1346f6b96d442477a37cb118245afd6b77fe084d","0x800280DC","structural"
"0x8002789c",,,"1","1","21","3","2","1","0","0","0","direct_call","direct_call","d7a1b13ec48c0bd0c55df256ebbf78366dcba36b613a572a40182b57ccf8e9af","d7a1b13ec48c0bd0c55df256ebbf78366dcba36b613a572a40182b57ccf8e9af","3ef1e51ad542cbce5d9026391c842d84a51979b58a331db3e9b4820919490391","0x80028150","structural"
"0x800278f0",,,"1","1","16","1","1","1","0","0","0","direct_call","direct_call","cd4da237b6b8b2fc486a6466c785f487ca8c2c83ff8406cc923deee04750408d","cd4da237b6b8b2fc486a6466c785f487ca8c2c83ff8406cc923deee04750408d","ffa5cddda7aa7b96a3a5d813899bb8a82027721898f091e3ab14aa309d7f86b3","0x800281A4","structural"
"0x80027930",,,"1","1","66","11","3","1","0","0","0","direct_call","direct_call","2f5cc60a9538185eb50ad2852a466920e8b9f8e9018118d6d724188581da395d","2f5cc60a9538185eb50ad2852a466920e8b9f8e9018118d6d724188581da395d","c72ae654fdcd1bf69d644f795223fc9b86007b9dbf24abd2344c84c63faac6f1","0x800281E4","structural"
"0x80027a38",,,"1","1","22","2","2","1","0","0","0","direct_call","direct_call","90db55b7d94e961035e154efde5bbc41b9cf8e8ca18a0ed85d66bc9408b713f0","90db55b7d94e961035e154efde5bbc41b9cf8e8ca18a0ed85d66bc9408b713f0","f36dc2befbb84b3a55fca184339f712c6760b0373e78b2009646ca7bedd7b413","0x800282EC","structural"
"0x80027a90",,,"1","1","44","3","2","1","0","0","0","direct_call","direct_call","6caa815c01cdecaf205ba869c8acccbd457b6deb78bfba7b13038829ce70444b","6caa815c01cdecaf205ba869c8acccbd457b6deb78bfba7b13038829ce70444b","8a130e9fc72496e3db67971ec51e21ba16637ba63baff60322ceb6365445434b","0x80028344","structural"
"0x80027b40",,,"1","1","150","3","5","1","0","0","0","direct_call","direct_call","41db16c942f0efd4879f5ab84433222d8b8360f4d0c69ba92bd1bc7fe65ceb1b","41db16c942f0efd4879f5ab84433222d8b8360f4d0c69ba92bd1bc7fe65ceb1b","8a1723ae55a80c9071ef5c41c0ea245af1693e1d9232120fd9a48da7a76d05d3","0x800283F4","structural"
"0x80027d98",,,"1","1","19","2","2","1","0","0","0","direct_call","direct_call","95953fb3bd019c552e1a287e445628776b89178f301f596073a0a3f18427f778","95953fb3bd019c552e1a287e445628776b89178f301f596073a0a3f18427f778","d3dda8b9df334455957a01c4ef81c7dcb0778492c590778cc8babbfcc8ba7ebc","0x8002864C","structural"
"0x80027de4",,,"1","1","46","1","2","1","0","0","0","direct_call","direct_call","9835488c821c00017aa0dc54b5b7998cdf2093ba728a3136693162bdc62656ce","9835488c821c00017aa0dc54b5b7998cdf2093ba728a3136693162bdc62656ce","e8de1a2cf5f5e99d8d1f9cf6266086e36c8d94688a65cb59c7eb3b4c8f6603f1","0x80028698","structural"
"0x80027e9c",,,"1","1","61","2","1","1","0","0","0","direct_call","direct_call","e5708faabad6155b4965ea57b8938e9a8a23145cb86bed4af882fa0f2844d5d1","e5708faabad6155b4965ea57b8938e9a8a23145cb86bed4af882fa0f2844d5d1","58ebc2e5bb5c7e51b0d9fc36c4f1688e47d792a91a2ec784f81b5b6aef4e1f1e","0x80028750","exact"
"0x80027f90",,,"1","1","92","2","3","1","0","0","0","direct_call","direct_call","15149e0062fcde0bdd93abaf3d73a0a41bad8f74ee48a1828a9d03909f98dc9a","15149e0062fcde0bdd93abaf3d73a0a41bad8f74ee48a1828a9d03909f98dc9a","fd9dbb212e9b34bf6344c001ad737a59a9f06d309035a750cda53d91674f4ddf","0x80028844","structural"
"0x80028100",,,"1","1","32","3","0","0","0","0","0","direct_call","direct_call","036c6f57b2a6a24d51a4c736c16b156fa66e269ec62ebd0a67c11a0c6d39af5c","036c6f57b2a6a24d51a4c736c16b156fa66e269ec62ebd0a67c11a0c6d39af5c","36173878409c6be8e88f12b36909253ad92fd8d1f62ce26fb572cd12cf0287f5","0x800289B4","exact"
"0x80028180",,,"1","1","40","0","0","1","0","0","0","prologue_only","prologue_only","c22339c8460734f62098ca654c2d6254c307f594d37e0cb6c9667f37bf03635f","c22339c8460734f62098ca654c2d6254c307f594d37e0cb6c9667f37bf03635f","2c72971bbe083ebffd1c7ac67e329a96a9844f7550e300e1d5ab8b00cfe73589","0x80028A34","structural"
"0x80028220",,,"1","1","88","1","2","1","0","0","0","direct_call","direct_call","b0a7dc318d9105d1b18c63dadfe06e9a3047e66ccf4bbf2c3e84d5078900aecf","b0a7dc318d9105d1b18c63dadfe06e9a3047e66ccf4bbf2c3e84d5078900aecf","c01d799877703ab0ab7b05558c43e940a12d254a477bdb4fdceabdb6f72c987a","0x80028AD4","structural"
"0x80028380",,,"1","1","43","4","1","1","0","0","0","direct_call","direct_call","9af0d122af99726247d67e916e66d3965a7280da1c71276d3dafbb5d241c9d42","9af0d122af99726247d67e916e66d3965a7280da1c71276d3dafbb5d241c9d42","89130c2881ba727a1ea1347092a21866aafcef33da5c3031abf15fdbda55e776","0x80028C34","structural"
"0x8002842c",,,"1","1","61","2","1","1","0","0","0","direct_call","direct_call","d5545bc6608178d43d9ed5200654eaa2fae55cb01a4e540364d28a97dd07ae4f","d5545bc6608178d43d9ed5200654eaa2fae55cb01a4e540364d28a97dd07ae4f","b021b660413b75a9aa93551997ae1e8088fb4fd1c55b885a60b6fb9d0c2fdede","0x80028CE0","structural"
"0x80028520",,,"1","1","80","2","1","1","0","0","0","direct_call","direct_call","887f290e9cd6dcd6cfe91801dbe22b2986283591c805df22ccce00dd53c3e590","887f290e9cd6dcd6cfe91801dbe22b2986283591c805df22ccce00dd53c3e590","433ea352a7bb6b21ea88191a092a35949a32481fbca7b00fb2276fb3aef488d0",,
"0x80028660",,,"1","1","80","0","1","1","1","0","0","overlay","prologue_only","4823ff4ce52a33ed89f015afdfd41f6a54a3dfaf80336e3ce888050fb3bd8826","4823ff4ce52a33ed89f015afdfd41f6a54a3dfaf80336e3ce888050fb3bd8826","433ea352a7bb6b21ea88191a092a35949a32481fbca7b00fb2276fb3aef488d0",,
"0x800287a0",,,"1","1","31","1","1","1","0","0","0","direct_call","direct_call","65be5eeb35d7381eebdc7d2298f55cf5aed8f420ca611b0c571bd880aec02864","65be5eeb35d7381eebdc7d2298f55cf5aed8f420ca611b0c571bd880aec02864","e215471d4ffaedccc7a8aa99fba55a6155e74c3819e9202477e49641fa584bfa","0x80029054","structural"
"0x8002881c",,,"1","1","8","1","1","1","0","0","0","direct_call","direct_call","a0e3959a5121c881ce79b7ad72182d2635bbcc536db2a08fd4dc9e344ce71fe3","a0e3959a5121c881ce79b7ad72182d2635bbcc536db2a08fd4dc9e344ce71fe3","d21f42a8074970575ab98007df1a3245b02277f636ac6a06c096b052e94690be","0x800290D0","structural"
"0x8002883c",,,"1","1","10","1","1","1","0","0","0","direct_call","direct_call","61ccce260991130395c3063ea663f21af26d8cccf9f42a2f1188f8851be75f10","61ccce260991130395c3063ea663f21af26d8cccf9f42a2f1188f8851be75f10","f25e3eba79b841e7d48d35f22d10177d42d6c5fe6b6dcf68dd6dccc218a531c5","0x800290F0","structural"
"0x80028864",,,"1","1","101","2","0","1","0","0","0","direct_call","direct_call","8fa875befbf469454ac9f548f7bcb84b193b52a019fed366526f7d2700caf454","8fa875befbf469454ac9f548f7bcb84b193b52a019fed366526f7d2700caf454","65d4f3fb7050851cd1a574c88549f061670fea6f07390290020195bc5c32f625","0x80029118","structural"
"0x800289f8",,,"1","1","202","1","2","1","0","0","0","direct_call","direct_call","3b463a9e14de26393363d39e741b891e7e189c9aba03de67cc02cd77e705ba42","3b463a9e14de26393363d39e741b891e7e189c9aba03de67cc02cd77e705ba42","8c299213e384fbc85e2dc19248e124bad5739f64cd657e08fd3ae5e5f62caaa3","0x800292AC","structural"
"0x80028d20",,,"1","1","136","2","2","1","0","0","0","direct_call","direct_call","ce7cd2183a76cab23076027efbd720c7f5ce3e65c2172a430c6d662f6d9e3f70","ce7cd2183a76cab23076027efbd720c7f5ce3e65c2172a430c6d662f6d9e3f70","910a0adebc8c878abc4fc9d1666d5276593e84384ed0ea590a1b4706ea0cc5ff","0x800295D4","structural"
"0x80028f40",,,"1","1","51","4","2","1","0","0","0","direct_call","direct_call","9deeb632f2218f6d7416c35d55b8857a33c769eb15059827602f3085e74a4080","9deeb632f2218f6d7416c35d55b8857a33c769eb15059827602f3085e74a4080","1edca0a09dd55a9b39db015f88f7fe7d8d19573ce0a8923268799e35f325a2c0","0x800297F4","structural"
"0x8002900c",,,"1","1","98","5","0","1","0","0","0","direct_call","direct_call","8adf964d0fe5f319347ccc1f7184f50ee13695f031bc5af8025101fef1374c3f","8adf964d0fe5f319347ccc1f7184f50ee13695f031bc5af8025101fef1374c3f","97e5dbc15edfbc9d21c14a7307d2bb4271ceee23f6a0691c45a95833fc2e9318","0x800298C0","exact"
"0x80029194",,,"1","1","143","1","2","1","0","0","0","direct_call","direct_call","6f0a66a3632ecf790ec98933b9886bb211bdcee71cd884624bb67a7449126563","6f0a66a3632ecf790ec98933b9886bb211bdcee71cd884624bb67a7449126563","d8822094d485485b64cc49ddcbb2e6b965b3ee99ee379aa324d045d0b2ebcf4f","0x80029A48","structural"
"0x800293d0",,,"1","1","129","1","1","1","0","0","0","direct_call","direct_call","abf36ebe9f5e03da5e1fb98d0038ed20fef6ad9fe9d5e36ff7a50db6ccc06aad","abf36ebe9f5e03da5e1fb98d0038ed20fef6ad9fe9d5e36ff7a50db6ccc06aad","8a96ad1e39db95e676dd7c7f92edc80666ad6376b49acf5a8a1c14fe02c0a444","0x80029C84","structural"
"0x800295d4",,,"1","1","20","1","2","1","0","0","0","direct_call","direct_call","ed4cac9c91b2db735e6aeb347a7046ef027f106908783fc9a6fbae16b63b17e0","ed4cac9c91b2db735e6aeb347a7046ef027f106908783fc9a6fbae16b63b17e0","6e53cb3e576fefb69abb20b2ab80d446199e1763238b9851df889b77929efa19","0x80029E88","structural"
"0x80029624","Game_Main","confirmed","1","1","55","1","5","1","0","0","0","direct_call","direct_call","f49fc80e95f98e81e5d5bbd20ae9cc2fc670077f92c7123bcc837aa45c386759","f49fc80e95f98e81e5d5bbd20ae9cc2fc670077f92c7123bcc837aa45c386759","ee638bd8648901291cd8644a0142dfcc8f3217ebb17edb853cae88e6dfd455c0",,
"0x80029700","Game_RunStateLoop","confirmed","1","1","596","1","40","1","0","0","0","direct_call","direct_call","81d97fa464f3b931b55aeee86eec6f02643dba8a41a883521959bc7ba922b1b7","81d97fa464f3b931b55aeee86eec6f02643dba8a41a883521959bc7ba922b1b7","2d832356917853b9da2b2607dd84945bec7aacc99a1e8623fdf2c934a105f9b8",,
"0x8002a050",,,"1","1","17","1","0","1","0","0","0","direct_call","direct_call","1a894f4075b8a024ef367c7ea2d49c55e744ef9ad5a3cc6ffa3c1104b45e233c","1a894f4075b8a024ef367c7ea2d49c55e744ef9ad5a3cc6ffa3c1104b45e233c","d32702115c287d6e8f4de595dd2e789b851f20cde8091c68b2f12472efc0fff9","0x8002A9D4","structural"
"0x8002a094",,,"1","1","48","0","2","1","0","0","0","prologue_only","prologue_only","cd6087b849f9356cf3ae867a6aa777b5a1c3c485082849f8584d8e340c478556","cd6087b849f9356cf3ae867a6aa777b5a1c3c485082849f8584d8e340c478556","115db9d3f8e4b7c52c7bfd498c3d146a44b7111faa4c5af99f8604a0a5e2f788","0x8002AA18","structural"
"0x8002a154",,,"1","1","107","1","6","1","0","0","0","direct_call","direct_call","bb5ae7ad62b457d78cd681efee7e0fc60caf744989852926d83268e10449a840","bb5ae7ad62b457d78cd681efee7e0fc60caf744989852926d83268e10449a840","0ed5c105af8abfe64abe689ce088416bce28b718a749764069b50a89c6674c96","0x8002AAD8","structural"
"0x8002a300",,,"1","1","14","1","1","1","0","0","0","direct_call","direct_call","cddfb8ad6caab9b37b17661f0191ede63262636389da78617766077fce154874","cddfb8ad6caab9b37b17661f0191ede63262636389da78617766077fce154874","b4bb9d8cb308f05a3a5cbcfb92db909f9d129f87ad99a8ac0cc58cb96c600be9","0x8002AC84","structural"
"0x8002a338","MissionArchive_Open","strong","1","1","109","1","11","1","1","1","0","direct_call+overlay","direct_call+overlay","5589b6a18016811f52be01cd84f500a84938d5e3be0aa6e74e140db4eb266fd5","5589b6a18016811f52be01cd84f500a84938d5e3be0aa6e74e140db4eb266fd5","073d1e20a112d35eccd2feadac80dd6fc0ed4a5a5722de5bc75921bc21413d82",,
"0x8002a4ec","MissionScript_SchedulerDispatchCallback","confirmed","1","1","11","0","1","1","0","0","0","prologue_only","prologue_only","205da742322ece7c0165c919770313637d1ba2325bcb6d354d484b67b78f4113","205da742322ece7c0165c919770313637d1ba2325bcb6d354d484b67b78f4113","8f0dfa351495acc254d978c67520f1e9a9051513f77002b1b2fee83b43e12912","0x8002AE80","structural"
"0x8002a518","Common_Init","strong","1","1","178","1","28","1","0","0","0","direct_call","direct_call","4642d2de151b8919b4cdcec5c7df336b3061e9d2c8a9d86d0979d4773c54076c","4642d2de151b8919b4cdcec5c7df336b3061e9d2c8a9d86d0979d4773c54076c","a5b611e4c153790346555fca972b5ae421bb0f66adc35c84b356971bad5bc61f",,
"0x8002a7e0",,,"1","1","298","1","25","1","0","0","0","direct_call","direct_call","01cd0a56965243fc4e255f6762fddd775ed34e6ce8ec7b79ddc392633ed2bd13","01cd0a56965243fc4e255f6762fddd775ed34e6ce8ec7b79ddc392633ed2bd13","9aa554b35a5935fc3be78908180bfab7c6e4e77129160208904555c96ebe157e",,
"0x8002ac88","MissionScheduler_FrameEvent","strong","1","1","199","135","0","1","1","1","0","direct_call+overlay","direct_call+overlay","defddf4cefd99e8c676bf98a310325c6ac20a8c617fa4cd88906eb7a2d494256","defddf4cefd99e8c676bf98a310325c6ac20a8c617fa4cd88906eb7a2d494256","d9d59c97d170617c67d934c8788d9a5a2351eebb5ed19278a8ddddd833ad7fc6","0x8002B608","structural"
"0x8002afa4","MissionScheduler_QueueDrain","confirmed","1","1","75","1","1","1","0","0","0","direct_call","direct_call","7cd54774d9b6bca6f8cb07286089494962c3fc5aae9ed55436c8ee634310e587","7cd54774d9b6bca6f8cb07286089494962c3fc5aae9ed55436c8ee634310e587","5e6cad5c0fc61d32b384f08dc4820cc27a22f7a75afdcccbca6012948b9d7984","0x8002B924","structural"
"0x8002b0d0","DiscPath_BuildCommonOrMission","confirmed","1","1","116","7","9","1","1","1","0","direct_call+overlay","direct_call+overlay","576366c6bc375e350296d417dd207a196bd2034d05133bbec8fa5ab0d78b85be","576366c6bc375e350296d417dd207a196bd2034d05133bbec8fa5ab0d78b85be","8dfabad699dd1108512c7ff360cd9010b2f92f8bf481466537fec7d3646800eb","0x8002BA50","structural"
"0x8002b2a0","BinOverlay_Open","strong","1","1","45","1","5","1","0","0","0","direct_call","direct_call","c7a8781442af153cfad523bdebb552171761b9ddecdc6c8545e9aa13b3596b02","c7a8781442af153cfad523bdebb552171761b9ddecdc6c8545e9aa13b3596b02","565be0345c82b9d6612233c04eedd287b5758822b302e603921c2c4e836b9d0c",,
"0x8002b354",,,"1","1","33","4","3","1","1","1","0","direct_call+overlay","direct_call+overlay","c0bbd7ee8ee3cc88de749b542f873e17e92c0f5fb444af5ec7e6c2a9fb12edf4","c0bbd7ee8ee3cc88de749b542f873e17e92c0f5fb444af5ec7e6c2a9fb12edf4","d0d989f964ecd82b7d7f84adcf2ff510bb10a4cb71fde748c09380a1ecf71bee",,
"0x8002b3d8",,,"1","1","59","2","6","1","0","0","0","direct_call","direct_call","927db149b2fa4f134bd0e7e987156184e87b7ec3b170a02927fc977c98abd442","927db149b2fa4f134bd0e7e987156184e87b7ec3b170a02927fc977c98abd442","b8556dbc23c8d2622ba124f07be00eb482c377b756b61b3a33e10e7d594518cb","0x8002BD80","structural"
"0x8002b4c4","BinOverlay_Load","strong","1","1","117","7","9","1","1","1","0","direct_call+overlay","direct_call+overlay","69dfe3c79ff4bb9f7ebc45342d969d54ec39250329f43666c69c8b51f899fe09","69dfe3c79ff4bb9f7ebc45342d969d54ec39250329f43666c69c8b51f899fe09","5689feb285e5ed26c20d39b4ba157d5f247f48338ae8f1286346d25528ece2d6",,
"0x8002b698",,,"1","1","60","0","4","1","0","0","0","prologue_only","prologue_only","b545fac9b701862823232d43b71b91d19de0422a2e1fda52d590915e5d7e7513","b545fac9b701862823232d43b71b91d19de0422a2e1fda52d590915e5d7e7513","0bb2e8e2664011af6d5dfcced38bb1823e4a4c85109cc038fd4fe8f01a7d559b","0x8002C0D4","structural"
"0x8002b7a8",,,"1","1","18","0","1","1","0","0","0","prologue_only","prologue_only","d6c7f796eb66d235ab0478d6efe13f733eab95badb1b8dc058544e63eff2e167","d6c7f796eb66d235ab0478d6efe13f733eab95badb1b8dc058544e63eff2e167","2ef92052eef744c309e8ecf1049476ee7eb94f576fd0de7a9ef6570853d16544","0x8002C1E4","structural"
"0x8002b7f0",,,"1","1","56","3","7","1","0","0","0","direct_call","direct_call","2b4c22cd68b89bbd88c13c0657017cefaa44ea106757f10f730ec88f5ffde3ee","2b4c22cd68b89bbd88c13c0657017cefaa44ea106757f10f730ec88f5ffde3ee","a67ef0f1beabed639828ba2482b261b204cf774fd0ec6c787b7e8c517b6637d0","0x8002C22C","structural"
"0x8002b8d0","LoadingOverlay_Frame","confirmed","1","1","44","1","1","1","0","0","0","direct_call","direct_call","e661fccb0ddcdd083782df52ea45328ffdc84d56187dd9b80950ead33b12a98b","e661fccb0ddcdd083782df52ea45328ffdc84d56187dd9b80950ead33b12a98b","1f6f3989535396ad356184daf73b62f80b675ea0981d9a8b6003de5938b4b512",,
"0x8002b980",,,"1","1","10","0","1","1","0","0","0","prologue_only","prologue_only","999534e6f70b554a8db1017374c36a78785bf0ccf9b73848ae922a59bbcd1d5d","999534e6f70b554a8db1017374c36a78785bf0ccf9b73848ae922a59bbcd1d5d","8b74e7925ea1916bd8e13af14c7d2fa86c922ee79e046c5b344fc9cafbfb7d84","0x8002C3D0","structural"
"0x8002b9a8","TitleMovieOverlay_Select","strong","1","1","167","2","18","1","0","0","0","direct_call","direct_call","403a456a8a48d87d5004a67d70a949f91d72497113c89c36a96430ad1bfd12ee","403a456a8a48d87d5004a67d70a949f91d72497113c89c36a96430ad1bfd12ee","1a4626d2f97b2c3ccc7f9be964b8fce9eac1f95a043602b5d49c90f97907b133",,
"0x8002bc44","ApplicationState_Push","confirmed","1","1","15","12","1","1","1","1","0","direct_call+overlay","direct_call+overlay","6ad711539792c835a1e5957a689e18a37feacff3aca6fc32da53a0977616bfa6","6ad711539792c835a1e5957a689e18a37feacff3aca6fc32da53a0977616bfa6","8e951e4b86ae8e62354b944a68b6cd21560008149430026b581882c64fee8f36","0x8002C6EC","structural"
"0x8002bc80","ApplicationState_Pop","confirmed","1","1","15","13","1","1","1","1","0","direct_call+overlay","direct_call+overlay","966af418e779ebe43f150611063cdcfca430097a7521d8ee74bd564b0dee3148","966af418e779ebe43f150611063cdcfca430097a7521d8ee74bd564b0dee3148","c4ed72f8e5a36d0c58735bdb0ef28b2c68f70e453650aa3370b6d59b8a12228e","0x8002C728","structural"
"0x8002bcbc",,,"1","1","14","1","3","1","0","0","0","direct_call","direct_call","5e2aaff6738b49e20645f657299992fb8d09c3ee9a84b2564976a196a9abafaa","5e2aaff6738b49e20645f657299992fb8d09c3ee9a84b2564976a196a9abafaa","a10e0b690620267cbb0a465acd8ac3ee1c6febf747c7c98618b575d8a2404749",,
"0x8002bcf4",,,"1","1","12","4","0","1","0","0","0","direct_call","direct_call","6bafc7cec071f4006f670362ae9db9b68542cb9985d820aac97784aebd2dbd62","6bafc7cec071f4006f670362ae9db9b68542cb9985d820aac97784aebd2dbd62","c8c701ec19262204e3f28f47b6fd6539c82ef8f45c8611a54af1476c4c617904","0x8002C7BC","structural"
"0x8002bd24",,,"1","1","39","1","6","1","0","0","0","direct_call","direct_call","f96dfcd3bc339113d1f969ffaf43f5667c55537a7a34cc09fab9ba2b16367740","f96dfcd3bc339113d1f969ffaf43f5667c55537a7a34cc09fab9ba2b16367740","54f3248176f99ce3a5b58ef88e618c0951a272fd205ba049342814ba35ac43bd","0x8002C7EC","structural"
"0x8002bdc0",,,"1","1","3","5","0","1","1","1","0","direct_call+overlay","direct_call+overlay","f29532b03d05156a48b2b810589b479798e6561028deb85d3fc33ecd877e4a74","f29532b03d05156a48b2b810589b479798e6561028deb85d3fc33ecd877e4a74","6ab7bc152ded7bcafae2e95b7a28a2c0a380e7fa3afee42dc9077fcb00e50e15","0x8002C888","structural"
"0x8002bdcc",,,"1","1","4","1","0","1","0","0","0","direct_call","direct_call","0cb4fbb784cf3a9d9865d5b42bab5115344cec4c2d008abe89472195affdff38","0cb4fbb784cf3a9d9865d5b42bab5115344cec4c2d008abe89472195affdff38","b0e38e7630ef5cae3f21348c977fa6390de99a81c9eb8f6a4ae706c99b69eb4a",,
"0x8002bde4",,,"1","1","22","0","1","1","0","0","0","prologue_only","prologue_only","d6e680a0bd740e7d92dc78925dcb34714e04a89176d5626427913fe84bce9f97","d6e680a0bd740e7d92dc78925dcb34714e04a89176d5626427913fe84bce9f97","da70f15f055cf5d7c452d81d8dc95731120d5c766cea0bc22187162fb73d59a3","0x8002C8AC","structural"
"0x8002be3c",,,"1","1","11","0","1","1","0","0","0","prologue_only","prologue_only","f4385c1fc9e29d1df919f7d30e820c242511593bcd0328b9431106a60e07dfaf","f4385c1fc9e29d1df919f7d30e820c242511593bcd0328b9431106a60e07dfaf","324edf0b7eef55d06b83e3089c3e56cc307d2f33a95e5fa2c6b1861c104db35f","0x8002C904","structural"
"0x8002be68",,,"1","1","149","8","17","1","1","1","0","direct_call+overlay","direct_call+overlay","92e0970fd59af9b00216a13b4f0d2ea200959065b2347ed16d0d4b680a5b2695","92e0970fd59af9b00216a13b4f0d2ea200959065b2347ed16d0d4b680a5b2695","c64358fd9aac6d598ee0cabc393cf6dae14f8d0e60b2660c8ad30210fac780d7","0x8002C930","structural"
"0x8002c0bc",,,"1","1","51","1","9","1","0","0","0","direct_call","direct_call","396cd7b078fff0a27d359265539384104e5c14c22dd52310ce3a3e921b5825da","396cd7b078fff0a27d359265539384104e5c14c22dd52310ce3a3e921b5825da","487e5ee0e3478457e85dff000407626402ef058fdc491cd9bd10c4834f4c944c","0x8002CB84","structural"
"0x8002c188",,,"1","1","81","1","7","1","0","0","0","direct_call","direct_call","87e999b790ee38b7555ab3837d3c25ab27bcdcf829455407ed8796e333614b03","87e999b790ee38b7555ab3837d3c25ab27bcdcf829455407ed8796e333614b03","28cefbc8c70e291c041cae34a891fd5163d093f073b7e014f7c2f68ddb83ac1c","0x8002CC50","structural"
"0x8002c2cc",,,"1","1","82","1","5","1","0","0","0","direct_call","direct_call","216265f1d14f5378ae7fc5a1b9afc1b6a77aec2aa9c4420b1158746658a69222","216265f1d14f5378ae7fc5a1b9afc1b6a77aec2aa9c4420b1158746658a69222","5757822c7575e30956c2de91cb9d6d9a21b92fb174f192a8f5c47071cb1f59a6",,
"0x8002c414",,,"1","1","81","6","11","1","1","1","0","direct_call+overlay","direct_call+overlay","dd05a801928d064d7a5c230fa4ffa7b5038c715efecc9fb31d947e084c6fb04d","dd05a801928d064d7a5c230fa4ffa7b5038c715efecc9fb31d947e084c6fb04d","2a4621bfbad415d0c81756a36d85e036b34a63fb88d5b4aba5633e0d92653402","0x8002CED0","structural"
"0x8002c558","FullScreenTransition_StartPreset","strong","1","1","19","1","1","1","0","0","0","direct_call","direct_call","3393d919030f438fc51c115cee0bbb50ec331a6d3b471d674c67d3b4ce0b0883","3393d919030f438fc51c115cee0bbb50ec331a6d3b471d674c67d3b4ce0b0883","99138b4d6e9f58a0422e8e6dde1781a11f40f6ab49df7096483e4de48d050b5c","0x8002D014","structural"
"0x8002c5a4",,,"1","1","18","1","0","1","1","1","0","direct_call+overlay","direct_call+overlay","418cb3b4c2a2d2a3654714e22c3c3837c146ce9b24d11718739a5871bac68761","418cb3b4c2a2d2a3654714e22c3c3837c146ce9b24d11718739a5871bac68761","df3fe3f498d25f18fdc5c59885f863373a5309de4b398c66fc96caccc4004006","0x8002D060","structural"
"0x8002c5ec",,,"1","1","53","16","2","1","1","0","0","direct_call+overlay","direct_call","6cf9107bb59570d994345d03ba9acee33b2a197dd0252159e7527153b248f649","6cf9107bb59570d994345d03ba9acee33b2a197dd0252159e7527153b248f649","2910aea0b40e82039dde20ad67ddc2961647b7106b894fe2bae7e5cea96dc9dc","0x8002D0A8","structural"
"0x8002c6c0",,,"1","1","31","1","1","1","0","0","0","direct_call","direct_call","5a6e71e5d75a2c005792a5cf54f1956c5158cc7324cccfed7eb34c016bfa182b","5a6e71e5d75a2c005792a5cf54f1956c5158cc7324cccfed7eb34c016bfa182b","e12f2b003175adee45c5f11fc4cb2382de635af3c38b7735e710f13d1696c931","0x8002D17C","structural"
"0x8002c73c",,,"1","1","13","1","0","1","0","0","0","direct_call","direct_call","537d838af1f33aa9029cbf9d33160ae18a7d6187a189637b8b442936b633e139","537d838af1f33aa9029cbf9d33160ae18a7d6187a189637b8b442936b633e139","7b1443f317dc7e9e7acbcb05c2948a9f5a8afa540cba01cbb60590dd8ee076d8","0x8002D1F8","structural"
"0x8002c770",,,"1","1","23","0","2","1","0","0","0","prologue_only","prologue_only","dc6b0d5037a879b30bce6454fa6a0818b8f8bb494a1139ad39d1532dee14adb1","dc6b0d5037a879b30bce6454fa6a0818b8f8bb494a1139ad39d1532dee14adb1","984dd34bd7e7edc46f412e20d6b26cb4381d52d1ff744d4d721a1388033a4f6f","0x8002D22C","structural"
"0x8002c7cc",,,"1","1","4","1","0","1","0","0","0","direct_call","direct_call","caba78253821e0b78078d4075a48629007ebe556f48b72c03b4513291869c1c9","caba78253821e0b78078d4075a48629007ebe556f48b72c03b4513291869c1c9","996be428394bfc3efd76f6647e31ead631e4f49d2f6847d2ac8287d0e3acdff2",,
"0x8002c7dc",,,"1","1","7","2","0","1","0","0","0","direct_call","direct_call","90bbd390c10572e6c33053f7078d1f922a66a5481d7363ba179689cc3bb1fcb7","90bbd390c10572e6c33053f7078d1f922a66a5481d7363ba179689cc3bb1fcb7","5e3128455b7c292933fa924dd27cad0619c7bc042962a6fc7d09cdc8bb91381f","0x8002D2A0","structural"
"0x8002c7f8",,,"1","1","6","1","0","1","0","0","0","direct_call","direct_call","99580384580f5591546ee980bed504628eca3e7be0327ee0915a2038d05f630d","99580384580f5591546ee980bed504628eca3e7be0327ee0915a2038d05f630d","e1b39eb44c06db1577e90678195222c5f8dae5ee8a5469fd509537303c4d8a7b",,
"0x8002c810",,,"1","1","36","0","4","1","0","0","0","prologue_only","prologue_only","0c63902715da5ba0c00b1cb435ca237f887a0e9c4b1dd518c70e04131b08d2bd","0c63902715da5ba0c00b1cb435ca237f887a0e9c4b1dd518c70e04131b08d2bd","9d3b2d3ee2df191cf7f928d8b454a74050e754d62713a3f1d2ecd57b27a5e05b","0x8002D2D4","structural"
"0x8002c8a0",,,"1","1","47","2","7","1","1","1","0","direct_call+overlay","direct_call+overlay","7f432d34ca9479af19d6e581d02342e5768c66ca10f971253b9ba61531a650cd","7f432d34ca9479af19d6e581d02342e5768c66ca10f971253b9ba61531a650cd","7dd9d6f4cc22367b99200424476ff3ae9a5ef21a04c9a9b0663abd74b9172548",,
"0x8002c95c","Campaign_AdvanceOrComplete","confirmed","1","1","71","1","6","1","0","0","0","direct_call","direct_call","16bb18174200e2a329da124a7a8347dd406b0b7c89d2bf7ec11b550e5bc84af3","16bb18174200e2a329da124a7a8347dd406b0b7c89d2bf7ec11b550e5bc84af3","7e2204374ac17edb270053df5413ad2fdb5b7f4bfcf481c3750cfad74a1e345c",,
"0x8002ca80",,,"1","1","14","1","0","1","0","0","0","direct_call","direct_call","9e3bdc52b4aafcfa821fce9a7d9f81fdc36d11006b139b26ab2c804389e5eed9","9e3bdc52b4aafcfa821fce9a7d9f81fdc36d11006b139b26ab2c804389e5eed9","557dd93e7e49effbb46207dda552177856c85a4ed5c55f62da8a90eaca8c057e","0x8002D5D0","structural"
"0x8002cab8",,,"1","1","127","1","2","1","0","0","0","direct_call","direct_call","dc273195824bfcfa887a8b4c4db88a7902f74a76fafb58d1e7de4ec3d8d72954","dc273195824bfcfa887a8b4c4db88a7902f74a76fafb58d1e7de4ec3d8d72954","483388b573f1137d551d459fdf5cf753a45b33c8aa89b694b676acabc5e298fc",,
"0x8002ccb4",,,"1","1","110","1","1","1","0","0","0","direct_call","direct_call","780e58ac60f45009df288057348664e4488f835e660893f2b6a2b25cac29260a","780e58ac60f45009df288057348664e4488f835e660893f2b6a2b25cac29260a","c0eae21443a9d59ddf657dad7c6973debebe6d6aa871abfc76394f38bed0718e","0x8002D828","structural"
"0x8002ce6c",,,"1","1","26","1","0","1","0","0","0","direct_call","direct_call","64c950dd94438dc5b87ad4df9d6b7cb2c3bf072591eb401c8d887f0678ca6a75","64c950dd94438dc5b87ad4df9d6b7cb2c3bf072591eb401c8d887f0678ca6a75","3c8e28dfbd3d94278c1efed1e1cf3ca9fd4760ec65a945328bd003ae22a8ec60","0x8002D9E0","structural"
"0x8002ced4",,,"1","1","62","14","3","1","1","1","0","direct_call+overlay","direct_call+overlay","5fbdb1cf83731708f8a96e945f22dbcc8a6b81536bb5ff85b9a8a46eb360f684","5fbdb1cf83731708f8a96e945f22dbcc8a6b81536bb5ff85b9a8a46eb360f684","10b21f70467b8c874f0c88923762ca660e2aeb14886c2450ea376bb8990ab2e9","0x8002DA48","structural"
"0x8002cfcc",,,"1","1","71","3","4","1","1","1","0","direct_call+overlay","direct_call+overlay","cb466e88192c018cd067ad43d9e31bc3f010352ee9d2ac03a6f281bc418e0849","cb466e88192c018cd067ad43d9e31bc3f010352ee9d2ac03a6f281bc418e0849","48a6cf6c0637ffb431081d358eb72c30959b5aae5cd60d411b91cb82262f397c","0x8002DB40","structural"
"0x8002d134",,,"1","1","27","2","0","1","0","0","0","direct_call","direct_call","3c2929e6300230ec0137bd189e4733cb6306bde4f685518509ee85fd304fce10","3c2929e6300230ec0137bd189e4733cb6306bde4f685518509ee85fd304fce10","354cc012c7d960e7517099d602e009224483659c9bb3296005ac72fa9df19316","0x8002DCA8","exact"
"0x8002d1a0",,,"1","1","69","2","1","1","0","0","0","direct_call","direct_call","49a7b066df402634165560e3daf75feb80357e5988c3ddb4f5d5c971c9d158ad","49a7b066df402634165560e3daf75feb80357e5988c3ddb4f5d5c971c9d158ad","fadcb15477d29820f85ab6d2d93f92d69620696895f76b5d7d2c1862228dbbe6","0x8002DD14","structural"
"0x8002d2b4",,,"1","1","35","4","0","1","1","1","0","direct_call+overlay","direct_call+overlay","079cfaee7835f5d80891c140badf7bc58f1835814f5689a1954f1cc0fa4a306d","079cfaee7835f5d80891c140badf7bc58f1835814f5689a1954f1cc0fa4a306d","a1727f9ac25000cfae2abd32fb4d5b16368bc78f6b5994a4238573662fe7c3d8","0x8002DE28","structural"
"0x8002d340",,,"1","1","26","2","0","1","1","1","0","direct_call+overlay","direct_call+overlay","f0c6b63cc354cf3d0532ddcc9ef95e444e8229160f12b987ca463ad900f71355","f0c6b63cc354cf3d0532ddcc9ef95e444e8229160f12b987ca463ad900f71355","ded08aaf6e708f8b9134f368dc48453554368720f9847a0a3573dd57fbdf4492","0x8002DEB4","structural"
"0x8002d3a8","Object_ResolveRuntimeRecord","confirmed","1","1","26","24","0","1","1","1","0","direct_call+overlay","direct_call+overlay","15ddc6b02ca72f76964c8b845a587a62465b4f3d8661d678a2972a42a1f494f6","15ddc6b02ca72f76964c8b845a587a62465b4f3d8661d678a2972a42a1f494f6","84846488ad47ab90f5f99bd2baca4d0e7e36439179cb30f952dcdd76b2e2d8fa","0x8002DF1C","structural"
"0x8002d410",,,"1","1","41","1","1","1","1","1","0","direct_call+overlay","direct_call+overlay","97dcc7284ea156aed5c6dfd11dbbbedc5246f763059de977862559490723bca8","97dcc7284ea156aed5c6dfd11dbbbedc5246f763059de977862559490723bca8","dcbf52c7a068263da2861ea060544162517efd8d5d5c49a07588ed764d83e166","0x8002DF84","structural"
"0x8002d4b4",,,"1","1","18","7","1","1","1","1","0","direct_call+overlay","direct_call+overlay","4675e88254ef63160fd716cbcb63693087022fa6201a2c7aef24d768ad86ec1d","4675e88254ef63160fd716cbcb63693087022fa6201a2c7aef24d768ad86ec1d","f2762db5c8ada853101824632b6f95b4df1e51430bd009dee9af15375901fed4","0x8002E028","structural"
"0x8002d4fc",,,"1","1","26","3","0","1","1","1","0","direct_call+overlay","direct_call+overlay","a63e1154743d36925205ec6867875ef87746e1cde2fe454d95102a93981b4306","a63e1154743d36925205ec6867875ef87746e1cde2fe454d95102a93981b4306","811bd5e8510d0e282d75dcf941ac2cf6d19014f81b4b6db49f910e82ccefb6d0","0x8002E070","structural"
"0x8002d564",,,"1","1","48","1","2","1","1","1","0","direct_call+overlay","direct_call+overlay","6775d8b3fcef1e4f4ec0bd78aada9bff094ec407a8da42604c0fc7d0d46cb234","6775d8b3fcef1e4f4ec0bd78aada9bff094ec407a8da42604c0fc7d0d46cb234","0f8016f254a394b1c74df6f193c802ce08c604253e26d23df073c2fcf91def88","0x8002E0D8","structural"
"0x8002d624",,,"1","1","45","5","6","1","0","0","0","direct_call","direct_call","b654ae4369fa3d3491510983b6f0418614751caaee74dbe8f80d6be73e8fc78c","b654ae4369fa3d3491510983b6f0418614751caaee74dbe8f80d6be73e8fc78c","d2c58ff16e0aa861cde8661d636de0c456622a7e8f6112c616db219d9591381b","0x8002E198","structural"
"0x8002d6d8",,,"1","1","101","1","8","1","0","0","0","direct_call","direct_call","d0e003729eb05fe17d369a64765aef0c5b9f9220a83ac1947d534b1093abe972","d0e003729eb05fe17d369a64765aef0c5b9f9220a83ac1947d534b1093abe972","61403a434dc12305168795f83fadb62c53c49a114405cfed8907bfdd5be6321c",,
"0x8002d86c",,,"1","1","25","1","1","1","0","0","0","direct_call","direct_call","5330857becbe0f02a4df2cf4fd709ed0c73c0a0ed91055b7797da39ddd541c6e","5330857becbe0f02a4df2cf4fd709ed0c73c0a0ed91055b7797da39ddd541c6e","b8f87f65354050bf0f5ea82476b7a59ea4633e21994072ccac0c8b8cafee430f",,
"0x8002d8d0",,,"1","1","17","0","5","1","1","1","0","overlay","overlay","0167f0a159a8b9c2eb6f9387529f35e0e98910d152ceff3fa055e7a08f45a367","0167f0a159a8b9c2eb6f9387529f35e0e98910d152ceff3fa055e7a08f45a367","ab27dac664b23069bf9038a129912b21b1fd95e0d656703a6c4196a971fb48b2","0x8002E3B8","structural"
"0x8002d914",,,"1","1","20","2","2","1","0","0","0","direct_call","direct_call","65eb694e698790894aebe693bd061b68e027a6a565d1a682d0563d377193fc3d","65eb694e698790894aebe693bd061b68e027a6a565d1a682d0563d377193fc3d","4672ad192952beb8b1d531e7550c620b470c1cc6a74955a39af19c32b079f99e","0x8002E3FC","structural"
"0x8002d964",,,"1","1","29","2","2","1","0","0","0","direct_call","direct_call","468d6a061ae39611e4ab03207735fbf9d9a46b6cf146ef45c95623d1e8ec3a60","468d6a061ae39611e4ab03207735fbf9d9a46b6cf146ef45c95623d1e8ec3a60","4e6ba1b761cd13e369d444edaddecf81ecc1828fc62bb3eff08b5495bc75169f",,
"0x8002d9d8",,,"1","1","10","1","1","1","0","0","0","direct_call","direct_call","476b75accd4f94076b03eb7329c9c8f770a217655e78cf13d70d5db0f0ae825f","476b75accd4f94076b03eb7329c9c8f770a217655e78cf13d70d5db0f0ae825f","c50308e9df77b76d1ad6ffcc960e2d34935fec6915af437be19b4425bd4e1fcd","0x8002E4C8","structural"
"0x8002da08",,,"1","1","12","0","1","1","0","0","0","prologue_only","prologue_only","65189f6d38206ea5b079b46454f5507f672c7a23661f5c0967cd996e7dfc8be3","65189f6d38206ea5b079b46454f5507f672c7a23661f5c0967cd996e7dfc8be3","05203f4c586fba8bae73e058fba35c1fdd7f4a711b705e93702375b4bf5f2f9b","0x8002E4F8","structural"
"0x8002da38","MissionOutcome_RecordAndPresent","strong","1","1","167","4","8","1","0","0","0","direct_call","direct_call","70fb04dcdcff3818920b168e21ac22f9a0ba2b1dbd504ad8ac819802fd82e771","70fb04dcdcff3818920b168e21ac22f9a0ba2b1dbd504ad8ac819802fd82e771","4e606a10f7aa99f0dc6047bb9c383a1dbbb3db54ac30804735611171480c5e66","0x8002E528","structural"
"0x8002dcd4",,,"1","1","8","1","0","1","0","0","0","direct_call","direct_call","af3d249909fdf1ba8636b63a6652ffc71b3826f3b35f0510791c138aae240491","af3d249909fdf1ba8636b63a6652ffc71b3826f3b35f0510791c138aae240491","a718ec6e6050bda7665a198653f83458355ded7742d3fecb20f833bbdc06debe","0x8002E7C4","structural"
"0x8002dcf4",,,"1","1","35","0","2","1","0","0","0","prologue_only","prologue_only","59c81b481849a2f6ce5555c88f106e17114494e581bda2a7646660f3c027212c","59c81b481849a2f6ce5555c88f106e17114494e581bda2a7646660f3c027212c","073b69aba5fb74f106c7aca1fe22e41b79f0ddde2b5ef824574f8bdbe66f0721","0x8002E7E4","structural"
"0x8002dd80",,,"1","1","31","2","3","1","0","0","0","direct_call","direct_call","670dfbd341dc048dab6a479c54b7899948e25e90712aeba2b3ef2f090ad447cf","670dfbd341dc048dab6a479c54b7899948e25e90712aeba2b3ef2f090ad447cf","940daadb782c47c801742e313a9713cbcffbbfdce4b13ea141b38a08383cc164","0x8002E870","structural"
"0x8002ddfc",,,"1","1","31","1","0","1","0","0","0","direct_call","direct_call","e2a0dbf37fb68030a27cbbdefff7d96fd8e0df8372486cd278ac75cf41f035f5","e2a0dbf37fb68030a27cbbdefff7d96fd8e0df8372486cd278ac75cf41f035f5","900d05de5a074813c59aab98a85784a50ebe62f20cf12754c87dffbfcba7a92e","0x8002E8EC","structural"
"0x8002de78",,,"1","1","17","1","2","1","0","0","0","direct_call","direct_call","e1548a33fbe79e918919281ddfdc2f8499d5b5ef12c556ced77682403eb43bec","e1548a33fbe79e918919281ddfdc2f8499d5b5ef12c556ced77682403eb43bec","cc64a05da19bc59c5d6a0d387b7e183401d6549f71a66e68601c494e12165ef0","0x8002E968","structural"
"0x8002debc",,,"1","1","18","3","2","1","0","0","0","direct_call","direct_call","40b0b30234a102ded13c12ccf987943cbe89d93a524f64ad48e18842a27d53b8","40b0b30234a102ded13c12ccf987943cbe89d93a524f64ad48e18842a27d53b8","f8b09d2fecfe80284832d20704a6dc1dd9c39e6a7e50c287764ac11f8d8c1f71","0x8002E9AC","structural"
"0x8002df04","MissionObjective_RevealAndPresent","strong","1","1","116","2","6","1","1","0","0","direct_call+overlay","direct_call","b7b69182cf53c6844ef21980b897ae246002a9bdd5f11a0d9fa1afa6c7676792","b7b69182cf53c6844ef21980b897ae246002a9bdd5f11a0d9fa1afa6c7676792","0c0f46affa262ae62e24d90394f6683d0d4d6ea48f88ddbd53196e03eec3b836","0x8002E9F4","structural"
"0x8002e0d4",,,"1","1","228","2","5","1","0","0","0","direct_call","direct_call","c6edef470e68e6e46947cc115f2aa85fe8bd3923b169dfa50863e9aa0fadeb2c","c6edef470e68e6e46947cc115f2aa85fe8bd3923b169dfa50863e9aa0fadeb2c","40d39f0354be173d9013270fd898103f993975ea2008bacfad3496485f8866fe","0x8002EBC4","structural"
"0x8002e464",,,"1","1","95","1","2","1","0","0","0","direct_call","direct_call","1ff0de38713f0585db3c781e996f6519e418d60bca7b6012659c72b5c28ff79b","1ff0de38713f0585db3c781e996f6519e418d60bca7b6012659c72b5c28ff79b","fc001773bfe07ec42c84273930e82e315b8d9cbe3a5f72e2b77a1cf6c5b8ee56","0x8002EF54","structural"
"0x8002e5e0",,,"1","1","18","1","2","1","0","0","0","direct_call","direct_call","e9c43d7035e440e2aa40aaea166d2664daae39c224970cdcc3df40442247b8aa","e9c43d7035e440e2aa40aaea166d2664daae39c224970cdcc3df40442247b8aa","ab2bfa87022320956031eaba901aa3fac7bf8c8e81b7cd110661d376c18baa35","0x8002F0D0","structural"
"0x8002e630",,,"1","1","16","0","2","1","0","0","0","prologue_only","prologue_only","5e34ed89b5699908d8ea7bfe7ce290df35f486a08719fed753f9937292e4911c","5e34ed89b5699908d8ea7bfe7ce290df35f486a08719fed753f9937292e4911c","f054f180dd48bbf3c3c93e26e17d7b3eac2ccad4cf76cf9f152b3255d0f3e0b2","0x8002F120","structural"
"0x8002e670",,,"1","1","17","1","2","1","0","0","0","direct_call","direct_call","6ae3adadddf0e7c3f4876936dd957a2955924e4b08aa4fe609ee6495c61867b9","6ae3adadddf0e7c3f4876936dd957a2955924e4b08aa4fe609ee6495c61867b9","90f91e8ef2b5475418f31a117df9fc82edc18709d7718a2359c68f0316c6c1ab","0x8002F160","structural"
"0x8002e6b4",,,"1","1","13","1","1","1","0","0","0","direct_call","direct_call","e4ca53db098d7f7b692d15254d5157eb9903e3ad277e84b75db674f8e6917183","e4ca53db098d7f7b692d15254d5157eb9903e3ad277e84b75db674f8e6917183","a9d9e659b9fd2c72e91df44fe1d2fb78805b809746c0f23ef0c621939d7c2039","0x8002F1A4","structural"
"0x8002e6e8","MissionObjective_Complete","strong","1","1","69","2","3","1","1","1","0","direct_call+overlay","direct_call+overlay","a23f1a3dd2f51bedac809bd4cde1978e711463f5fa12d1151dcad8fa7efe5382","a23f1a3dd2f51bedac809bd4cde1978e711463f5fa12d1151dcad8fa7efe5382","6369c817cb28c7207c73e1fda0b5b72f9d3dda66b5f11a0b0b37e05eb067a259","0x8002F1D8","structural"
"0x8002e7fc",,,"1","1","3","0","0","1","1","1","0","overlay","overlay","3ef375cc8fec1adfad30bace8e87e2df2a037229e6b6ccecd083319746026338","3ef375cc8fec1adfad30bace8e87e2df2a037229e6b6ccecd083319746026338","8f0d2158f71c7be84ea2a8e3a443a4cad020a276b18237a5df1190133f56a79b",,
"0x8002e808",,,"1","1","12","1","0","1","0","0","0","direct_call","direct_call","30f6dbde5dc2ccfcf43dc9c22ff5a32bad1769ccc70a60bc11ac02f8f5f0532c","30f6dbde5dc2ccfcf43dc9c22ff5a32bad1769ccc70a60bc11ac02f8f5f0532c","911c8a9b4d875acda145aa51e575a81693bcbc2641a53856cb385803760099e1",,
"0x8002e838",,,"1","1","65","3","1","1","1","1","0","direct_call+overlay","direct_call+overlay","fd7c6454185a4b6713196fb846221e7144dabd62ab905e57884df161f7f3ef30","fd7c6454185a4b6713196fb846221e7144dabd62ab905e57884df161f7f3ef30","dd3079b0cd5bb9e991dffd34a26f60f2ba61d6981b086d2144bea8b056b22c2a","0x8002F300","structural"
"0x8002e93c",,,"1","1","19","2","0","1","1","1","0","direct_call+overlay","direct_call+overlay","85d46f14a0ec0b03630db87c003fcc94737e46ec42d8e994c28b3b037bc8ce03","85d46f14a0ec0b03630db87c003fcc94737e46ec42d8e994c28b3b037bc8ce03","44a7fc04fbc80b870a3ae5f40888320ea58091f5450c23b22fb9f421755766c3","0x8002F404","structural"
"0x8002e988",,,"1","1","410","1","2","1","1","1","0","direct_call+overlay","direct_call+overlay","1a05c7065e252155f66d876eb1abd8ad6c53aea2a1eb653ddceb6869cd326223","1a05c7065e252155f66d876eb1abd8ad6c53aea2a1eb653ddceb6869cd326223","d7a987fcb464cada77d758c7c6d387172bbfba03b9b163bdf93ffa08bbf5a40c","0x8002F450","structural"
"0x8002eff0",,,"1","1","39","2","1","1","1","1","0","direct_call+overlay","direct_call+overlay","46bde19810bc726e1a13b9b5ebffc7601e9b4e42927d931e0feeb4ad4a689f4e","46bde19810bc726e1a13b9b5ebffc7601e9b4e42927d931e0feeb4ad4a689f4e","5eba2bfe89a747ae36c8faacbb000c7eab87bac18e3363f383fe71dd777615ba","0x8002FAB8","structural"
"0x8002f08c",,,"1","1","27","8","0","1","0","0","0","direct_call","direct_call","cf40ba7edede92b4ce9e8a9e2f02d7f0985c3756d46f35ec8afc37c9f1fe16e2","cf40ba7edede92b4ce9e8a9e2f02d7f0985c3756d46f35ec8afc37c9f1fe16e2","a40ca642fb8e42ca55a3ca06c81f17183cb0ff48845cd26db94af38ec614f04f","0x8002FB54","structural"
"0x8002f0f8",,,"1","1","68","38","0","1","1","1","0","direct_call+overlay","direct_call+overlay","f0d308aca9ec8bfdcd569746b52a47da67f6ce02419e0a183de51289796fd62e","f0d308aca9ec8bfdcd569746b52a47da67f6ce02419e0a183de51289796fd62e","c85d1adf1545fcc3ff9298633b3e4b59709262cf64b9bc27f5a77e817f1b867c","0x8002FBC0","structural"
"0x8002f208",,,"1","1","31","21","3","1","0","0","0","direct_call","direct_call","0180eba3c9358897e47c7c8876671bfee6386e4cc514c8172e5754d2eda24815","0180eba3c9358897e47c7c8876671bfee6386e4cc514c8172e5754d2eda24815","f228d7dad8f6ee040c901c28b5fc5dd839b7f943c86a3747dec4be3eac577747",,
"0x8002f284",,,"1","1","31","3","3","1","0","0","0","direct_call","direct_call","d063b8ccba52a3ae73bd68e894f307d4ddf9fe6b4105e5a772e39212002992ab","d063b8ccba52a3ae73bd68e894f307d4ddf9fe6b4105e5a772e39212002992ab","f228d7dad8f6ee040c901c28b5fc5dd839b7f943c86a3747dec4be3eac577747",,
"0x8002f300",,,"1","1","29","2","1","1","0","0","0","direct_call","direct_call","61b2b9b23ae65e5aa1ce3d9a39a476f17400332c2b6c81b8d53adc2f22aa5bad","61b2b9b23ae65e5aa1ce3d9a39a476f17400332c2b6c81b8d53adc2f22aa5bad","5cd0c68b71b2e743d9a5576fa26fb975216f3da669775ab694b958ce87857cde","0x8002FDC8","structural"
"0x8002f374",,,"1","1","113","2","3","1","0","0","0","direct_call","direct_call","6e8009b4aa9cec987e9f008ae799fa3fbcb7d31c5c3f4cc6a53e3c66119034a0","6e8009b4aa9cec987e9f008ae799fa3fbcb7d31c5c3f4cc6a53e3c66119034a0","d6d2483367d011db7b34ee22e29ad4d6beca389d1edc876657e4f241ebac96af","0x8002FE3C","structural"
"0x8002f538",,,"1","1","127","2","3","1","0","0","0","direct_call","direct_call","8ac5477040573fc8d552cbd4170396afb77762d52cd06d017dd57d765ab4e882","8ac5477040573fc8d552cbd4170396afb77762d52cd06d017dd57d765ab4e882","0387269e675be35d28368f94a7e5a6a341898871f7d67c7c358a23b9eac052e2","0x80030000","structural"
"0x8002f734",,,"1","1","12","1","1","1","0","0","0","direct_call","direct_call","fd9bb801c2af2d445b1c90bf0996963525a23f473a2c23750ccbe1cc56226271","fd9bb801c2af2d445b1c90bf0996963525a23f473a2c23750ccbe1cc56226271","ed4205bd4119c1f9842030d82cb54043174a36fda53bb56941ea9f163efadd68","0x800301FC","structural"
"0x8002f764",,,"1","1","22","1","1","1","0","0","0","direct_call","direct_call","5660f1b12cbcfc2df17e7c517ce38f4616b0db22a9d71a0d80297eadf0244e59","5660f1b12cbcfc2df17e7c517ce38f4616b0db22a9d71a0d80297eadf0244e59","edaf8585e30d5112297ed326b0b1d875f3f5ebaa667de7ac881db64e572df9bc",,
"0x8002f7bc",,,"1","1","22","1","1","1","0","0","0","direct_call","direct_call","28967df863dc24951505568a711be3a337d334bf721474dea346a8ab8d12092b","28967df863dc24951505568a711be3a337d334bf721474dea346a8ab8d12092b","edaf8585e30d5112297ed326b0b1d875f3f5ebaa667de7ac881db64e572df9bc",,
"0x8002f814",,,"1","1","31","6","1","1","0","0","0","direct_call","direct_call","36b881a0067aba17a3b5ef1a1cd30abb1d70b94fba1f841b9aa399dcd8d12b42","36b881a0067aba17a3b5ef1a1cd30abb1d70b94fba1f841b9aa399dcd8d12b42","24beda2255ce4cfcc369713b368c8b5dc902a38c1cad277b5688a9deddabdcb5","0x800302DC","structural"
"0x8002f890",,,"1","1","14","3","0","1","0","0","0","direct_call","direct_call","982d93d4ef0d9d2edd055996b4a77bb9571b3bbef09d479862cea52bf0c183a2","982d93d4ef0d9d2edd055996b4a77bb9571b3bbef09d479862cea52bf0c183a2","17fb05d3f83eacfc7b301bc7bfa1ad45d6124a3717a9c092ba023e0d337faa0f","0x80030358","structural"
"0x8002f8c8",,,"1","1","33","3","0","1","0","0","0","direct_call","direct_call","92d0f8b59100973c76a778827c5fd902f205648be4528ab7170cd8297116382f","92d0f8b59100973c76a778827c5fd902f205648be4528ab7170cd8297116382f","919a029c62072b7bace90f9e1872c7c3286b068dff8d60070398cfd050407cd2","0x80030390","structural"
"0x8002f94c",,,"1","1","49","1","3","1","0","0","0","direct_call","direct_call","49028f7a89ba44f1e01c6a9a5320668ce867a6eb753c71b141e9b032af436d37","49028f7a89ba44f1e01c6a9a5320668ce867a6eb753c71b141e9b032af436d37","cc3bb3667414fef7cff4adc11535127ac13bd6ade9f259e0ed9a98535c38978c","0x80030414","structural"
"0x8002fa10",,,"1","1","86","4","1","1","0","0","0","direct_call","direct_call","f773890f2b3c2ba087decd37616039247a3c0182a6bb0ecb32363e27c6c3d8c7","f773890f2b3c2ba087decd37616039247a3c0182a6bb0ecb32363e27c6c3d8c7","0d64608082d49b71864cf0c77e2efc6b25b59b9e37a41d9758456b0a55b1ab49","0x800304D8","structural"
"0x8002fb68",,,"1","1","115","1","2","1","0","0","0","direct_call","direct_call","880cdb2593c55179e809f4a78eb5ade483aa53272c36d818a74f911ddbe0457d","880cdb2593c55179e809f4a78eb5ade483aa53272c36d818a74f911ddbe0457d","28d0afe2bf9c1ec870806a861916bf0f5c0066f40d1e0d31e8f454a782722997","0x80030630","structural"
"0x8002fd34",,,"1","1","23","2","3","1","0","0","0","direct_call","direct_call","3e02a61d82e1a70125ba2cc5fd1adb46a61bcdae43628d77652506cbfd6e94d8","3e02a61d82e1a70125ba2cc5fd1adb46a61bcdae43628d77652506cbfd6e94d8","b6353a0462873bae94781948ba9827baebec413fd467573b7e9bba5e0dbca90b","0x800307FC","structural"
"0x8002fd90",,,"1","1","27","1","1","1","0","0","0","direct_call","direct_call","1904c266ed426cd442e1c571bb6f741b1d0ee020a0c095678dd334b49a7514d7","1904c266ed426cd442e1c571bb6f741b1d0ee020a0c095678dd334b49a7514d7","5bdc01321fef0bb53d099ab4abf6aa2c484edbb65884d8e2081ad47a4d3e0700","0x80030858","structural"
"0x8002fdfc",,,"1","1","66","1","3","1","0","0","0","direct_call","direct_call","0a4b9ce0873b87cbf73d7235d6515391465ff0182e6f0876b78de0e9ce59fb1c","0a4b9ce0873b87cbf73d7235d6515391465ff0182e6f0876b78de0e9ce59fb1c","b07fd02f2d92acb887c2f40d1e0d768238bac35f51fedf879e96024371c5f002","0x800308C4","structural"
"0x8002ff04",,,"1","1","102","1","3","1","0","0","0","direct_call","direct_call","e971fbf80820cac1e4484b7e88ac9f5e0a2cc9323f3738ca189888458ac8e26d","e971fbf80820cac1e4484b7e88ac9f5e0a2cc9323f3738ca189888458ac8e26d","23693557b4734a51de12c87dc745c9b6ef825ca02d7a945b1cb696008bf03109","0x800309CC","structural"
"0x8003009c",,,"1","1","450","1","3","1","0","0","0","direct_call","direct_call","762081f7e08f05a6b375c2aa34e1ec03e2f7ce71cfabb36717467eae333a41c5","762081f7e08f05a6b375c2aa34e1ec03e2f7ce71cfabb36717467eae333a41c5","ce26fee3d02a0b8e9d99b840609deda169dbaf3dbe6df2003d5199a8b33462b9","0x80030B64","structural"
"0x800307a4",,,"1","1","5","7","0","0","0","0","0","direct_call","direct_call","f6af2a207a16495ffb8117b7350e8f75d807459727aa3ef470d2fe89a535cded","f6af2a207a16495ffb8117b7350e8f75d807459727aa3ef470d2fe89a535cded","fa9f5259dbe4d1c6ebc6bbeb5fe2448366db2dc59eeb6a0e024a30fc486150c4","0x8003126C","exact"
"0x800307b8",,,"1","1","86","0","0","1","0","0","0","prologue_only","prologue_only","f3d597b83814d53f9a5433455618f25196fd1703729dc2a93c5d510977692282","f3d597b83814d53f9a5433455618f25196fd1703729dc2a93c5d510977692282","d41abbeca632c60b68bd1d4b33196974f970098f216e39c3aeb260d7cb9b735a","0x80031280","structural"
"0x80030910",,,"1","1","171","1","3","1","0","0","0","direct_call","direct_call","c613e36a8a008ae7d0641beaad4da84b9d0b89bfa5ab8d70db43e823036ff3fc","c613e36a8a008ae7d0641beaad4da84b9d0b89bfa5ab8d70db43e823036ff3fc","617162285f3f68ec90de56f8781d9abbacc30c920c81d31d5a18fde9d051ea10","0x800313D8","structural"
"0x80030bbc",,,"1","1","219","1","3","1","0","0","0","direct_call","direct_call","37eb55286d924acfb3c1960ce54f1c968a6fc397739ca8e724b7ac7fb48278a3","37eb55286d924acfb3c1960ce54f1c968a6fc397739ca8e724b7ac7fb48278a3","607407775b18e2e80ec8d0e9eb029577fe8fd2005f071363c3d1a2688fa9e2d1","0x80031684","structural"
"0x80030f28",,,"1","1","22","1","1","1","0","0","0","direct_call","direct_call","362b94049ea1f667acf632484589a79669c0e618826604fee8d5ab59e2ce6f59","362b94049ea1f667acf632484589a79669c0e618826604fee8d5ab59e2ce6f59","810ff304a9f57c3d1a9a5091c71b1a2e4353725d3daa901b60c7ad1755710fc4","0x800319F0","structural"
"0x80030f80",,,"1","1","52","1","2","1","0","0","0","direct_call","direct_call","2f76f35c2faf9d148464bfe3aa8ca5bae9bce6a117d98afe2321f00b2ad18009","2f76f35c2faf9d148464bfe3aa8ca5bae9bce6a117d98afe2321f00b2ad18009","842f70f6abea6cdc9ed50e0d703fd44bd54532f092d15ffdf49c2ce81b429253","0x80031A48","structural"
"0x80031050",,,"1","1","41","1","1","1","0","0","0","direct_call","direct_call","82b3617d273c7d767f4066d25afcdb77dfe92e029cfc965f16e735f08a82ecb0","82b3617d273c7d767f4066d25afcdb77dfe92e029cfc965f16e735f08a82ecb0","ebaacaa2361cc182e849b3131c5871623913cfa8d282e0c9d86e8097ae4cbf64","0x80031B18","structural"
"0x800310f4",,,"1","1","65","1","3","1","0","0","0","direct_call","direct_call","8e2ef7bd3322765091fbb79e35b658926a9717a695bd1962efaa9675d60ec3ce","8e2ef7bd3322765091fbb79e35b658926a9717a695bd1962efaa9675d60ec3ce","c33655806b39acd9fdb9d32e80f255d499905735d45d6f23f75db6d92c6df777","0x80031BBC","structural"
"0x800311f8",,,"1","1","127","1","2","1","0","0","0","direct_call","direct_call","547297aa17301fc98cb40111bf7772033fdedfc5a0c8fc5894a035f3a2750a2d","547297aa17301fc98cb40111bf7772033fdedfc5a0c8fc5894a035f3a2750a2d","239bd10046ce2e082018a56e561230dcc0253fff120885087133d7c6cae16dc4","0x80031CC0","structural"
"0x800313f4",,,"1","1","28","2","1","1","0","0","0","direct_call","direct_call","0abdaa9f37b34b9473302acec8acab1585e8c123ed4c103cb784c75939e0ea03","0abdaa9f37b34b9473302acec8acab1585e8c123ed4c103cb784c75939e0ea03","1f5de01faca6bd38c9a359f6ba80860cc342b1063f9ff122b8aaf63913ad5d10","0x80031EBC","structural"
"0x80031464",,,"1","1","19","4","0","1","0","0","0","direct_call","direct_call","f106b1b9fda79c77e330aa544dc5d02e3257e288dfdb1da6bff5f453b4214553","f106b1b9fda79c77e330aa544dc5d02e3257e288dfdb1da6bff5f453b4214553","eca46a494ae93c69fdb39dcf1215a216e89b533a1f4fbb6a540da52f9d640b33",,
"0x800314b0",,,"1","1","19","5","0","1","0","0","0","direct_call","direct_call","b5abdd5b5885c52069b54e512c5fdc435e938a0fd6650d8c276c643efdde9089","b5abdd5b5885c52069b54e512c5fdc435e938a0fd6650d8c276c643efdde9089","eca46a494ae93c69fdb39dcf1215a216e89b533a1f4fbb6a540da52f9d640b33",,
"0x800314fc",,,"1","1","69","1","1","1","0","0","0","direct_call","direct_call","214f81204fd03826391e85b8604d01486e45d4695a2481871edd86b29d835c59","214f81204fd03826391e85b8604d01486e45d4695a2481871edd86b29d835c59","d940e6bce964c8fbcef63a018498e7fdb2ea04e6a62bd961b3667f134e5ef158",,
"0x80031610",,,"1","1","69","1","1","1","0","0","0","direct_call","direct_call","71abfb829e5d756462d24960b77466643cde869dca90491db17d8439af0a68eb","71abfb829e5d756462d24960b77466643cde869dca90491db17d8439af0a68eb","d940e6bce964c8fbcef63a018498e7fdb2ea04e6a62bd961b3667f134e5ef158",,
"0x80031724",,,"1","1","3","2","0","1","0","0","0","direct_call","direct_call","f480874b0b7372b3851a22ca5ff528697420cd9dda663c5e10b1024107f497dc","f480874b0b7372b3851a22ca5ff528697420cd9dda663c5e10b1024107f497dc","4957f5372e34b70d76a56a232f14cdfbde36664457628f8b757aac861b817110","0x800321EC","exact"
"0x80031730",,,"1","1","24","1","0","1","0","0","0","direct_call","direct_call","bfc7283c8299f20bf53cb66ef6275a8513440532b39bd6fde73ddc75f3e8efd5","bfc7283c8299f20bf53cb66ef6275a8513440532b39bd6fde73ddc75f3e8efd5","be17f7a46b97df66362624f0e8c6d3475a67b4e74f402e4260508e16ced9a5aa","0x800321F8","structural"
"0x80031790",,,"1","1","42","3","1","1","0","0","0","direct_call","direct_call","d2d559449781d890289d2973a30590b3804d2ba7346c19ae15efa8a4de96ba26","d2d559449781d890289d2973a30590b3804d2ba7346c19ae15efa8a4de96ba26","b5f2990652fe80f3653e1774a373346cce579db816d46452a87be696a6d4986a","0x80032258","structural"
"0x80031838",,,"1","1","57","4","0","1","0","0","0","direct_call","direct_call","7f3874e16d3f70e6ec942137f716667079ca3f94956c70da7a86dcbeca0e9b73","7f3874e16d3f70e6ec942137f716667079ca3f94956c70da7a86dcbeca0e9b73","b66ebcedfc12117a6051b00ce3a525a7666284d0f70c6962099ed67c8d7bd83b","0x80032300","exact"
"0x8003191c",,,"1","1","51","2","3","1","0","0","0","direct_call","direct_call","386715c9b3bb2be197e64fdc3a78b4c6f38e4cf308c66cf5591e0948a0211d02","386715c9b3bb2be197e64fdc3a78b4c6f38e4cf308c66cf5591e0948a0211d02","6f627dd7f15ef55ab43c0267a392c2d799c66578b0c6572cdd26dd75f2d52ffe","0x800323E4","structural"
"0x800319e8",,,"1","1","36","2","0","1","0","0","0","direct_call","direct_call","1935365ee9aca695fc7b86839d363a433856cc720a4e475f3aab653488350dc0","1935365ee9aca695fc7b86839d363a433856cc720a4e475f3aab653488350dc0","fa9370b7483ff070a399bc32848f12c6ad6692ebfb7541012bbfe6b9b10142ce","0x800324B0","structural"
"0x80031a78",,,"1","1","704","1","9","1","0","0","0","direct_call","direct_call","0650df7845229179e8cd2c7d5a9952197c956adf4ae878f65c38d13214d97970","0650df7845229179e8cd2c7d5a9952197c956adf4ae878f65c38d13214d97970","b73fb4f9edeb39fce99f0b5b143fff4be141617f02e1480e06cc6dd2b6855385","0x80032540","structural"
"0x80032578",,,"1","1","101","2","0","1","0","0","0","direct_call","direct_call","d3f1e8567d701e17df6837052d409cc2e36e1f524552e24bd42002f37f8d486e","d3f1e8567d701e17df6837052d409cc2e36e1f524552e24bd42002f37f8d486e","84f158e7a9a6a62de38c6c33d5324d170d53302e1d317ea5de3042e127643fc3","0x80033040","structural"
"0x8003270c",,,"1","1","261","4","6","1","0","0","0","direct_call","direct_call","a304aefc623e42c44c4d27871c8429a67fedb5cc26b241b7daef63997191175d","a304aefc623e42c44c4d27871c8429a67fedb5cc26b241b7daef63997191175d","5a0d347185a94a368a708bc7902527c4a5bed32d629b879531e2a3d28d42c740","0x800331D4","structural"
"0x80032b20",,,"1","1","68","0","1","1","0","0","0","prologue_only","prologue_only","aef3330010edece522b5d4968b03740021895326ba9dd44af48b5964077454b9","aef3330010edece522b5d4968b03740021895326ba9dd44af48b5964077454b9","d6173281e7d6ad901b33515a21da2ea6362063aaa64bdd7b98717436eb242abe","0x800335E8","structural"
"0x80032c38",,,"1","1","225","2","3","1","0","0","0","direct_call","direct_call","dc2cda5bc725c8ff4cf189aad7a70c3a65344915c3e54fad619ee5c1b47e54bd","dc2cda5bc725c8ff4cf189aad7a70c3a65344915c3e54fad619ee5c1b47e54bd","8a3b026dcb2b8b908ecee6ee057909d57c65f02d29f27ad503355b8aeea9cb4e",,
"0x80032fbc",,,"1","1","187","2","5","1","0","0","0","direct_call","direct_call","580e98a82c8f41173e953aa5d0d111869c43e54df06b235fdd6be223c29d2ca7","580e98a82c8f41173e953aa5d0d111869c43e54df06b235fdd6be223c29d2ca7","97f0b5aef988f51340dadf688076c8c98408e861e6e9f30f674362ea3709c60f","0x80033ADC","structural"
"0x800332a8",,,"1","1","90","2","1","1","0","0","0","direct_call","direct_call","53d0cbb6fac2db2eb98779b9ef1698663cab5cf016559b9aa7542eab1f54c8d4","53d0cbb6fac2db2eb98779b9ef1698663cab5cf016559b9aa7542eab1f54c8d4","25ca43c7b27d3373088fef8f6e34420c939b29206fae6652f1559ea0379cdb8b","0x80033DC8","structural"
"0x80033410",,,"1","1","450","1","0","1","0","0","0","direct_call","direct_call","b44362f56cf33ba864cfcd08dfb46b83d58e1ab8bd87c0e5eb1c988c4447272c","b44362f56cf33ba864cfcd08dfb46b83d58e1ab8bd87c0e5eb1c988c4447272c","a9ef68f5fdbb39c3d541502808059d39bc85222fac826e1cf211f7c71a55cdae","0x80033F30","structural"
"0x80033b18",,,"1","1","274","2","6","1","0","0","0","direct_call","direct_call","7ba5ae11188a1f62e95b69541e73cabef1d47b1a03bb1c0b0165385c51f2bb9f","7ba5ae11188a1f62e95b69541e73cabef1d47b1a03bb1c0b0165385c51f2bb9f","4f9d897125db0deb2a5e6711f9e9ad9342f88493a9f1a43e32bef26375e6c5c5","0x80034638","structural"
"0x80033f60",,,"1","1","15","2","0","1","0","0","0","direct_call","direct_call","0403b85a0095bac0b3e6a563c79d0672f40e07e6b5561de96b04c606baae6ea1","0403b85a0095bac0b3e6a563c79d0672f40e07e6b5561de96b04c606baae6ea1","95b9013dd82dbc329a07fd330ebcc8c15c1188e0de9c88a568575cabb75bf945","0x80034A80","structural"
"0x80033f9c",,,"1","1","229","2","6","1","0","0","0","direct_call","direct_call","3192244c82611c2341ea9e6f1bc947ec326cb9dae726f1c1b0fb95fd2e3f40c9","3192244c82611c2341ea9e6f1bc947ec326cb9dae726f1c1b0fb95fd2e3f40c9","a5075c4e3d9afc271509137b8689e9e1e878ca74a4fba867f5d27f79dbb1a5b5","0x80034ABC","structural"
"0x80034330",,,"1","1","95","2","2","1","0","0","0","direct_call","direct_call","536108538539136ae8609abc4f92a8202a8ac2f01bf4d46579ce5c0875099e1e","536108538539136ae8609abc4f92a8202a8ac2f01bf4d46579ce5c0875099e1e","2192b3d329500ae9c49a620d3da32223b55089c8e0e95cb671646b69fee1469b","0x80034E50","structural"
"0x800344ac",,,"1","1","331","1","7","1","0","0","0","direct_call","direct_call","0fca94a8967adb3dce15e35e2b66014bb6514a8188b0f0d8d58e7b6891d755fd","0fca94a8967adb3dce15e35e2b66014bb6514a8188b0f0d8d58e7b6891d755fd","5818c8346264f068e05c1a3715eb3a594ff5af529da18d8304ba71d500c3d09c","0x80034FCC","structural"
"0x800349d8",,,"1","1","20","1","6","1","0","0","0","direct_call","direct_call","3aa5d2072fac57ed349a2cdd1abb6685cfe62b35e314cfbdb624c849d5ea59db","3aa5d2072fac57ed349a2cdd1abb6685cfe62b35e314cfbdb624c849d5ea59db","061f8872f08de3103dbed4a0c6b0f82c68b42c5a0adcbe1bed332fc6194aa18f","0x800354F8","structural"
"0x80034a28",,,"1","1","113","0","4","1","0","0","0","prologue_only","prologue_only","2378a1813a3bbf9331a2a6cc02a71d99048a97d2b0d40cde0f0822887acb8536","2378a1813a3bbf9331a2a6cc02a71d99048a97d2b0d40cde0f0822887acb8536","c7d75c97474d9d7d525195dfd21e8662276dd61e5be54f5942d603ab626e3a66","0x80035548","structural"
"0x80034bec",,,"1","1","50","1","1","1","0","0","0","direct_call","direct_call","5d34b73c019ff5f1a76dbad4c0e15982695490fdee202cda5a14727ff47ac32b","5d34b73c019ff5f1a76dbad4c0e15982695490fdee202cda5a14727ff47ac32b","5569869aedb278e28d5a68073a81ddbd156a71b974006324ae9c6dab564df7f6","0x8003570C","structural"
"0x80034cb4",,,"1","1","600","2","8","1","0","0","0","direct_call","direct_call","6ac16e06d732bf2784520b5205d600d8c4e89fc91a4b5ff921b7c526499f8cb9","6ac16e06d732bf2784520b5205d600d8c4e89fc91a4b5ff921b7c526499f8cb9","60a2712a72c35db256ff2d30ffa3c393bdff52a69a2359573f0f636b4c50dc52","0x800357D4","structural"
"0x80035614",,,"1","1","62","1","8","1","0","0","0","direct_call","direct_call","4272e153829af7441f57463f5461509d667dddd6f00af914527bf3d4cf284cb5","4272e153829af7441f57463f5461509d667dddd6f00af914527bf3d4cf284cb5","d9fad070132db86dca0e7dd2cadc6e383304062384db98cfa504970e49b42ce0","0x80036134","structural"
"0x8003570c",,,"1","1","19","0","1","1","0","0","0","prologue_only","prologue_only","b5ff3b052acb7e0a1cc30995a4b1968abeb13af2bf473a84fab42eca752bf44f","b5ff3b052acb7e0a1cc30995a4b1968abeb13af2bf473a84fab42eca752bf44f","535b24d4b19f8804280ddaffcc724d03eb0e6efcf4921ffd6235bbfa3b89ea4c","0x8003622C","structural"
"0x80035758",,,"1","1","36","1","2","1","0","0","0","direct_call","direct_call","e315ef4151efe5c490aa22d48b856d4396d538c6a93976eea37452115bb0132c","e315ef4151efe5c490aa22d48b856d4396d538c6a93976eea37452115bb0132c","73997ffcdef643cb8f9ac722fb5871836f0dbeb5e5a51044835a29b70490f543","0x80036278","structural"
"0x800357e8",,,"1","1","8","1","1","1","0","0","0","direct_call","direct_call","4692007fc5027541dc12e8b09245664e0242393498da1812310db975a29cbbdf","4692007fc5027541dc12e8b09245664e0242393498da1812310db975a29cbbdf","c00163951c0453d42b4301d3100c6eb193af66c1dfc1fc5d9590d3d8144c29eb","0x80036308","structural"
"0x80035808",,,"1","1","17","1","2","1","1","1","0","direct_call+overlay","direct_call+overlay","7821ea57daacb760424be63946dfe010e52434274f5f5321b7396aafeac3ccc2","7821ea57daacb760424be63946dfe010e52434274f5f5321b7396aafeac3ccc2","215f31b04024b11464b8d59a45e27b1efd546f3c38eb61cd7835000612ad1dec","0x80036328","structural"
"0x8003584c",,,"1","1","3","2","0","1","0","0","0","direct_call","direct_call","758eb54fe671ba813c923b4eab241e5c97c090733e4157aa33dc6cebae87518d","758eb54fe671ba813c923b4eab241e5c97c090733e4157aa33dc6cebae87518d","5b18d1f51be9b47aaa10a176a740c0dd10726c4a188063862bbf0c0faa7edd76","0x8003636C","exact"
"0x80035858",,,"1","1","2","1","0","1","0","0","0","direct_call","direct_call","157737bb7afdca14674d203b8a34979a023e35620dce8705cc6554219205cb5d","157737bb7afdca14674d203b8a34979a023e35620dce8705cc6554219205cb5d","52c4e143ef8d999837274081ce8efed71201f3d42caddd20262721c50422afbc",,
"0x80035860",,,"1","1","57","1","2","1","0","0","0","direct_call","direct_call","e6e4768731d0366a160d9250fe1cfd6c2596a90af07c950dea30a25fbb26c31f","e6e4768731d0366a160d9250fe1cfd6c2596a90af07c950dea30a25fbb26c31f","2badef7bd87db677f110772c397b8492e59013fcbac24726b4f5db35bbfbea64",,
"0x80035944",,,"1","1","415","2","9","1","0","0","0","direct_call","direct_call","400f25b8e0fa45203304f7232f890ba75a073450bc119187959635446434f24e","400f25b8e0fa45203304f7232f890ba75a073450bc119187959635446434f24e","87d95bf03ebce75ea44d65b083e4f2a53627b3071b2e7dc37a167f9b03a8baf5","0x80036390","structural"
"0x80035fc0",,,"1","1","18","1","2","1","0","0","0","direct_call","direct_call","7b39f3958d85496de4b4ba775218126348636dd299e150cae5441540819f2a34","7b39f3958d85496de4b4ba775218126348636dd299e150cae5441540819f2a34","aa601c0660aa564aa291a799171576ec53f35909b2d783866f535865ac877ab5","0x80036A0C","structural"
"0x80036008",,,"1","1","18","1","2","1","0","0","0","direct_call","direct_call","c5bceeef1dcdded2a0113b0a455ba8b6506ea37564c5a7a60823afd0aa80a55f","c5bceeef1dcdded2a0113b0a455ba8b6506ea37564c5a7a60823afd0aa80a55f","7d686e0c68aa1e7f12054142635695b750ef7e66ad6e3f79e0a54649e39d97f2","0x80036A54","structural"
"0x80036050",,,"1","1","15","1","0","1","0","0","0","direct_call","direct_call","4934b841913d7a55af76557c8353126945216a81f297aa88464838bf1ceb2e7d","4934b841913d7a55af76557c8353126945216a81f297aa88464838bf1ceb2e7d","5d2f6ea1cbb7e07774bdbf7a010c02d07946f3519b67298dd448bfae37a575ff",,
"0x8003608c",,,"1","1","15","1","0","1","0","0","0","direct_call","direct_call","15526a25bf570cc69a283fde434286e941dbbe9d6c20d474fe069fa12521392d","15526a25bf570cc69a283fde434286e941dbbe9d6c20d474fe069fa12521392d","5d2f6ea1cbb7e07774bdbf7a010c02d07946f3519b67298dd448bfae37a575ff",,
"0x800360c8",,,"1","1","164","3","1","1","0","0","0","direct_call","direct_call","6b697b35d6d296f03e752429e78d2fb3dc1d3da414762d4b91c0c0b9664fa0c3","6b697b35d6d296f03e752429e78d2fb3dc1d3da414762d4b91c0c0b9664fa0c3","e8809c114b22bbe45f784bd03a34c2e8649d0005a1b4c00ad54a02fbe2f09e59","0x80036B14","structural"
"0x80036358",,,"1","1","115","3","1","1","0","0","0","direct_call","direct_call","44e09179ad8b5bf0e01d45c981e810421ae9b61c3fd7cfa1e29cc0a6b531ced9","44e09179ad8b5bf0e01d45c981e810421ae9b61c3fd7cfa1e29cc0a6b531ced9","942e5bd80796f4358c63e40ab391cd3c8e051527e0526562e3675542ddf06a3c",,
"0x80036524",,,"1","1","115","1","1","1","0","0","0","direct_call","direct_call","71239cb97b26ebb0ac2ed7531dfe65aa3d09c4b065dab667abfd8f2eeccae00b","71239cb97b26ebb0ac2ed7531dfe65aa3d09c4b065dab667abfd8f2eeccae00b","942e5bd80796f4358c63e40ab391cd3c8e051527e0526562e3675542ddf06a3c",,
"0x800366f0",,,"1","1","89","2","1","1","0","0","0","direct_call","direct_call","0aedf21201a6092b176cfea0c48c088667e9c8fe1e1daea1b5875e9f810de685","0aedf21201a6092b176cfea0c48c088667e9c8fe1e1daea1b5875e9f810de685","299e127251126a09ece50230a85708a9b0d9ca7e3bb394c6fb544a3102bd7809","0x8003713C","structural"
"0x80036854",,,"1","1","74","7","1","1","1","1","0","direct_call+overlay","direct_call+overlay","760914e33e0acfce1846a9640dcbf288c1d75f3616c5aa4c835abddb1c64ea9f","760914e33e0acfce1846a9640dcbf288c1d75f3616c5aa4c835abddb1c64ea9f","b418c12b555565d51d71b31f23c7a13daa468fb006f12730e31a29e3c5054320","0x800372A0","structural"
"0x8003697c",,,"1","1","76","2","1","1","0","0","0","direct_call","direct_call","ff38a5915a96ca0f4aa3c55dbe44585316c653f21cb74e17101751e4de51e666","ff38a5915a96ca0f4aa3c55dbe44585316c653f21cb74e17101751e4de51e666","5815a69ca8fa373219647c07efad89e8ed3b234452fc023118b851c81e2201ab","0x800373C8","structural"
"0x80036aac",,,"1","1","99","5","3","1","1","0","0","direct_call+overlay","direct_call","8164fdb317eacd9a8178226037a5f29faaa965ff9ca9f28b767246eecd235303","8164fdb317eacd9a8178226037a5f29faaa965ff9ca9f28b767246eecd235303","5313030d805990619fb65bfeba24a3facbdd8abdbfb9f0d5d32a62e79eb87d9e","0x800374F8","structural"
"0x80036c38",,,"1","0","2","0","0","1","1","","0","overlay","","00a401d7322de8bde409413190a478e8ae8e5dd9cd0a091b841da38b685b7b27","","f87c9b13974dbdfb68d490d8ee42dbd225aecaf011bca48345ec80fbb01a62a1",,
"0x80036c40",,,"1","1","16","1","0","1","0","0","0","direct_call","direct_call","a81453ea8f88014fdf7b3210fd194a2c56a6889b3d84bb1019460dd4a811a66d","a81453ea8f88014fdf7b3210fd194a2c56a6889b3d84bb1019460dd4a811a66d","583a585a9b48b6aa77f29eda896cdd964a63355f97631721a9323d9efa7dd320","0x8003768C","structural"
"0x80036c80",,,"1","1","41","2","0","1","0","0","0","direct_call","direct_call","cd3c98afce1472ccd69f3e81f0209b0bdbdaf81b04bad0655bd0ed08779588ab","cd3c98afce1472ccd69f3e81f0209b0bdbdaf81b04bad0655bd0ed08779588ab","8047de32020310ea7ee3746d0bf60710d3055700b0db591bf4f18341cccccbee","0x800376CC","structural"
"0x80036d24",,,"1","1","66","1","2","1","0","0","0","direct_call","direct_call","32e9c9e8afe4014a9eecc442dc9661b5480fc9edfcb4c768692238d4524aa190","32e9c9e8afe4014a9eecc442dc9661b5480fc9edfcb4c768692238d4524aa190","5e13f89da00884513b7610449464d60647f7538a082f8f4bf9e5bbc4c439ab4b","0x80037770","structural"
"0x80036e2c",,,"1","1","67","1","2","1","0","0","0","direct_call","direct_call","6c1b87db035797622de5e1d3b590b93b67af82b6dd51e1f6879d535b7c045139","6c1b87db035797622de5e1d3b590b93b67af82b6dd51e1f6879d535b7c045139","6a6bfc213cc43258432cc788ed0877abe24c9bf10fa4d25da2de892206864fd2","0x80037878","structural"
"0x80036f38",,,"1","1","23","1","2","1","0","0","0","direct_call","direct_call","352bb6f84465eb51ecc06ed427d4f2682e099ddedf88f6e5618710b227cdad8e","352bb6f84465eb51ecc06ed427d4f2682e099ddedf88f6e5618710b227cdad8e","105ec59e489f88afa6ebc1529d4ac60794889160ce99889070e549fa67302bfe","0x80037984","structural"
"0x80036f94",,,"1","1","24","2","1","1","0","0","0","direct_call","direct_call","fbe1f72b78554cd7d69ca507b63284194b98ac2f590f1749e8837318caccdf32","fbe1f72b78554cd7d69ca507b63284194b98ac2f590f1749e8837318caccdf32","aed1826262e1c38572fa7d4122baf7f3136d34f9ce537789383495274bf6cdfc","0x800379E0","structural"
"0x80036ff4",,,"1","1","65","0","4","1","0","0","0","prologue_only","prologue_only","b762aea540e1c22b466189993f37dcf47b290f31a417caf20e34f6ab59bcd5d5","b762aea540e1c22b466189993f37dcf47b290f31a417caf20e34f6ab59bcd5d5","720c84f809933e81b07fa7500cfc839c3f46ce4a2a30457c8292d05af22fc785","0x80037A40","structural"
"0x800370f8",,,"1","1","21","0","1","1","0","0","0","prologue_only","prologue_only","467c5d44cb88d529e5be42b36eb03e595c3d4ee2d69ee9968e22f4ec7c636f17","467c5d44cb88d529e5be42b36eb03e595c3d4ee2d69ee9968e22f4ec7c636f17","35b86d1e2994fcd15740769e0dd849362dea143c333f2470b7cf89d0b262ba3a","0x80037B44","structural"
"0x8003714c",,,"1","1","478","2","9","1","0","0","0","direct_call","direct_call","1071c4356531e80ab071993893095759d45a6f31aa844d95da9c91b02d2f350e","1071c4356531e80ab071993893095759d45a6f31aa844d95da9c91b02d2f350e","0ffc43654c75b264840383fc750ed4adc623e756e54ca92e49a364d7d8215c1b",,
"0x800378c4",,,"1","1","31","1","4","1","1","1","0","direct_call+overlay","direct_call+overlay","4904e153a3d160dd462a7355ccf0b61fc323cd8c538c8e8ac66f15be22c8beb4","4904e153a3d160dd462a7355ccf0b61fc323cd8c538c8e8ac66f15be22c8beb4","ce7bcd342ab55760e6684358a24fc1324c7e93b98d125a949cdd16f84745e878","0x8003870C","structural"
"0x80037940",,,"1","1","2","1","0","1","1","1","0","direct_call+overlay","direct_call+overlay","89524d2a79b5ad00c419e4760e12d3b2eadc50c7452d5c5bb554954892a20f00","89524d2a79b5ad00c419e4760e12d3b2eadc50c7452d5c5bb554954892a20f00","52c4e143ef8d999837274081ce8efed71201f3d42caddd20262721c50422afbc",,
"0x80037948",,,"1","1","3","1","0","1","1","1","0","direct_call+overlay","direct_call+overlay","990205c1eae6c0882d15ac757d13216d3cafcb73e2c9f77b9a682ad2f985c4ba","990205c1eae6c0882d15ac757d13216d3cafcb73e2c9f77b9a682ad2f985c4ba","0105001d57f7c21b969aad21ebd715928c8f0076266adb07358866911ca38318","0x80038790","exact"
"0x80037954",,,"1","1","270","1","8","1","0","0","0","direct_call","direct_call","0281911d8528edbc4ead2d28644ca035c8d63f6a95c3a9d97a0c71cf4b8311b2","0281911d8528edbc4ead2d28644ca035c8d63f6a95c3a9d97a0c71cf4b8311b2","437a7455758ef8cf9ae513c7dff4d85af6a7310f48756bfe785d7d00d3464304","0x8003879C","structural"
"0x80037d8c",,,"1","1","93","2","1","1","0","0","0","direct_call","direct_call","f998b62f12b3628c7eb1e1250aa61eb9ef66abfeb2f66dd932ab5eb9d1087f10","f998b62f12b3628c7eb1e1250aa61eb9ef66abfeb2f66dd932ab5eb9d1087f10","23d083b732ac1a2283363fe992446745e6ec586d4853973d8e4410a86fa89ceb","0x80038BD4","structural"
"0x80037f00",,,"1","1","36","5","0","1","0","0","0","direct_call","direct_call","f0178730c0d7f5348c92aac9b207a9d129f8c93544d9998df15e30abeb0703b3","f0178730c0d7f5348c92aac9b207a9d129f8c93544d9998df15e30abeb0703b3","44d0f6aa322e13e1ff2998fb43e368c2b0fad50b8c4715f23423f81a64877f44","0x80038D48","exact"
"0x80037f90",,,"1","1","96","3","2","1","0","0","0","direct_call","direct_call","adaca558bb79360b1566a67f61e7fc3ea79ca75ff7df20d937c497aa3ae704ce","adaca558bb79360b1566a67f61e7fc3ea79ca75ff7df20d937c497aa3ae704ce","13cc996666159666f1b8133663b106730075c368d3816b99845aac2eca7d28f6","0x80038DD8","structural"
"0x80038110",,,"1","1","132","2","2","1","0","0","0","direct_call","direct_call","5ed5e651bf977d4d8de9308b5742022fe5189cd1734ff41a20238697a542cc56","5ed5e651bf977d4d8de9308b5742022fe5189cd1734ff41a20238697a542cc56","2ea101e678761ada352f3950183f17994f54ab7850d6489cefac0e6c764c27b6","0x80038F58","structural"
"0x80038320",,,"1","1","104","2","1","1","0","0","0","direct_call","direct_call","425eda191a61bdd1622fe2a4cf9fe2efc4e8a0fe008faf3a0ff35d45b1aae266","425eda191a61bdd1622fe2a4cf9fe2efc4e8a0fe008faf3a0ff35d45b1aae266","cbf7bb35560ff4d6c0a156ec0ac75dae14acb25a6d6e11a7da9654762876e271","0x80039168","structural"
"0x800384c0",,,"1","1","19","2","0","1","0","0","0","direct_call","direct_call","3ddea58c2207bd95d3957dcb9f2631bb89dd4d19426cef605bc1b2e6eb892c62","3ddea58c2207bd95d3957dcb9f2631bb89dd4d19426cef605bc1b2e6eb892c62","981d15273b56f7df7ad2bbb63ac42d74d35f7197639070287900f0f934f54498","0x80039308","exact"
"0x8003850c",,,"1","1","120","2","7","1","0","0","0","direct_call","direct_call","74d08a1efedbe7c23f98e9e1fe8846aab39847f84b7594d16c730c29f60dc571","74d08a1efedbe7c23f98e9e1fe8846aab39847f84b7594d16c730c29f60dc571","e66e60a471665a3419a7c8092a6dc803750201bf9ae90765c1c4ac345fc47d28",,
"0x800386ec",,,"1","1","258","1","1","1","0","0","0","direct_call","direct_call","4c70ceaa6fbfbdde7e4a6b287d78ee508039bf2259db3f2ce686f924bd6efa3f","4c70ceaa6fbfbdde7e4a6b287d78ee508039bf2259db3f2ce686f924bd6efa3f","1c37993a4016bfb11d315176b22c65ee5833e598bee0de6dda9e0428e70e09bf","0x80039534","structural"
"0x80038af4",,,"1","1","42","0","2","1","0","0","0","prologue_only","prologue_only","2d3adf4faa11cfd1e865d334ffaa847440150448472f586a997aa409cf918281","2d3adf4faa11cfd1e865d334ffaa847440150448472f586a997aa409cf918281","c15b30c694cf31d33f0e916511e305dbcf251b35bcd8154dc5b4e5d8afc072f8","0x8003993C","structural"
"0x80038b9c",,,"1","1","45","0","3","1","0","0","0","prologue_only","prologue_only","1ec0133c0c58d806bc39cecd2899a76b6787c5e404789f503362ea4a94e3b3c3","1ec0133c0c58d806bc39cecd2899a76b6787c5e404789f503362ea4a94e3b3c3","b74e33f01da60dffd6e8ef81fe205c7236d246da7a601a63d7da77281f378298","0x800399E4","structural"
"0x80038c58",,,"1","1","17","0","1","1","0","0","0","prologue_only","prologue_only","1444fa97a09eee0785f15723a5249e1daa10a168265839ab01fe5d0b59f1e846","1444fa97a09eee0785f15723a5249e1daa10a168265839ab01fe5d0b59f1e846","255610ae6adb4cce9b3472679bcd2461561974eb582df50c5275671b6877cb38","0x80039AA0","structural"
"0x80038c9c",,,"1","1","77","3","5","1","0","0","0","direct_call","direct_call","d8426b52ed8e624f64a0397e9676a095b9863fcaa3092ecf67166fbb01b3f754","d8426b52ed8e624f64a0397e9676a095b9863fcaa3092ecf67166fbb01b3f754","76bd40fdea09c9fd9734d633b2fdc0c0f3436e95475590444c81be12c6d41aca","0x80039AE4","structural"
"0x80038dd0","ObjectEventVolume_Handler","confirmed","1","1","388","0","12","0","0","0","0","prologue_only","prologue_only","f7eb2e3e762213610eea2ebb88c47c067149e4322791b931bc692f5bf6c1b6ac","f7eb2e3e762213610eea2ebb88c47c067149e4322791b931bc692f5bf6c1b6ac","313a414292bc0d369d3e779cf03365ba1076c7495cc08746696de39d78fcc1f3",,
"0x800393e0",,,"1","1","220","1","7","1","0","0","0","direct_call","direct_call","ae2d57eec72305ee9d6aa78fa7f57b19778a8e8927c866282ac7c36ec8d3968d","ae2d57eec72305ee9d6aa78fa7f57b19778a8e8927c866282ac7c36ec8d3968d","cd7a652c52f51ba05199c40015ab58753d635970012e1701fc23a15a29822fe2",,
"0x80039750",,,"1","1","20","10","0","1","1","1","0","direct_call+overlay","direct_call+overlay","6c3003deb810a4c4f12262cfbc223c404481f52dda0389ef24e6a1569df27507","6c3003deb810a4c4f12262cfbc223c404481f52dda0389ef24e6a1569df27507","3a0aec9325d87cce56fe40b64cf0bb96ec2e8cd7e88a01fbd8cac402325ca5e9","0x8003A5F4","structural"
"0x800397a0",,,"1","1","39","1","0","1","0","0","0","direct_call","direct_call","fd9e62e42ff507043a59280770c06a2735d9d93a171b7b7c05f6232a9f0286f8","fd9e62e42ff507043a59280770c06a2735d9d93a171b7b7c05f6232a9f0286f8","a4352b641de3e027fc2c2fa6de05004840b04198e95c5be839b1b72274463c3d","0x8003A644","structural"
"0x8003983c",,,"1","1","70","1","1","1","0","0","0","direct_call","direct_call","4e72d49d5e4643237dc478e58442428b17d0abd9e66ca6dc1b0ea1a1a9a58846","4e72d49d5e4643237dc478e58442428b17d0abd9e66ca6dc1b0ea1a1a9a58846","a90901b441b3f7e58f5500328fa91dd63b2e7a2e4c806b8abc14d1319e38ecf3","0x8003A6E0","structural"
"0x80039954",,,"1","1","116","2","5","1","1","0","0","direct_call+overlay","direct_call","cfb514d116ed0d7bf22a545a411ef9642df4ce381db9febe5b6dd20f972cbe65","cfb514d116ed0d7bf22a545a411ef9642df4ce381db9febe5b6dd20f972cbe65","9701f0bd66c7de3a54afee5fe9604fa2bd4ec606a8649ca1674609e8073ae976","0x8003A7F8","structural"
"0x80039b24",,,"1","1","60","1","1","1","1","0","0","direct_call+overlay","direct_call","7b8e72773622ca83ff2214196b0750df902a6d51540c64bd1f911b52dd9abbdc","7b8e72773622ca83ff2214196b0750df902a6d51540c64bd1f911b52dd9abbdc","deae5a189bc051684223926aad8bf2263f1f5edc4ee15044688794dbc03af5dc","0x8003A9C8","exact"
"0x80039c14",,,"1","1","12","0","1","1","1","0","0","overlay","prologue_only","4a00a6b40da722cb3ecae8f3f7bd6c19b3076e06371de3a496f5ab332eb13712","4a00a6b40da722cb3ecae8f3f7bd6c19b3076e06371de3a496f5ab332eb13712","ae4b1cb892e0a8da4b31f9050ce1a563f61138f5e0833d896ec2b12919a86d85","0x8003AAB8","structural"
"0x80039c44",,,"1","1","14","2","1","1","1","1","0","direct_call+overlay","direct_call+overlay","d4cffa0b75281f3ba993f850b7af488fed42b3593be5835b25faf851252db5f8","d4cffa0b75281f3ba993f850b7af488fed42b3593be5835b25faf851252db5f8","8a71e249ab879b7187b6fc70497c5259b133068b2237acd0d50a9b8a76beccbf","0x8003AAE8","structural"
"0x80039c7c",,,"1","1","37","6","1","1","1","1","0","direct_call+overlay","direct_call+overlay","6eac152f1dc6c991b7edfc3842644b2f4728395f0a0c5192386ba0a9b3df527d","6eac152f1dc6c991b7edfc3842644b2f4728395f0a0c5192386ba0a9b3df527d","3264ef95e2fb0f3e2c29656bd0358bd973d89fea480e1593e7a77194bbb9e8c3","0x8003AB20","structural"
"0x80039d10",,,"1","1","19","5","3","1","1","1","0","direct_call+overlay","direct_call+overlay","14d836a2ab886158ca8a869a662e9e0e60bfe727c3720353a01277762c869fd7","14d836a2ab886158ca8a869a662e9e0e60bfe727c3720353a01277762c869fd7","013241c7f66d144c0ca261305ae8accc9f3b18a8f1af41e9ad96238b0a032ce8","0x8003ABB4","structural"
"0x80039d5c",,,"1","1","92","0","1","1","0","0","0","prologue_only","prologue_only","e4fc1e35249595f0e05b5b62673b9e80b858b704b25d958edf96e9a1a3326de4","e4fc1e35249595f0e05b5b62673b9e80b858b704b25d958edf96e9a1a3326de4","b3eabe548296b4343d2f72ac2764422f9205aab8d0a7ee3bdbb13e8de0701840","0x8003AC00","structural"
"0x80039ecc",,,"1","1","258","0","9","1","1","1","0","overlay","overlay","688b198a3b368916d00bdbed4cde1fe87b7e2a5d587afb0f23b1e3124d46a2c6","688b198a3b368916d00bdbed4cde1fe87b7e2a5d587afb0f23b1e3124d46a2c6","b19a47d4c46ae7840a6d1f3708cc8b8f8c4efece999ce9f36782ae7aef1ce7d5","0x8003AD70","structural"
"0x8003a2d4",,,"1","1","67","7","2","1","0","0","0","direct_call","direct_call","66d2cf60ffd089b414dcef1e1bcb8e68117da4f9bf5ad154171d5bf1d8f6727a","66d2cf60ffd089b414dcef1e1bcb8e68117da4f9bf5ad154171d5bf1d8f6727a","ec398e364eaa8ab03b69762995bc5268f5726c080046fc741467b67623574ab0","0x8003B178","structural"
"0x8003a44c",,,"1","1","11","8","1","1","0","0","0","direct_call","direct_call","33c00f9bce0a41e0f7e5b7e8cd300472f01de945f4fee3bb328e20e07a20035c","33c00f9bce0a41e0f7e5b7e8cd300472f01de945f4fee3bb328e20e07a20035c","88af6d87c6610b6536f84ae56ec41c2343bfef047197cf97d806afc825c7b553","0x8003B320","structural"
"0x8003a478",,,"1","1","60","1","2","1","0","0","0","direct_call","direct_call","5fd0fb128a89ea14cfeb2819ff6d99fd94d5cd5f09934ce2aaefc96f1131c6f5","5fd0fb128a89ea14cfeb2819ff6d99fd94d5cd5f09934ce2aaefc96f1131c6f5","938266b8cd071396b6def30c9dbeba55f6ea9270e21899ba9f559ab229a796b0",,
"0x8003a568",,,"1","1","1061","0","34","1","0","0","0","prologue_only","prologue_only","b06a8e5b873bf712393ba48edc6f46efe0d6acd0a922a695072a9719a3412583","b06a8e5b873bf712393ba48edc6f46efe0d6acd0a922a695072a9719a3412583","8b495b61d47a023dfba9e5f446b72e8cea656aa3a7f128d16716ee739b8205ab",,
"0x8003b5fc",,,"1","1","152","1","7","1","0","0","0","direct_call","direct_call","236fbe060d3bf9d9717023ec259b84da8993e645800c8bb697d341d6cb62f120","236fbe060d3bf9d9717023ec259b84da8993e645800c8bb697d341d6cb62f120","ce8141abef040db1b6a3c513c3403fbc6075108ccda98977da7755b555461f8e",,
"0x8003b85c",,,"1","1","244","2","8","1","0","0","0","direct_call","direct_call","25a12aa799e410574e533a4e5773dcf227a1c4f323352cd4624903d675fe4a12","25a12aa799e410574e533a4e5773dcf227a1c4f323352cd4624903d675fe4a12","d03e0f79eb202597ad780f831874c824758d4d47b605ea79d3d62cc8d8717cd4",,
"0x8003bc2c",,,"1","1","10","0","1","1","0","0","0","prologue_only","prologue_only","db71a55cc8ea2c602d47c8e6dbcf766804239f3e20f834076e83e6bf44c0cd60","db71a55cc8ea2c602d47c8e6dbcf766804239f3e20f834076e83e6bf44c0cd60","e7c9f8fd190a225344e9354ceab6906c5c859a4304fbf1d443aee1328e554b6c","0x8003CB3C","structural"
"0x8003bc54",,,"1","1","10","0","1","1","0","0","0","prologue_only","prologue_only","6aa76f815ebc0b76f9d548dc55fa4d67dbbb99cf2c512d9c72e0d83ae8cd957d","6aa76f815ebc0b76f9d548dc55fa4d67dbbb99cf2c512d9c72e0d83ae8cd957d","a30bd3f4c264c4410780ddbef9356858e79ee0d5202aa05a32c8860313204107","0x8003CB64","structural"
"0x8003bc7c",,,"1","1","22","1","0","1","0","0","0","direct_call","direct_call","cdd0825cff8c26d53c253b9a60a705c58f3be0114dba43cee1e733baefa773a9","cdd0825cff8c26d53c253b9a60a705c58f3be0114dba43cee1e733baefa773a9","01886f545d8a37e4275dd73ac9d97f0daba3c818c5c01ccbf7c126c002755fbc","0x8003CB8C","structural"
"0x8003bcd4",,,"1","1","400","1","6","1","0","0","0","direct_call","direct_call","732027db6b82b9a7d728cf46d0b182f0c3d5b5ce6d4e5f9d03fc74cb142c92bb","732027db6b82b9a7d728cf46d0b182f0c3d5b5ce6d4e5f9d03fc74cb142c92bb","b347c148d0d7e22272eb1c14f74ff5d850e0d364ba82896f261cb2378920f4fb","0x8003CBE4","structural"
"0x8003c314",,,"1","1","31","0","2","1","0","0","0","prologue_only","prologue_only","fb29ea182ca5c56d036f35f7f735964d7044a424ffd922b3f8431968668a84af","fb29ea182ca5c56d036f35f7f735964d7044a424ffd922b3f8431968668a84af","8141c8ea4d1b135a0f01218c8e41cd264d0ec16788d254058db3556ef10d563b","0x8003D224","structural"
"0x8003c390",,,"1","1","28","0","2","1","0","0","0","prologue_only","prologue_only","47a7f0c12b68035397f2e55309a7302c3df1dd78bb2579e80f10f26fb13ad6ff","47a7f0c12b68035397f2e55309a7302c3df1dd78bb2579e80f10f26fb13ad6ff","5edb81127f5275ef741bb4aa325f72af414714a90e156c5f9fc42f942583630b","0x8003D2A0","structural"
"0x8003c400",,,"1","1","19","1","1","1","0","0","0","direct_call","direct_call","a691db67a6cb5bb1a097f6930fbb34ecbdea0d41cd7de3bcaf8ebd8e3f59a285","a691db67a6cb5bb1a097f6930fbb34ecbdea0d41cd7de3bcaf8ebd8e3f59a285","bb0d27c748703aeee6d992963e599920e12aa1531c03d519265ef551d49fb2e3","0x8003D310","structural"
"0x8003c44c",,,"1","1","87","0","2","1","0","0","0","prologue_only","prologue_only","a92069c092c07bd9714f1fba1339e02527e5831e72048b4e5a65057cb52fe7cc","a92069c092c07bd9714f1fba1339e02527e5831e72048b4e5a65057cb52fe7cc","5c833ff074573e127068bf046f9515451637e17a71064bb5aadecfe24a6d8cb8","0x8003D35C","structural"
"0x8003c5a8",,,"1","1","28","0","2","1","0","0","0","prologue_only","prologue_only","a8e93ec0683238dabe3b03ab8ad599a96f4ddebc9a8056e54dc44259697d11ae","a8e93ec0683238dabe3b03ab8ad599a96f4ddebc9a8056e54dc44259697d11ae","e7b6f490026948abff1d912cefe41f3da347cd24f6e89db874552ae47c075ea7","0x8003D4B8","structural"
"0x8003c618",,,"1","1","27","0","2","1","0","0","0","prologue_only","prologue_only","f6f66718b78ff8d79830084274a315bf14b20e45b694a1703e614fd955219836","f6f66718b78ff8d79830084274a315bf14b20e45b694a1703e614fd955219836","268f43473d4477acddc70efb63bf80c91a03085fc69863788315212efa34b682","0x8003D528","structural"
"0x8003c684",,,"1","1","93","1","3","1","0","0","0","direct_call","direct_call","feafaa09212fca45562754261708473f78dbe84f18d9053168a453851f31877c","feafaa09212fca45562754261708473f78dbe84f18d9053168a453851f31877c","eb6db23c82edc6662197926428a566f42c4d7b19598b9564da104f3f37fefc4f","0x8003D594","structural"
"0x8003c7f8",,,"1","1","548","0","19","1","0","0","0","prologue_only","prologue_only","20a21166fb6c2c03d74739a0fe9c2ce41f79631f58787e99f6242ece8c4484e1","20a21166fb6c2c03d74739a0fe9c2ce41f79631f58787e99f6242ece8c4484e1","9f35e0e1443d5ea953f8216afffbe94e7c9fca66a9d2e77af1cfa46b821e6c09",,
"0x8003d088",,,"1","1","81","0","1","1","0","0","0","prologue_only","prologue_only","9f4bd53dc71d137d98fc257a363fe1500ec7feffa8f658f5825fe5dca6d9a718","9f4bd53dc71d137d98fc257a363fe1500ec7feffa8f658f5825fe5dca6d9a718","4b21b8cc6f1a08a8c8f9e0ec8cdfbe596df87f31061787ed843886c5e685f5b0","0x8003DF80","structural"
"0x8003d1cc",,,"1","1","242","0","6","1","0","0","0","prologue_only","prologue_only","f82c0d5239eac36108023255e11a65c826d5eb2fc3cfa5323c20b1caaeec1e5f","f82c0d5239eac36108023255e11a65c826d5eb2fc3cfa5323c20b1caaeec1e5f","30b8737fcc6ab789d9ebbe8182640b76ce9d1da2688dac14dcdf40092f854227","0x8003E0C4","structural"
"0x8003d594",,,"1","1","337","0","15","1","0","0","0","prologue_only","prologue_only","f411cb8fbb4259a3cf4456c3316ac3c5a9124986b5acec659e11288c2853d3a0","f411cb8fbb4259a3cf4456c3316ac3c5a9124986b5acec659e11288c2853d3a0","aa517b1045c54e55a34fc2bdaa10f6e46e72f9ee5f392e56054ffc53eff84bc1",,
"0x8003dad8",,,"1","1","36","0","5","1","0","0","0","prologue_only","prologue_only","46efdf7fee47fd930c839f8d34dd9deeabc9aadf0453c3ff3e30287d7ca64300","46efdf7fee47fd930c839f8d34dd9deeabc9aadf0453c3ff3e30287d7ca64300","67dac6e2ee2beede2befee3ae3a09cb4780caa774263dd7a0279f8675306af44","0x8003EA88","structural"
"0x8003db68",,,"1","1","27","1","1","1","0","0","0","direct_call","direct_call","d6d015ee29b06779ae77ecd723e42ce38a74adafaa508630ae7423612756c24f","d6d015ee29b06779ae77ecd723e42ce38a74adafaa508630ae7423612756c24f","05c2456d1bb08899daff45ba07d9419766ef459decb4759b9d18b064b4655cba","0x8003EB18","structural"
"0x8003dbd4",,,"1","1","3","0","0","0","0","0","0","prologue_only","prologue_only","b77dee94e2d63ca70cf58e4c2120538782cfa524bb7d6e82fb437ca777a13ded","b77dee94e2d63ca70cf58e4c2120538782cfa524bb7d6e82fb437ca777a13ded","fbc0db4af59ae5be6bafcd0f4521b86c03ca2ed0e2c992395211c64f254ac978",,
"0x8003dbe0",,,"1","1","7","2","1","1","0","0","0","direct_call","direct_call","58fe88562e3b928e8f6ae83a52ce2164558dd33be523be02f7518268cea9cd9f","58fe88562e3b928e8f6ae83a52ce2164558dd33be523be02f7518268cea9cd9f","30f86a4fe044fbeb35530d36aa361e5181462fc5105d5d70504f53d9c481ef29",,
"0x8003dbfc",,,"1","1","281","1","5","1","0","0","0","direct_call","direct_call","f0a6c2476faa42c92d755e7dc78e214f1b5753f68704c039c0b7bfdbacf633d5","f0a6c2476faa42c92d755e7dc78e214f1b5753f68704c039c0b7bfdbacf633d5","6e481707ed1785af1279c4a4a237d6ab303402063f2abc510c452d1e75bfb7d9","0x8003EBAC","structural"
"0x8003e060",,,"1","1","96","1","4","1","0","0","0","direct_call","direct_call","4061edfc7fad17fad325bed2227dbb2b7f76e72793624bb7110ec454b161571d","4061edfc7fad17fad325bed2227dbb2b7f76e72793624bb7110ec454b161571d","ecb5ba71804f9807a6eeb1b9c2bb3f71ef924badd29909228070ba54aba02953","0x8003F010","structural"
"0x8003e1e0",,,"1","1","267","2","2","1","0","0","0","direct_call","direct_call","24480f62404e293a70876dbb8de223325ebe377e65520a0e6ddd92d786558330","24480f62404e293a70876dbb8de223325ebe377e65520a0e6ddd92d786558330","5e41225cbf491b6b7dbf2bc1125debd2f3d1c98060e4213a912a8b161adaa522",,
"0x8003e60c",,,"1","1","81","0","3","1","0","0","0","prologue_only","prologue_only","1f76adbc914686298fee222f7f602079eb867e69c0010a2539f1ee35f72a7aff","1f76adbc914686298fee222f7f602079eb867e69c0010a2539f1ee35f72a7aff","4e28160281945be06cb7116a644bf01baf2ad335520e2a3043288e5a1720d434","0x8003F5BC","structural"
"0x8003e750",,,"1","1","51","0","1","1","0","0","0","prologue_only","prologue_only","c667995e272584f97246a815c432cd313326083b40aa550ae26729c7d9bea154","c667995e272584f97246a815c432cd313326083b40aa550ae26729c7d9bea154","496f36b0d6359428eeb168339115ab6f9b3c309b50c49213f35cfcd62d94b540","0x8003F700","structural"
"0x8003e81c",,,"1","1","123","1","1","1","0","0","0","direct_call","direct_call","73553bf437bdc6be301685d981ff3ba429396d9b9a802f58da2ced2eddb777e0","73553bf437bdc6be301685d981ff3ba429396d9b9a802f58da2ced2eddb777e0","9643a52fbc8f110c0185541fe2ee25451e2dabd0407da0366f28b23e6b1079a9","0x8003F7CC","structural"
"0x8003ea08",,,"1","1","106","1","2","1","0","0","0","direct_call","direct_call","7517c4b9d43acdd3a2a29b8da38ec11a18de6c9dcc850418f47b91f5d8f68eb8","7517c4b9d43acdd3a2a29b8da38ec11a18de6c9dcc850418f47b91f5d8f68eb8","8cf4f9d3410b65cef9b69bd47891e77008159ff5115d558ebc04feb9de505272",,
"0x8003ebb0",,,"1","1","20","0","1","1","0","0","0","prologue_only","prologue_only","4242e792a04d6f437683cd154d2d732997761152d3d612f525c4e09caa3b8f3f","4242e792a04d6f437683cd154d2d732997761152d3d612f525c4e09caa3b8f3f","7a77b5e4852064d2dbe02550d24692a57e0157b3821d07aebfe42efdbcf7647e","0x8003FC28","structural"
"0x8003ec00",,,"1","1","34","1","2","1","0","0","0","direct_call","direct_call","1d618e02d4764d126fe65db393b63212c16906986bfc2e873b9db716d7acf5d1","1d618e02d4764d126fe65db393b63212c16906986bfc2e873b9db716d7acf5d1","c5dea6a22a8e557adf46f66ec8d1af1614b616f7004bcf61c2f33d69f7c95da4","0x8003FC78","structural"
"0x8003ec88",,,"1","1","724","2","18","1","0","0","0","direct_call","direct_call","fb673789c330bc3ef8a855a66930bd4853095051b0cc62ec5a7eba88c1e782d1","fb673789c330bc3ef8a855a66930bd4853095051b0cc62ec5a7eba88c1e782d1","8177cf4efc800eac18d1851df6141202e74252f8409adbea52d8a3c7c28159de",,
"0x8003f7d8",,,"1","1","240","2","4","1","0","0","0","direct_call","direct_call","c083417ebeb5a0a2cf504d27921401b36a5f48141bf862c052e21225140ada80","c083417ebeb5a0a2cf504d27921401b36a5f48141bf862c052e21225140ada80","410ca51861d4482951337fe3afb7926906ba61082775df0356a0afce8390bb99",,
"0x8003fb98",,,"1","1","27","0","1","1","0","0","0","prologue_only","prologue_only","18e78467d85087765f798e2e1095857241de3b222e48ff3ad5db005710fef46d","18e78467d85087765f798e2e1095857241de3b222e48ff3ad5db005710fef46d","0468b6e96ca0a241d318e14a645476ec4b31656a2bb242101f79b814bac02fa5","0x80040BFC","structural"
"0x8003fc04",,,"1","1","37","0","2","1","0","0","0","prologue_only","prologue_only","5ec5cc328ced4ff85d25f77257adc194857856093051fa8a5ef23a16e0acb9af","5ec5cc328ced4ff85d25f77257adc194857856093051fa8a5ef23a16e0acb9af","41f25d9ae2ff6f5441d8aaea8327a1dd9f7b0e32cd8b23b9051c240e34c4d09b","0x80040C68","structural"
"0x8003fcf8",,,"1","1","42","0","2","1","0","0","0","prologue_only","prologue_only","e3b97a2376e4f095fb1c8bbb457002fb18afa121759d085f140add9f5f6d3ce5","e3b97a2376e4f095fb1c8bbb457002fb18afa121759d085f140add9f5f6d3ce5","741252c260a10ac51b89f296ede9ce72e00a1b14c47869332fab3a2dbe5b06f3","0x80040D5C","structural"
"0x8003fda0",,,"1","1","190","0","10","1","0","0","0","prologue_only","prologue_only","e5f7082a790e7c4bb40f8d4de6ba46edea431910b0c34f381ae9e10fac3ec924","e5f7082a790e7c4bb40f8d4de6ba46edea431910b0c34f381ae9e10fac3ec924","50da018d801530d1318916ac45f56403a397f02f7bd594a4a39139f0f743fd80",,
"0x80040098",,,"1","1","288","4","8","1","0","0","0","direct_call","direct_call","edb66613463a68c821989583ca4ab0e3d0286375a94fc8124cf4e70f845c4fac","edb66613463a68c821989583ca4ab0e3d0286375a94fc8124cf4e70f845c4fac","bb52fcbeecaebfaa73fe44cb674c2f84d6593980fb82a6e361b3e5900ce86d29","0x80041190","structural"
"0x80040518",,,"1","1","30","2","0","1","0","0","0","direct_call","direct_call","61c21de51ec80810f410d0fe2304b554332e768826be0f8045b9380913c98ae6","61c21de51ec80810f410d0fe2304b554332e768826be0f8045b9380913c98ae6","3d4c6dae878deda7f6d90df5adc99b3709a7fde08adbfb156ac9e14b875db755","0x80041610","structural"
"0x80040590",,,"1","1","210","1","8","1","0","0","0","direct_call","direct_call","da61be3532a98de8d1bc5904a255d44f4d22adb65d48eaaa21dd2d2d015cd49e","da61be3532a98de8d1bc5904a255d44f4d22adb65d48eaaa21dd2d2d015cd49e","9371d6f282e272f71d2affe12f27ee27e203452b2b307845a4e6b77ab1d79dbe","0x80041688","structural"
"0x800408d8",,,"1","1","21","2","1","1","0","0","0","direct_call","direct_call","89a24519de09064799496b51e7155f5e1e1ea507f30e34c14bc26c77e470dd2e","89a24519de09064799496b51e7155f5e1e1ea507f30e34c14bc26c77e470dd2e","f64db345468207a001a7f7e12777a148546f054845fe7d52145969fda97de1f8","0x800419D0","structural"
"0x8004092c",,,"1","1","13","1","1","1","0","0","0","direct_call","direct_call","4f6b1fc080e767c2b36ecfebeceab0b354fe034eb7f4c406c8ce739209f5d768","4f6b1fc080e767c2b36ecfebeceab0b354fe034eb7f4c406c8ce739209f5d768","fbc283e611781337ad04c99f8bf2a6737135945f78fc209781b0f085005a3fbf","0x80041A24","structural"
"0x80040960",,,"1","1","111","1","7","1","0","0","0","direct_call","direct_call","3428787fece20442eac1ede6b7e8458f42bae8ce072f502f4e19d9e108bac2fa","3428787fece20442eac1ede6b7e8458f42bae8ce072f502f4e19d9e108bac2fa","9aa93c83a3c3e6e5ce634f3977b0aed9597bfe32cb2c20ca748d345a98a90bd6",,
"0x80040b1c",,,"1","1","34","0","1","1","0","0","0","prologue_only","prologue_only","1d69baf93eb2a88115fdef3e1872efa002a975686bc972e626fb7db08c2c67b9","1d69baf93eb2a88115fdef3e1872efa002a975686bc972e626fb7db08c2c67b9","aa2775d54e3d3d856386cc75ce678ef61690077b1477b14c45c1e790c7d77899","0x80041C00","structural"
"0x80040ba4","ActorReload_Request","confirmed","1","1","70","0","4","1","0","0","0","prologue_only","prologue_only","ac78751783f5ad53982c03c63014d01a9c8d53081ee03a6a95a47951914bf005","ac78751783f5ad53982c03c63014d01a9c8d53081ee03a6a95a47951914bf005","c9bbf52a9a5bbe4c637fc42636e2b69b8d6d45c50e17a264ad17a62bc297e15f","0x80041C88","structural"
"0x80040cbc",,,"1","1","145","2","6","1","1","1","0","direct_call+overlay","direct_call+overlay","e272c6aadd11dccfb00fd627749ea80611f49f0c6c35f29b52c2e2a1ab561b06","e272c6aadd11dccfb00fd627749ea80611f49f0c6c35f29b52c2e2a1ab561b06","596f2fc8f2f8c363e29b6696788f56ce6baaad4f41823963bc7d2f5ad1c24dbf","0x80041DA0","structural"
"0x80040f00",,,"1","1","41","1","3","1","0","0","0","direct_call","direct_call","fc6ea5bca9db4c5260c34302ff8916225b365d1790967dd599824d7404f6fa74","fc6ea5bca9db4c5260c34302ff8916225b365d1790967dd599824d7404f6fa74","14609add5aad0a048ec3b77cd95c5b288f17edbdc6a91bac26668163d07858cf","0x80041FE4","structural"
"0x80040fa4",,,"1","1","2","1","0","1","0","0","0","direct_call","direct_call","6d64edf91449c1b17746c1ef18afa2eb25c70bdf1322ab3df5a2630993b7e2f1","6d64edf91449c1b17746c1ef18afa2eb25c70bdf1322ab3df5a2630993b7e2f1","6d64edf91449c1b17746c1ef18afa2eb25c70bdf1322ab3df5a2630993b7e2f1",,
"0x80040fac",,,"1","1","11","0","1","1","0","0","0","prologue_only","prologue_only","a19fc6bba57024e382c8415228f6fb2ad6d5a8b5506d76ff51292d3e8686563e","a19fc6bba57024e382c8415228f6fb2ad6d5a8b5506d76ff51292d3e8686563e","cdf961673c4c032f7d7556e9a0a8affba544d0bd08159f040f1c4e9d63768ca1","0x80042090","structural"
"0x80040fe0",,,"1","1","29","0","1","1","0","0","0","prologue_only","prologue_only","f61907d31558189e7409dab506ef0c1eb685beb0c6206b5a88a298ca60bf2fde","f61907d31558189e7409dab506ef0c1eb685beb0c6206b5a88a298ca60bf2fde","1d960170cfe796bf09bd842b6092daf79a6ee7f6cae5a23c4ba9fd609990cd31","0x800420C4","structural"
"0x80041054","PlayerObjectInteraction_Start","strong","1","1","33","1","4","1","0","0","0","direct_call","direct_call","1c687870801ce9e1ae20e11fceb782809cc74ca481718bdbe4660d3d6cf72c18","1c687870801ce9e1ae20e11fceb782809cc74ca481718bdbe4660d3d6cf72c18","215f7db9504e16286be6eefef33e793f5f9a88d27cef98a5206048d8f4832bc9","0x80042138","structural"
"0x800410d8",,,"1","1","68","1","6","1","0","0","0","direct_call","direct_call","c04ad60235a78a41c12eb282b50cf932ce30b4e09030d96cfd8573b348f16c6f","c04ad60235a78a41c12eb282b50cf932ce30b4e09030d96cfd8573b348f16c6f","70b271ff140bf9c2d6e99342222f5d9ad019bd3ea1605c6a6057acd51556787c",,
"0x800411e8",,,"1","1","39","0","2","1","0","0","0","prologue_only","prologue_only","b51122441502c293428f9c30f8b7fdb4aebbe36dc5194931c8f9a8ff127ff9c1","b51122441502c293428f9c30f8b7fdb4aebbe36dc5194931c8f9a8ff127ff9c1","43a8150615a801f3fc99b25d1ca600b3c1b1013e0093c06c1dc71af768cb5510","0x800422B8","structural"
"0x80041284",,,"1","1","74","0","1","1","0","0","0","prologue_only","prologue_only","d40e41862d1413473b412b92831835d80aa1cb27162d49f3af382cf6aa342e9f","d40e41862d1413473b412b92831835d80aa1cb27162d49f3af382cf6aa342e9f","35999f7b92b9fff54f41168cfea89194142546d56415d4ac43a794850ba07bef","0x80042354","structural"
"0x800413ac",,,"1","1","24","0","1","1","0","0","0","prologue_only","prologue_only","0fcc2823089c06cda11d771060f7fec27aa0d6537f32fb49308a59dfc610b663","0fcc2823089c06cda11d771060f7fec27aa0d6537f32fb49308a59dfc610b663","b130fb111a35ad1c2ce5c50ffa428fc635718a0ad2336e5fc39df8d02351c89c","0x8004247C","structural"
"0x8004141c",,,"1","1","286","0","11","1","0","0","0","prologue_only","prologue_only","c226c89ac2aacb6e0601557bbfe2c4716839d845982b58faccfc66524145e7e5","c226c89ac2aacb6e0601557bbfe2c4716839d845982b58faccfc66524145e7e5","4530b54d897856c2f5eca32ef1febc5e35a9f9945aff7027bf982d743b8a1bb7","0x800424EC","structural"
"0x80041894",,,"1","1","19","1","2","1","0","0","0","direct_call","direct_call","f06e154997acb697fa6c4110cf6e956256364626f641ea71e389b3a94c4f800b","f06e154997acb697fa6c4110cf6e956256364626f641ea71e389b3a94c4f800b","fc53ed9590763e5953a1e36fbf57e591ce2fe6df1a5f1d2ee000ba9d0ef2ea4a","0x80042964","structural"
"0x800418e0",,,"1","1","16","1","2","1","0","0","0","direct_call","direct_call","e337b0d948ed68b0e6cb09681dc39828fe97605dfd3bcd6a3dba53874198d880","e337b0d948ed68b0e6cb09681dc39828fe97605dfd3bcd6a3dba53874198d880","e6f4291c14c7f4ee3a2db40d8bdc3e6dac805b060c49fa6720d6e1351d9d5438","0x800429B0","structural"
"0x80041920",,,"1","1","40","0","3","1","0","0","0","prologue_only","prologue_only","72f49902d3c18faf332701e2119c9f1336969dc7469ac5ad9910bd960f88487a","72f49902d3c18faf332701e2119c9f1336969dc7469ac5ad9910bd960f88487a","a313fc95abdab74a3fc1af487e52aee0f0933d156927a5f00dc0a176f6345d29",,
"0x800419c0",,,"1","1","76","1","2","1","0","0","0","direct_call","direct_call","867f1dd25929240085926edf128221a712c35a36e275cae860376069e025ecd6","867f1dd25929240085926edf128221a712c35a36e275cae860376069e025ecd6","31527f239e6ca9fab65742d2fe662a4f8446691175360af7e4781c86e5968358","0x80042A90","structural"
"0x80041af0",,,"1","1","72","0","2","1","0","0","0","prologue_only","prologue_only","ad20ab6a3e6f09a8314ab3946337b68315620572eca1137e5940cf25851a9edd","ad20ab6a3e6f09a8314ab3946337b68315620572eca1137e5940cf25851a9edd","b056858a6db3dfc5389eb7de9945bfc2dd71586002528a0b17b8d57d06348a5a","0x80042BC0","structural"
"0x80041c10",,,"1","1","20","1","0","1","0","0","0","direct_call","direct_call","a621fbf1ccc621b0901ff03bd6accef49ee82f399769a30620a5d0d05d1dd5bb","a621fbf1ccc621b0901ff03bd6accef49ee82f399769a30620a5d0d05d1dd5bb","ccc662857c521c50f51c97280cd113be021a559eee77d1926fe5991bea586dd4","0x80042CE0","structural"
"0x80041c68",,,"1","1","11","0","1","1","0","0","0","prologue_only","prologue_only","fb2c488f98b19d3e8b78d6d31905b145eeea0e061bc7679a4e43c867cfb51b0f","fb2c488f98b19d3e8b78d6d31905b145eeea0e061bc7679a4e43c867cfb51b0f","5d4cb6b0cac6892582e9669e5750a510fc78ca1caf3e1004c23d6fa1c94d1ebe","0x80042D38","structural"
"0x80041c94",,,"1","1","9","1","0","1","0","0","0","direct_call","direct_call","2637c8fa6956d7435d9e933031eb1b599b96e11a904dd63118a56f8c0a106726","2637c8fa6956d7435d9e933031eb1b599b96e11a904dd63118a56f8c0a106726","bd20e3c0227dbaedd055b78b64f2dfc93cdf18a772714bc4483057a6d4034a98","0x80042D64","structural"
"0x80041cb8",,,"1","1","19","7","0","1","0","0","0","direct_call","direct_call","8cecbe91e1f5e3fba45c1430d814d04f7bac71112aaaae054fb95f3a7a8388cd","8cecbe91e1f5e3fba45c1430d814d04f7bac71112aaaae054fb95f3a7a8388cd","427ce1d97e8e65d7e93e7f062b464d731b59ba339a72a2847344bbddb7cb2dfa","0x80042D88","structural"
"0x80041d04",,,"1","1","15","5","0","1","0","0","0","direct_call","direct_call","f371277d62bbcec7dec1a8a82c0bb5aa086b0dcd60faaa119838cf71d0607d42","f371277d62bbcec7dec1a8a82c0bb5aa086b0dcd60faaa119838cf71d0607d42","a0a812c25322f6dbf256f151785db80568768a14b6af30d2826c36a31fc53fd6","0x80042DD4","exact"
"0x80041d40",,,"1","1","22","1","0","1","0","0","0","direct_call","direct_call","ff16f2675af5ed7e7da874f3c618ba3a87908165dbc8154a8d5c0a66298d8859","ff16f2675af5ed7e7da874f3c618ba3a87908165dbc8154a8d5c0a66298d8859","80d768a2cc7d2d9c49f35f5aff7275a8cda79f1c33f5145ccdf22f665379d916","0x80042E10","exact"
"0x80041d98",,,"1","1","19","1","0","1","0","0","0","direct_call","direct_call","f5ed7a4b3a6889f93dc79f04df149015aef797c43c845d39b90a0ac363a98213","f5ed7a4b3a6889f93dc79f04df149015aef797c43c845d39b90a0ac363a98213","5824e74c61cbdab50a382de090463b5ce18cc23f8cf281650912a6c95059b387","0x80042E68","exact"
"0x80041de4",,,"1","1","282","0","4","1","0","0","0","prologue_only","prologue_only","f858c0ac7c00ccce92a862e18c3df789bea751fb44fcb1751001819d8aa95a7c","f858c0ac7c00ccce92a862e18c3df789bea751fb44fcb1751001819d8aa95a7c","2bca6588ca909fe27348430ee2530d2995f5781b110c4672dbf8b06c39ac537f",,
"0x8004224c",,,"1","1","3","9","0","0","0","0","0","direct_call","direct_call","efc11750d5cf77ed9180afa0805858356f35fbf59c7c14d114b6213d2e359d7b","efc11750d5cf77ed9180afa0805858356f35fbf59c7c14d114b6213d2e359d7b","e02af842d65ec2488071b75c75fd86e4e8aa1f864d119eab4199555e4c506b20","0x8004331C","exact"
"0x80042258",,,"1","1","34","0","0","1","0","0","0","prologue_only","prologue_only","e543f868459c85907899cbbbc00bba4fc60db92307210d7374ce8662651223ce","e543f868459c85907899cbbbc00bba4fc60db92307210d7374ce8662651223ce","fe78e4c61c3c6a4b2396426d61406470b493c04dd0011318dbe995d14cb22d0a","0x80043328","structural"
"0x800422e0",,,"1","1","43","1","1","1","0","0","0","direct_call","direct_call","b83c3f8bb003d723168192482f580334820676a9a78a8f48b4c82d09a2297eea","b83c3f8bb003d723168192482f580334820676a9a78a8f48b4c82d09a2297eea","fe98d34f5ce2eb4823b6aedba5c2e47c807553f1047025247c5283e3cb452776",,
"0x8004238c",,,"1","1","62","1","2","1","0","0","0","direct_call","direct_call","082b4bebdbe3937279219d33e01c8a4fdadc30f0b456e83dd07dbf5ecb428625","082b4bebdbe3937279219d33e01c8a4fdadc30f0b456e83dd07dbf5ecb428625","178404a92b5562e07270aae9bdbae05a54770b72280a75424e35ad8cff550efc","0x8004345C","structural"
"0x80042484",,,"1","1","158","2","3","1","0","0","0","direct_call","direct_call","2d68b2c2f16e9101941f0cb8904c47f69814b96208c402155ec3606e6e480e18","2d68b2c2f16e9101941f0cb8904c47f69814b96208c402155ec3606e6e480e18","55ed3b8630e3bba3cd1d578f23f7441b681b371d50201497d9126cf37b1b485c","0x80043554","structural"
"0x800426fc",,,"1","1","48","2","2","1","0","0","0","direct_call","direct_call","b09a1dbe4f36394bf0e7b57c42d79be33ff60fa77104261b1e9207b0703aee3f","b09a1dbe4f36394bf0e7b57c42d79be33ff60fa77104261b1e9207b0703aee3f","ad0ab182f600bb0dd0e040a6fcd3d75b82a4f6580a749179139b65190d67ff8f","0x800437CC","structural"
"0x800427bc",,,"1","1","83","1","0","1","0","0","0","direct_call","direct_call","4b848503711c7d5de59ba7dafac63c1fc97004f12c88390b56e9821bbba0dc4d","4b848503711c7d5de59ba7dafac63c1fc97004f12c88390b56e9821bbba0dc4d","abb5dcf49c8bd2a29274145dceb1ecf5569dd491badc593b9c774944f45919ef","0x8004388C","structural"
"0x80042908",,,"1","1","67","1","2","1","0","0","0","direct_call","direct_call","e4e45faf6a248895640514767dbc4d810e99fbcaa579bb2776e3b1e958007ead","e4e45faf6a248895640514767dbc4d810e99fbcaa579bb2776e3b1e958007ead","b6ec853e7e302f7a2b3ef19e6b54bb1f3b8b16bee3d974b37f79437602c65951","0x800439D8","structural"
"0x80042a14",,,"1","1","16","2","0","0","0","0","0","direct_call","direct_call","16043355712be25d33739188e27040504f3943d55b9f1f9d36ec65267726cc42","16043355712be25d33739188e27040504f3943d55b9f1f9d36ec65267726cc42","815d8562674d42dde6791db30962633688466465b12a465a50d747a7a017cbc7",,
"0x80042a54",,,"1","1","23","1","1","1","0","0","0","direct_call","direct_call","548e19e84950d3c339a7b67686d20d543621d3cbeed30cfd6afd84df1f95c895","548e19e84950d3c339a7b67686d20d543621d3cbeed30cfd6afd84df1f95c895","39eb2c65dbc90a1478cad6d7c198988a9b4873459304e82233fff2baeae460dc",,
"0x80042ab0",,,"1","1","131","2","3","1","0","0","0","direct_call","direct_call","8eb47f2a3fcba14cb08eec5df0ff5dec5d0779c7d286ca52300473606c290e9c","8eb47f2a3fcba14cb08eec5df0ff5dec5d0779c7d286ca52300473606c290e9c","6f68800c0b0565b673ac522dfb1cc74701d2627a6f8f401c6cee891a9556076c","0x80043B80","structural"
"0x80042cbc",,,"1","1","14","1","0","1","0","0","0","direct_call","direct_call","7de04bd47f613a3f7697b291554c9435f85f743c1182b8c192559f1c31285eef","7de04bd47f613a3f7697b291554c9435f85f743c1182b8c192559f1c31285eef","d906ecf7fa522926019d6e28b63bd5c777c31241e3bb635dea8a9eee8a4033a6","0x80043D8C","exact"
"0x80042cf4","MissionEvent_DispatchByObject","strong","1","1","53","163","3","1","1","1","0","direct_call+overlay","direct_call+overlay","370d1e25790ca9c97e1d38298fb094503209566675384d0189f2412d5ee4b60b","370d1e25790ca9c97e1d38298fb094503209566675384d0189f2412d5ee4b60b","f0b316a97eb87c1a46f197b3a1de53cdf72bac8520d1dffb2d03b2bd3d29d78f","0x80043DC4","structural"
"0x80042dc8",,,"1","1","138","1","3","0","0","0","0","direct_call","direct_call","c0411d06afa9db5f7874a5804a528d594c2604045ab7d00b06589891047d18cd","c0411d06afa9db5f7874a5804a528d594c2604045ab7d00b06589891047d18cd","59db91df3a03cfd342352444515b089e37a3b68241066ba8c89b122d6bccd50d",,
"0x80042ff0",,,"1","1","261","1","4","0","0","0","0","direct_call","direct_call","249d3efab241c7ad9116eb443d713619e83037b6d3cd38ba30f99239836f4f2a","249d3efab241c7ad9116eb443d713619e83037b6d3cd38ba30f99239836f4f2a","d687dcaa9d96810f4399a8e2687d37cf85574471716fb8c4f5235204298cd039",,
"0x80043404",,,"1","1","79","1","2","1","0","0","0","direct_call","direct_call","56bb55e5bd6bfbaaa078d5403d793b7df8358821981605ff7e8528a9c5893aa5","56bb55e5bd6bfbaaa078d5403d793b7df8358821981605ff7e8528a9c5893aa5","2df3fdfaac145ea98d45470220360f111fe9761d8a29e5e9b50d5ad72d0883ce",,
"0x80043540",,,"1","1","105","1","2","1","0","0","0","direct_call","direct_call","aab6c28134653262251cea096b65639321adf7e791f6a28947453348c734cddd","aab6c28134653262251cea096b65639321adf7e791f6a28947453348c734cddd","0b0d37dd1a0225f9213ac75987c8111a6569fbe568777b16495d23575ca6bc95","0x80044610","structural"
"0x800436e4",,,"1","1","247","1","6","1","0","0","0","direct_call","direct_call","c31a53017906d143cc31e2ddfc5409a41c1c13673f2abd92d5eb65009ef8357f","c31a53017906d143cc31e2ddfc5409a41c1c13673f2abd92d5eb65009ef8357f","69d16036b31bcb51d97b1f342bda96a42baad9bbdc1bf4989f0c07297c9186b2","0x800447B4","structural"
"0x80043ac0",,,"1","1","49","1","0","1","0","0","0","direct_call","direct_call","aa9b81b93027029f836e0a2f19ed8b5b564f24a0e80e238b874cbbde68058b0b","aa9b81b93027029f836e0a2f19ed8b5b564f24a0e80e238b874cbbde68058b0b","da394b73b1e8e9a40e6c05d0372df06297092bc6741e4d89411b855b91d8be0c","0x80044B90","structural"
"0x80043b84",,,"1","1","51","1","4","1","0","0","0","direct_call","direct_call","ea360a88f75166077095be03e34312ea50bb39a18c5d94894ae9d3dd6216c8d5","ea360a88f75166077095be03e34312ea50bb39a18c5d94894ae9d3dd6216c8d5","fbf3d2518fb113c8e54d1722aa4546f25c00487bdd6f2973377ea8dafe62fb2e","0x80044C54","structural"
"0x80043c50",,,"1","1","22","0","1","1","0","0","0","prologue_only","prologue_only","f6c04a4246ed922f068f27deabc5f2188a178b406029b0d338abc04167bb0e7e","f6c04a4246ed922f068f27deabc5f2188a178b406029b0d338abc04167bb0e7e","333060ff0d737b74144f9c341c841038930fe79f8f0f05105c2f4795e47245c5","0x80044D20","structural"
"0x80043ca8",,,"1","1","140","1","2","1","1","1","0","direct_call+overlay","direct_call+overlay","fe2db9f241096fc76f8b047158ddefca83bb8589562d425d64db01b33deafe56","fe2db9f241096fc76f8b047158ddefca83bb8589562d425d64db01b33deafe56","9bbeed058d0a20d1a5a2af69ddfc7c7ab16f9b1c6b17267f96bcb1b36e02bc26",,
"0x80043ed8",,,"1","1","19","2","0","1","0","0","0","direct_call","direct_call","98b83b98d42d3502a8b3e8c26379ab361cd04b3c4655e2ab9dd0f0bee15bd96f","98b83b98d42d3502a8b3e8c26379ab361cd04b3c4655e2ab9dd0f0bee15bd96f","8da70223bf89c1e94e06cbbce2d4b9ac8d5c24edb7f414a7c2804bf998a373e7","0x80044F58","structural"
"0x80043f24",,,"1","1","72","12","1","1","0","1","0","direct_call","direct_call+overlay","63af5a5b56731519316f916c5f3b5418eb21e192174c2f4fcdf714d0d75ebf66","63af5a5b56731519316f916c5f3b5418eb21e192174c2f4fcdf714d0d75ebf66","f54c70522c532f5c5d973a9af48fd26b44b17cccae0da1bb1c0bf59cc42ebf11","0x80044FA4","structural"
"0x80044044",,,"1","1","19","2","0","1","0","0","0","direct_call","direct_call","7959d471655a02e5315f6803df46e6ccae9f31cc9e517418f929567607bd4845","7959d471655a02e5315f6803df46e6ccae9f31cc9e517418f929567607bd4845","741c783ddcf0b793f8c41a4325cf08893c6b2dcece3d2338b7eacb768c969d0e","0x800450C4","structural"
"0x80044090",,,"1","1","72","2","1","1","0","0","0","direct_call","direct_call","b169e44644ea7db3f082bdc54bc3d9bfaf0c0b3b8794b06008e205eacb8c710c","b169e44644ea7db3f082bdc54bc3d9bfaf0c0b3b8794b06008e205eacb8c710c","78db74fbfea020cccf0f259d23734306f16530dd113faa1a209b4120cbd1ea0c","0x80045110","structural"
"0x800441b0",,,"1","1","86","2","2","1","0","0","0","direct_call","direct_call","235c232868a46f651c144b252bbd16b7ae982e33c6c661e3b83e851699d33a5c","235c232868a46f651c144b252bbd16b7ae982e33c6c661e3b83e851699d33a5c","21025a8f74ade80e28ea28e5bb952c3cf5bf3309885d516ec5f081a51078da48","0x80045230","structural"
"0x80044308",,,"1","1","14","2","1","1","1","0","0","direct_call+overlay","direct_call","914ade0c742e4ec9cdd07846125d35b77a7ea51ca7cc7aa4cdcc06fb54c20c20","914ade0c742e4ec9cdd07846125d35b77a7ea51ca7cc7aa4cdcc06fb54c20c20","ce747503f9632e5e28cd8761575d84978dec216fe06bd02ae6006c1e1498d5b4",,
"0x80044340",,,"1","1","14","3","1","1","1","0","0","direct_call+overlay","direct_call","3075c9d12077e04aae714d7d821b06687f8aafd1de96879917daedc91c03ee6a","3075c9d12077e04aae714d7d821b06687f8aafd1de96879917daedc91c03ee6a","ce747503f9632e5e28cd8761575d84978dec216fe06bd02ae6006c1e1498d5b4",,
"0x80044378",,,"1","1","30","1","1","1","1","0","0","direct_call+overlay","direct_call","87fc7d1452dca56e762dd71086d0b6f29e2c24b4a767cfb8df979dabe420706e","87fc7d1452dca56e762dd71086d0b6f29e2c24b4a767cfb8df979dabe420706e","27ee898adc4144d32396913dd0ab9407f4751aa620341f14ab4948b90d48d2d4",,
"0x800443f0",,,"1","1","30","1","1","1","0","0","0","direct_call","direct_call","06fb57c513434185ea15773148a2e94add094f3277494894837d66098621341b","06fb57c513434185ea15773148a2e94add094f3277494894837d66098621341b","aabe3defcc1a8414ff803de8b23d0acff2b5ee31f74f08e1ffeb65c34320b5dc","0x800454C8","structural"
"0x80044468",,,"1","1","14","1","0","1","0","0","0","direct_call","direct_call","7fc2939b9c96af0d6ee0ac85b544777e7721906e6958998c903280c04e2f6b2d","7fc2939b9c96af0d6ee0ac85b544777e7721906e6958998c903280c04e2f6b2d","37931746de60bd063e83b6f34787248ecf65a48d57f882a27e3e7852884970e3","0x80045540","exact"
"0x800444a0",,,"1","1","21","0","1","1","0","0","0","prologue_only","prologue_only","4d7ddc50d5e60888a4bd32a4dbce05ac9928bc56cd0d629cdc24b1cf0aa70804","4d7ddc50d5e60888a4bd32a4dbce05ac9928bc56cd0d629cdc24b1cf0aa70804","306ffaadce78506d85f923e4ae91d8be5842f502e1828cf7f07cce029202bd5b","0x80045578","structural"
"0x800444f4",,,"1","1","95","0","1","1","0","0","0","prologue_only","prologue_only","49f6121e7a6fc9e298f146815a0e32f574a36932115facfb8577f11faf61e5fb","49f6121e7a6fc9e298f146815a0e32f574a36932115facfb8577f11faf61e5fb","73bd6b9df9db97f145a124c51511e6d26355a01302478bd7a27ecab861a69e57","0x800455CC","structural"
"0x80044670",,,"1","1","128","0","3","1","0","0","0","prologue_only","prologue_only","d3f8b5438b719516e25af5e89f8644d9b4f6fe6340c50f6d186e1767fe190f2f","d3f8b5438b719516e25af5e89f8644d9b4f6fe6340c50f6d186e1767fe190f2f","615f3f5f6a0baad09beea1317f24befc68d372bbf1a5ac23c2a478e949f93b77","0x80045748","structural"
"0x80044870",,,"1","1","69","0","3","1","0","0","0","prologue_only","prologue_only","334e7e5d030d7a3fca7abaf1f01b7e19ebda0aadcc797420a551a0a00e13e2d6","334e7e5d030d7a3fca7abaf1f01b7e19ebda0aadcc797420a551a0a00e13e2d6","cde1e7358b27232ce7898d392d0c828c3e0e7d62edd1098297a62b33b34cd63f","0x80045948","structural"
"0x80044984",,,"1","1","27","0","2","1","0","0","0","prologue_only","prologue_only","64f42d4b6c76e554d4210eba1f5e7989c9cd6d23ab09a836f458428051f7e70a","64f42d4b6c76e554d4210eba1f5e7989c9cd6d23ab09a836f458428051f7e70a","b432279f89aa23a3f6e08f64e9ed9b99d83a623c715a5f4698b3fa3a67e6b167","0x80045A5C","structural"
"0x800449f0",,,"1","1","41","0","1","1","0","0","0","prologue_only","prologue_only","d5d6d2bad71779cd48fed9264fd83c13ec333332ed1dff185db78b489a5d3e21","d5d6d2bad71779cd48fed9264fd83c13ec333332ed1dff185db78b489a5d3e21","6659e1bc955bfcf0ab84def4737a845b2224e5f4ab50a08791ee88503ce41eba","0x80045AC8","structural"
"0x80044a94",,,"1","1","77","0","1","1","0","0","0","prologue_only","prologue_only","d6d281bc61bb4c2dec7c9c6323f9fcef168c04a621371ff0e07642939072e2b8","d6d281bc61bb4c2dec7c9c6323f9fcef168c04a621371ff0e07642939072e2b8","c62580bac4e1160614a4c54622d76cbbf7b0f367c2bd9fdbe6d589f0c04f1e67","0x80045B6C","structural"
"0x80044bc8",,,"1","1","57","1","1","1","0","0","0","direct_call","direct_call","b074960959abafe4e6331499c3efd41f79fb795c2d20ca6653604af983bf1ab2","b074960959abafe4e6331499c3efd41f79fb795c2d20ca6653604af983bf1ab2","dba30583ef2d9e86c54d909e02c51e12403a928a194503919ac8eedd23377b55","0x80045CA0","structural"
"0x80044cac",,,"1","1","49","1","1","1","0","0","0","direct_call","direct_call","5945a83a6f0b5c47ef5c5b985cff9ebf78c08e79a9cca89d3e02f41cf53165bf","5945a83a6f0b5c47ef5c5b985cff9ebf78c08e79a9cca89d3e02f41cf53165bf","43f6c4980b4767c36ef7a40cf61707679400d59833e005397b0d48a400b62a55","0x80045D84","structural"
"0x80044d70",,,"1","1","50","2","0","1","0","0","0","direct_call","direct_call","f862fe7ba9b952acf68090246e7ed46abb61901ae0343115eb02be50031d045e","f862fe7ba9b952acf68090246e7ed46abb61901ae0343115eb02be50031d045e","636c446830bcc27942ecc19d123d06240e24155f46ff953090f5f4cf2faa4be1",,
"0x80044e38",,,"1","1","52","4","3","1","0","0","0","direct_call","direct_call","e42d8b2c36b0374ae0b9d419b14128290cae0fad8acfdb570da4caf28647eaa8","e42d8b2c36b0374ae0b9d419b14128290cae0fad8acfdb570da4caf28647eaa8","031c5f90dfb44187fd8ad48a4e69ce2b79ebe25cf7a79991e3fb061fadeafc53",,
"0x80044f08",,,"1","1","30","1","3","1","0","0","0","direct_call","direct_call","6bb5f8573a6465a50e2caef750de90d8a0fe429db110521ba5ec29f5edfd316f","6bb5f8573a6465a50e2caef750de90d8a0fe429db110521ba5ec29f5edfd316f","f38d77ee10b2a6d6c112cd31ba67dd5b1f1b53495a1fc60bc21ca7daa57842c5",,
"0x80044f80",,,"1","1","13","0","1","1","0","0","0","prologue_only","prologue_only","998df5b6869ddedcf20e64f1056e38cc7a1222386f9ce06d135f5759e61f05c8","998df5b6869ddedcf20e64f1056e38cc7a1222386f9ce06d135f5759e61f05c8","fe53a45032b4648b1db756320cd8298e45e90e334ce18e33912be753ab333f2b","0x80046050","structural"
"0x80044fb4",,,"1","1","10","0","1","1","0","0","0","prologue_only","prologue_only","7733e634ea98bfe151132ecf7564fa3028ae533330573d727bd7e7bddefc2193","7733e634ea98bfe151132ecf7564fa3028ae533330573d727bd7e7bddefc2193","86b57dc580ed11fe8ff8c08ede1112606810052e208d32d1015422eca68d91b8","0x80046084","structural"
"0x80044fdc",,,"1","1","10","10","0","1","0","0","0","direct_call","direct_call","290f8289d445b534aeae58e46cd6bc4b074034d2dcc4b870f9e1d39a49ca3a5a","290f8289d445b534aeae58e46cd6bc4b074034d2dcc4b870f9e1d39a49ca3a5a","41a678f1bb265c24605188f42856b08fc4b249f6bb351c39666a61ba5e8f80be","0x800460AC","exact"
"0x80045004",,,"1","1","39","0","1","1","0","0","0","prologue_only","prologue_only","05f4ff798510762d4584fa1ed428b4add426a484531bafa7f2b7f27351611dcb","05f4ff798510762d4584fa1ed428b4add426a484531bafa7f2b7f27351611dcb","31d348d523a748d3cff37b8a86707c587ee6241368f5f21c71d68781b62ad65a",,
"0x800450a0",,,"1","1","49","2","1","1","0","0","0","direct_call","direct_call","c9bca27b97ddbdff12735f69a5ee13b7eaf17576940f60ad2d73b2a92140b650","c9bca27b97ddbdff12735f69a5ee13b7eaf17576940f60ad2d73b2a92140b650","b0540b832ba15d45acc0cf52b52134432c6d836ee8e5bb0c16cb68a47040ab2c","0x800460D4","structural"
"0x80045164",,,"1","1","20","4","1","1","0","0","0","direct_call","direct_call","065eee4a32c74a209c6d0ff12b25dcab911b3b68f0bb7e878845d53007cb688f","065eee4a32c74a209c6d0ff12b25dcab911b3b68f0bb7e878845d53007cb688f","48ddfa82711e60fa82ee30bedd1c31e80bab379113a8cd6c75f1517fa3bb4480","0x80046198","structural"
"0x800451b4",,,"1","1","36","2","1","1","0","0","0","direct_call","direct_call","d19608ec094a158f0e52585c2749b4efd3e204040f95bf0a8418d6c25e50f34c","d19608ec094a158f0e52585c2749b4efd3e204040f95bf0a8418d6c25e50f34c","afae03e9d736f45faf23807ce50456004d6e246707cc48680db31c5032c0a334","0x800461E8","structural"
"0x80045244",,,"1","1","52","2","1","1","0","0","0","direct_call","direct_call","40519041595bb641e819fa0a22bad4a14534ccd94da71e5e17c9a4d9f5624467","40519041595bb641e819fa0a22bad4a14534ccd94da71e5e17c9a4d9f5624467","0043a8589bee6530af617bdbb5d27da52cec645148dd8897eec1ef767971de92","0x80046278","structural"
"0x80045314",,,"1","1","44","2","1","1","0","0","0","direct_call","direct_call","df1bb6b945c69ab737e975b46075b782b43a91eee942a25cc05233ce2e5e071a","df1bb6b945c69ab737e975b46075b782b43a91eee942a25cc05233ce2e5e071a","bfeac9b49b1e8781294995de0a83c217118e3bd6fb8abbe3054437de3115a758","0x80046348","structural"
"0x800453c4",,,"1","1","222","0","5","1","0","0","0","prologue_only","prologue_only","499b871e4c75f238f3fe4020ea3adaa9a4eace2d73342a466152d12face78b68","499b871e4c75f238f3fe4020ea3adaa9a4eace2d73342a466152d12face78b68","a9e5ccc95e91421e681fc75f4173ef012ec0be67c2a013fbeea29b12a20c6913","0x800463F8","structural"
"0x8004573c",,,"1","1","13","0","1","1","0","1","0","prologue_only","overlay","6684e67154ce8bdcd8d1b9c27a19aa292dc3f7e3258f951ff204317160ba6ec1","6684e67154ce8bdcd8d1b9c27a19aa292dc3f7e3258f951ff204317160ba6ec1","b3224344b7ea3dac97e67cc5edaca74ad4f94825345234abf21978f3556ba1a2","0x80046770","structural"
"0x80045770",,,"1","1","56","0","3","1","0","0","0","prologue_only","prologue_only","49d8636da509ae92315621d17e37bbd72d42bba6ff06904b3ec6f08c695a6677","49d8636da509ae92315621d17e37bbd72d42bba6ff06904b3ec6f08c695a6677","1f20bedc8f816d9d31b1caadc1b73c883d0211ca1b79c06f6af71f868275112f","0x800467A4","structural"
"0x80045850",,,"1","1","101","1","0","1","1","0","0","direct_call+overlay","direct_call","2dff4ab8ce7bb946d066ef8133efd7803ceda0793874a83eb035e8368f0ded71","2dff4ab8ce7bb946d066ef8133efd7803ceda0793874a83eb035e8368f0ded71","7edc9a1098993846061c8f079aeabf399e60f25c4f6b220393c567f8f6f3a058","0x80046884","structural"
"0x800459e4",,,"1","1","48","2","0","1","1","1","0","direct_call+overlay","direct_call+overlay","344e7c8b4ea3779af588c4b0c8851a6b51d9e823a8a7bcc2dd11bf31dbf91a60","344e7c8b4ea3779af588c4b0c8851a6b51d9e823a8a7bcc2dd11bf31dbf91a60","f61cde641cff591fe9e57d20f73fca5827160231b94894f76db8c6769eddf707","0x80046A18","structural"
"0x80045aa4",,,"1","1","61","2","0","1","1","1","0","direct_call+overlay","direct_call+overlay","75e36f5afc699ad1b6339e9c392ddf8663ce64cf9e9f53513a93c54f02f44a0a","75e36f5afc699ad1b6339e9c392ddf8663ce64cf9e9f53513a93c54f02f44a0a","a1c20f7478cc0aed93313bd9bfc07c5421b201bfeff937ea0e47587a55cd42d1","0x80046AD8","structural"
"0x80045b98",,,"1","1","64","2","1","1","1","1","0","direct_call+overlay","direct_call+overlay","69c52a93af05f5ab5ef8c246dfffd45a783eb9f9a5a85ed05b0a57cc1fceb828","69c52a93af05f5ab5ef8c246dfffd45a783eb9f9a5a85ed05b0a57cc1fceb828","5e70bc92de0a51ef94755287b9480e6e83d7a07bd28be3bfaa7ea2aaccaefed6","0x80046BCC","structural"
"0x80045c98",,,"1","1","60","1","1","1","0","0","0","direct_call","direct_call","4a4edd4171f0a207a4a7971c6ff754d71a2a48ce7b00f92cc73135e7f4d88eb5","4a4edd4171f0a207a4a7971c6ff754d71a2a48ce7b00f92cc73135e7f4d88eb5","8976c149217317184a9460262ca04bd203f94f97002a34a9b675f0f6e894411a","0x80046CCC","structural"
"0x80045d88",,,"1","1","75","1","0","1","1","1","0","direct_call+overlay","direct_call+overlay","170f6ba9be1d791d95b2d61a7440aacfd45539403ba4497a1b00cf8535db83f5","170f6ba9be1d791d95b2d61a7440aacfd45539403ba4497a1b00cf8535db83f5","233a7503a920aa89633ef7334b877908a4db1ae726ab027906d35b6ab58e7a83","0x80046DBC","structural"
"0x80045eb4",,,"1","1","81","2","1","1","0","0","0","direct_call","direct_call","68509929b2f66f528b58f1ae083bfcd8679962078cda196533ddfb75027ef5eb","68509929b2f66f528b58f1ae083bfcd8679962078cda196533ddfb75027ef5eb","933a2fba74152fe6e18057122d437afdfb7d99607e0d1783e2e4dbba3847977e","0x80046EE8","structural"
"0x80045ff8",,,"1","1","89","2","1","1","0","0","0","direct_call","direct_call","45e42e9ef5fbdb67f9d9752e6d7d7e3ceb65895dc8e63abaa0018c64f3dd212c","45e42e9ef5fbdb67f9d9752e6d7d7e3ceb65895dc8e63abaa0018c64f3dd212c","7373fcb3133686c1a2646eeae4ca8d32a8cc0cd063256e995c56ae834db7c51a","0x8004702C","structural"
"0x8004615c",,,"1","1","86","2","1","1","0","0","0","direct_call","direct_call","75f8bcd98933c3995c8725e1e32427c02dee1175dabe563d6f50a9882785fefd","75f8bcd98933c3995c8725e1e32427c02dee1175dabe563d6f50a9882785fefd","dffbca0f27cf34c108876579b9bbdc44886d87d43b1ffa1ea77854d655fc8d88","0x80047190","structural"
"0x800462b4",,,"1","1","30","2","2","1","0","0","0","direct_call","direct_call","00146ea94e4838aee1cdd88f2a2b01a17fc682af84b162208012d457318921a3","00146ea94e4838aee1cdd88f2a2b01a17fc682af84b162208012d457318921a3","2104c59e7821d84084d38947c77b07adbbd66202c87b841ae0e6eb26869803f9","0x800472E8","structural"
"0x80046334",,,"1","1","35","0","4","1","0","0","0","prologue_only","prologue_only","5dcff821b39440126393c972eb0f7e4715c72de3ca3876a7ab3e7272e822659e","5dcff821b39440126393c972eb0f7e4715c72de3ca3876a7ab3e7272e822659e","9f53e379f47a1d347ba9a7981be62c74ecfc2b6e4d32f5feef5abe1369cd0185","0x80047368","structural"
"0x800463c0",,,"1","1","29","0","3","1","1","0","0","overlay","prologue_only","62e3f774bb9ffb0488a0624bbcd7d895a8e104f5af97a8d015e286583f28c849","62e3f774bb9ffb0488a0624bbcd7d895a8e104f5af97a8d015e286583f28c849","1c8d36af72bb91f1abe3b7d0a89390f047fa3864689a4e39301b02a532f9eda2","0x800473F4","structural"
"0x80046434",,,"1","1","18","2","0","1","0","0","0","direct_call","direct_call","803c7aa10aadbd7976ca96b2130ec881c20e48a27be070d79f1c9a047a4a4d7c","803c7aa10aadbd7976ca96b2130ec881c20e48a27be070d79f1c9a047a4a4d7c","181a3937b5d8807fd3e099362c6697ea7ac6e155bb503ad2a29d98b7d54d8ef6","0x80047468","structural"
"0x8004647c",,,"1","1","22","2","1","1","0","0","0","direct_call","direct_call","018f8d84b742081018903ce54c3c7e75ecda4eca653dced7378a0627fea691c6","018f8d84b742081018903ce54c3c7e75ecda4eca653dced7378a0627fea691c6","3084c1dd95fb5545b737e9504c87327f968a3bcb1608b0f6395f2e0569a96816","0x800474B0","structural"
"0x800464d4",,,"1","0","4","0","0","0","1","","0","overlay","","426237dacfbb7253e5f232d3a82712bdaf451108f0146eb8f3c5bea4d0bfa212","","75bf9968aacf7faea19e3760a8116dbea504646d4bc4cb8638176f83a6352745",,
"0x800464e4",,,"1","1","45","0","0","1","0","0","0","prologue_only","prologue_only","c33808207ad5c68a50cf419c843398d524f2b3b87a5b2e19c0c859954876274a","c33808207ad5c68a50cf419c843398d524f2b3b87a5b2e19c0c859954876274a","88809bfb4aeee94cf6d5362928b16155cdbbae5b555cab65bc04f5082a05617a","0x80047518","structural"
"0x80046598",,,"1","1","29","1","0","1","0","0","0","direct_call","direct_call","f25e9656ae93b659792d572d869aec8a1b3c7e20c61747a7f876f3c611995b09","f25e9656ae93b659792d572d869aec8a1b3c7e20c61747a7f876f3c611995b09","703859c4925d08bcc60da453508745097ba00b5e42450943c755db4e9e3e652a","0x800475CC","exact"
"0x8004660c",,,"1","1","115","0","6","1","1","0","0","overlay","prologue_only","4eb313b1958bf104ce1121a51de2151f33e97c254b173da65fa7907d5c583517","4eb313b1958bf104ce1121a51de2151f33e97c254b173da65fa7907d5c583517","5832344ae7e713777417babe03de3a66fcd257e4c9f2efe64de9826aa73a3f7e","0x80047640","structural"
"0x800467d8",,,"1","1","94","1","2","1","1","1","0","direct_call+overlay","direct_call+overlay","06e1a13e304ca65ac80baf41a8f04001c3f3bab45873b080a22b086fef44faf6","06e1a13e304ca65ac80baf41a8f04001c3f3bab45873b080a22b086fef44faf6","5364f3a1bbc2f6b102374c1fe194f1ad1065a579d4be41aa048a5c657a6b1bd0","0x8004780C","structural"
"0x80046950",,,"1","1","36","3","1","1","1","1","0","direct_call+overlay","direct_call+overlay","e6193d16e2c90028675e07dc55f7e94efd5824a425ff832c2a28474d046d61c3","e6193d16e2c90028675e07dc55f7e94efd5824a425ff832c2a28474d046d61c3","fa9b2a0e28bd9cb3abf850f88e6ac8aa180fcb0679762f893c42f123bea75d72","0x80047984","structural"
"0x800469e0",,,"1","1","243","1","6","1","0","0","0","direct_call","direct_call","018b42977cacc88878ea2144f514aca577eacd029076705ca0f8a4b0eaa0fb4c","018b42977cacc88878ea2144f514aca577eacd029076705ca0f8a4b0eaa0fb4c","0c3f82f86c02021609ea809075a7f2173d17616bbd26db63822280dfa1294a3c","0x80047A14","structural"
"0x80046dac",,,"1","1","91","1","3","1","0","0","0","direct_call","direct_call","c3d6dc899e933f354621a70780d0282b998a07e3deb48838fad45bc5f910a106","c3d6dc899e933f354621a70780d0282b998a07e3deb48838fad45bc5f910a106","3fb66f6a8fefb6e7ee2070103583720121173f82422533a6626348516d52b11c","0x80047DE0","structural"
"0x80046f18",,,"1","1","119","1","3","1","0","0","0","direct_call","direct_call","e3703322f17bfc287c8fcee250a542a9a47011de3e2855800a5ddd513b792464","e3703322f17bfc287c8fcee250a542a9a47011de3e2855800a5ddd513b792464","35d12b2095934b11ce531adc4c17307863b39a70207e4c26748faade8defc70e","0x80047F4C","structural"
"0x800470f4",,,"1","1","22","1","0","1","0","0","0","direct_call","direct_call","0f0d981675574191f4d34e87a0aff969c107053b72f973c719cec00d5e8fd292","0f0d981675574191f4d34e87a0aff969c107053b72f973c719cec00d5e8fd292","c3b50499bdc5ae374ae9d94676c005a4a325483441624354a4f25ed06d6135cb","0x80048128","structural"
"0x8004714c",,,"1","1","35","1","1","1","0","0","0","direct_call","direct_call","ba8f51b2529225d6d0c6425019b8f86c94f703f5e754e97534ea2ee611c71d56","ba8f51b2529225d6d0c6425019b8f86c94f703f5e754e97534ea2ee611c71d56","9fe0c05a80a1a79c825f29978c93f2733792921edc2814108f4db42ac8052648","0x80048180","structural"
"0x800471d8",,,"1","1","16","1","2","1","0","0","0","direct_call","direct_call","7bf1328059decde237e4a3224f529e68c2c2636d0b51cd314c6a5d45fcb99c1c","7bf1328059decde237e4a3224f529e68c2c2636d0b51cd314c6a5d45fcb99c1c","aa8f7bcc4938f41a1b3b86ef750a3724fbe0ef81291cbc452b2a138013b247dd","0x8004820C","structural"
"0x80047218",,,"1","1","56","0","3","1","0","0","0","prologue_only","prologue_only","41ac98645699261646b7aa66cc8f684371efc9ff8f4c817bd9031746d7c6967d","41ac98645699261646b7aa66cc8f684371efc9ff8f4c817bd9031746d7c6967d","9a3690b318b2f690329543496a523b442bfd25de88cbf6b6affcda8b67747aea","0x8004824C","structural"
"0x800472f8",,,"1","1","9","0","1","1","0","0","0","prologue_only","prologue_only","0e4b7b636b072e104f8a77dbd31bea05d566fbff80e90214f301a8193cfda6cc","0e4b7b636b072e104f8a77dbd31bea05d566fbff80e90214f301a8193cfda6cc","988f7deefdfa4efac2f42268ef6cf055ac5453bd8deb96dd415ac174bf153224",,
"0x8004731c",,,"1","1","17","1","2","1","0","0","0","direct_call","direct_call","472e4a660b0bc2e5a8a814254b7a4cb12ed38817a625be262e946254c3be9368","472e4a660b0bc2e5a8a814254b7a4cb12ed38817a625be262e946254c3be9368","1de201de0c5405c197a46c75fb5391adf56cef16f32af583b5ed1028222918c9","0x80048350","structural"
"0x80047360",,,"1","1","64","0","4","1","0","1","0","prologue_only","overlay","518c3517ed52283d46dc928d6cb8f07c037d6caa844099cfe7b7da87c72aeee5","518c3517ed52283d46dc928d6cb8f07c037d6caa844099cfe7b7da87c72aeee5","8e144c3aa5bbca5f30ae936f67ab09fc5b8666b8f3c6fa86430538a427f82b7f","0x80048394","structural"
"0x80047460",,,"1","1","15","0","1","1","0","0","0","prologue_only","prologue_only","14bc5da86b8d62dece28ced8bb49419d49d5005ce3b05391efccb79b575c18de","14bc5da86b8d62dece28ced8bb49419d49d5005ce3b05391efccb79b575c18de","7a18e7fbfee4e7f2db2b0aed8dd1e218158689b3825977fbd976f67de8e98975","0x80048494","structural"
"0x8004749c",,,"1","1","14","0","1","1","0","0","0","prologue_only","prologue_only","36d0e2b0fe34e443de214a7351e1351d0f0f38c6947ecc7a4195253ab0979687","36d0e2b0fe34e443de214a7351e1351d0f0f38c6947ecc7a4195253ab0979687","cd4e2f7b4afc53e9cebb173f2985cd3f5b5533db2ed323442bb0491a97d96a23",,
"0x800474d4",,,"1","1","15","0","1","1","0","0","0","prologue_only","prologue_only","1b0d3d54b9b9afb2cc6de588481d30654d7e7ecae3c265f6a9f7e52a71809eb2","1b0d3d54b9b9afb2cc6de588481d30654d7e7ecae3c265f6a9f7e52a71809eb2","fc21b2456798c6076f264c96db48df6e7a9d600901c1bc4e8c60171c288c7c88","0x80048508","structural"
"0x80047510",,,"1","1","14","0","1","1","0","0","0","prologue_only","prologue_only","75c30f93698701b8f02c73b38025d51bbc1ed6a2967233f9de15367bac9a712e","75c30f93698701b8f02c73b38025d51bbc1ed6a2967233f9de15367bac9a712e","cd4e2f7b4afc53e9cebb173f2985cd3f5b5533db2ed323442bb0491a97d96a23",,
"0x80047548",,,"1","1","25","1","2","1","0","0","0","direct_call","direct_call","73068969661642eb684423b6fbe96a7af0084770cfb7d2b3adc41817c7aa4549","73068969661642eb684423b6fbe96a7af0084770cfb7d2b3adc41817c7aa4549","dd2e3fbb745333b027f5bbc34f0883ca40ff1c844bb2c1412b851046fed35a8e","0x8004857C","structural"
"0x800475b4",,,"1","1","12","0","1","1","0","0","0","prologue_only","prologue_only","be5af7c2832e71d169329483e525e67599004fb121b58762db1530e511b9ef67","be5af7c2832e71d169329483e525e67599004fb121b58762db1530e511b9ef67","de3f199136d33b4214ad9bde5e8ea27c95e5fc3dbe219abe75ff3012dd438164","0x800485E8","structural"
"0x800475e4",,,"1","1","27","0","1","1","0","0","0","prologue_only","prologue_only","9131cd67ff08b334364f1824069732e68c96d0da1502c45e0fdd9076f11938ed","9131cd67ff08b334364f1824069732e68c96d0da1502c45e0fdd9076f11938ed","b9e9c2fb40fc57b8a24f8f9eccb27ec3e716a21d76a370a3f45d9135f8b1496e","0x80048618","structural"
"0x80047650",,,"1","1","213","1","6","1","0","0","0","direct_call","direct_call","6d377ae17b762f5b9d882733e1694b2111cca8f4fa55f25b1d158a11c66c4688","6d377ae17b762f5b9d882733e1694b2111cca8f4fa55f25b1d158a11c66c4688","c2f432080d586640f1c1e6fde16912b52f52fef47b843d61f72942eff3dd389a","0x80048684","structural"
"0x800479a4",,,"1","1","107","1","3","1","0","0","0","direct_call","direct_call","cee83224e3cc1e736bbd9fe8dcb0c69cd3ca100bc0540dc6ddcbc87698df21e0","cee83224e3cc1e736bbd9fe8dcb0c69cd3ca100bc0540dc6ddcbc87698df21e0","4999e065de90340b2650c7b56f0fefae020bdd1cd3a822ae8c8b7fc536f70c46","0x800489D8","structural"
"0x80047b50",,,"1","1","39","1","2","1","0","0","0","direct_call","direct_call","9ac9a4c909cb00cb43aaf513d8be5f800163ea87272b00fd9b55464d31dbf59f","9ac9a4c909cb00cb43aaf513d8be5f800163ea87272b00fd9b55464d31dbf59f","013752bcddb291b45363457e351c398227d1bc3ea77253bbd957c5311fc251cd","0x80048B84","structural"
"0x80047bec",,,"1","1","61","0","3","1","0","0","0","prologue_only","prologue_only","b61c13efb2f6ef86b9fb5400712aea0bd06ef8cdb3e712bb7559c93d4f53df3f","b61c13efb2f6ef86b9fb5400712aea0bd06ef8cdb3e712bb7559c93d4f53df3f","5d9ccc30e05de0ac499c1cf420754e46d62bac5147c4a3df4c5c73213968ba57","0x80048C20","structural"
"0x80047d74",,,"1","1","30","1","1","1","1","1","0","direct_call+overlay","direct_call+overlay","e361747397f83abfc933a2c8a37b9760298755154d2434a0b2ce884863bcb702","e361747397f83abfc933a2c8a37b9760298755154d2434a0b2ce884863bcb702","5e47f27709f2c7ec1df31994a0d95d50c3a4e84f1a5f07f416898049f7c2423b","0x80048DA8","structural"
"0x80047dec",,,"1","1","20","1","2","1","0","0","0","direct_call","direct_call","89d1cc1fffcbe4dba52ae7e9caac3102259ba04cd004926493d7bef1a8146f88","89d1cc1fffcbe4dba52ae7e9caac3102259ba04cd004926493d7bef1a8146f88","ac48587c93bc6784ec62da1ff974ec68fad2fc83df16fee7dd2ffc0e741b69cf","0x80048E20","structural"
"0x80047e3c","PlayerObjectInteraction_Apply","strong","1","1","182","3","9","1","0","0","0","direct_call","direct_call","b8fb219346628db08f1ecb86f7ceb6ce78b8e2cf7a93051a60a7e480c0c9c245","b8fb219346628db08f1ecb86f7ceb6ce78b8e2cf7a93051a60a7e480c0c9c245","fbd45d48a67e4c7fa00effdf795fd2b1f5d375dfe92189964c1c8cb79d32c7ac",,
"0x80048114",,,"1","1","19","1","2","1","0","0","0","direct_call","direct_call","ec66e5797654d17b8ff8ecb7aedc63fae3380534c95c591f368d667c54f56659","ec66e5797654d17b8ff8ecb7aedc63fae3380534c95c591f368d667c54f56659","5205c426bf10b437d38e18b88624bf3668bfb0b2ef95b652768b0246e884623e","0x80049298","structural"
"0x80048160",,,"1","1","52","0","0","1","0","0","0","prologue_only","prologue_only","a40d792cced4ee86d5bc18d55b3641d5853800cef28c7fdc0dfd5bce0fa49647","a40d792cced4ee86d5bc18d55b3641d5853800cef28c7fdc0dfd5bce0fa49647","8c248d7876bdbc9c480cfe38619f7101bb9b09e8b1879becba92d9906b275e22","0x800492E4","structural"
"0x80048230",,,"1","1","198","0","6","1","0","0","0","prologue_only","prologue_only","c52819e8270efe21662f5ee37ca1a824d6ed5676df77ed03f6700641449279ef","c52819e8270efe21662f5ee37ca1a824d6ed5676df77ed03f6700641449279ef","23ae117170aa67a773fd0d69301cbc35e48c7d679859d4fe9d010b0f118e48c5","0x800493B4","structural"
"0x80048548",,,"1","1","16","3","0","1","0","0","0","direct_call","direct_call","4c6b9090de3398976f5c895fb013710cc6b1a7252eb72252808add09944f5798","4c6b9090de3398976f5c895fb013710cc6b1a7252eb72252808add09944f5798","a6332d15c869c1566782c79e8e863e5b0aec70e0e9fcfc29e01c0c93fe8b8fff","0x800496CC","exact"
"0x80048588",,,"1","1","358","2","11","1","0","0","0","direct_call","direct_call","237bcf30544b9526635c60a17bdd2413c2a8fcfe81a20885d0885926bcf4497a","237bcf30544b9526635c60a17bdd2413c2a8fcfe81a20885d0885926bcf4497a","120598de157e8663103f37f7277e3850918f43a326a4b1ae0be1eda9576b3000",,
"0x80048b20",,,"1","1","205","1","8","1","0","0","0","direct_call","direct_call","4ffaa1a6a420a5a82a03ca028017eaf240da4d7dc7c47ea65c696865e3feb519","4ffaa1a6a420a5a82a03ca028017eaf240da4d7dc7c47ea65c696865e3feb519","6fec6ffd3f344d63d0866089c28fbf428be7d72eac23d460dd771c06253ec5c6","0x80049CB0","structural"
"0x80048e54",,,"1","1","55","10","2","1","0","0","0","direct_call","direct_call","5a9b3c1342052fc686bf094482fa299defa1054efedb98e8cf255a5c055f931d","5a9b3c1342052fc686bf094482fa299defa1054efedb98e8cf255a5c055f931d","439fde7202ea98a9455af94873944dc2a83d029b86a3b1335933f6b623776f2b",,
"0x80048f30",,,"1","1","60","9","0","1","1","0","0","direct_call+overlay","direct_call","c81398f9bc7f68ac1fa353305aa0026d74a371ccbdbdf208751ff09d267b2344","c81398f9bc7f68ac1fa353305aa0026d74a371ccbdbdf208751ff09d267b2344","d8e09073bb74acc09effcd6e5d99157e748eaff3bbd52ceaeecdcef6ed0a3a45",,
"0x80049020",,,"1","1","38","1","1","1","0","0","0","direct_call","direct_call","ad254b620e81412d403514602ffea704273669c562a309543cff5af1fa15feca","ad254b620e81412d403514602ffea704273669c562a309543cff5af1fa15feca","2ce78b5d20ca34e5fc826b3d68887554bbd5ff8089e4a3f1fd5a083b85ed2c9d","0x8004A1E0","structural"
"0x800490b8",,,"1","1","444","1","5","1","0","0","0","direct_call","direct_call","81eb5dacc5a526e407c801aab8feb21528496b0c30405620b38b63eff45a91b8","81eb5dacc5a526e407c801aab8feb21528496b0c30405620b38b63eff45a91b8","9c2718da7ba1987cb28ae9d9d3980bd30c651d9a122c466768d387f68adb94f1",,
"0x800497a8",,,"1","1","102","2","3","1","0","0","0","direct_call","direct_call","3ad6764f094f06b21a7c4e6cfc3b0f6bd5566b264f6b553cbc68c842e0a4079a","3ad6764f094f06b21a7c4e6cfc3b0f6bd5566b264f6b553cbc68c842e0a4079a","9938a041ec190d1e847685b36a2c30b6f69f7feac3d37995513493b7e91cbcee","0x8004AAF0","structural"
"0x80049940","ActorCameraRenderCollision_Update","provisional","1","1","452","1","9","1","0","0","0","direct_call","direct_call","d0fa64c597f586a8f81da326c20d7d92924be327505b9c71aafa183a231e3c14","d0fa64c597f586a8f81da326c20d7d92924be327505b9c71aafa183a231e3c14","e34bfb6cff36981e9d018fbcdf953db6da7ada4097136cb45ce6a9a426bc8ef4",,
"0x8004a050",,,"1","1","133","2","2","1","0","0","0","direct_call","direct_call","712cf45698031058e057757174a7dc8879a91388784c17d4158663699d22728f","712cf45698031058e057757174a7dc8879a91388784c17d4158663699d22728f","2a29f8fff117ea44e8b0350b9e19854639ad4bb895fbf6507223da0fbc8ee0c7","0x8004B438","structural"
"0x8004a264",,,"1","1","567","1","12","1","0","0","0","direct_call","direct_call","d874b67719e8c0e045b0c599153cd80db3dfb58df333a87a9f319ef9c071ec48","d874b67719e8c0e045b0c599153cd80db3dfb58df333a87a9f319ef9c071ec48","fd6659d73b7ab549b8455ccdc4d02cf165096bc3c9ecbf2b6f88c4220d8a368b",,
"0x8004ab40",,,"1","1","12","1","0","1","0","0","0","direct_call","direct_call","dee3f152059806c55dc115215c7d7b31744ef681b9865b8ef37e92fd45db894a","dee3f152059806c55dc115215c7d7b31744ef681b9865b8ef37e92fd45db894a","da00682ed02ab51ebbd761371f3e7f5900f1fa6f73ffe562e30967da74c22199","0x8004C060","structural"
"0x8004ab70",,,"1","1","7","1","0","1","0","0","0","direct_call","direct_call","311811b96227d48fcbd017c0c5a1023697b7f9589262b674b16954498d000d26","311811b96227d48fcbd017c0c5a1023697b7f9589262b674b16954498d000d26","f17b9276dd0090142a261c5f5ec13bdef81ab8d8019433e3a0f5b03f4bdd9727","0x8004C090","structural"
"0x8004ab8c",,,"1","1","14","4","0","1","0","0","0","direct_call","direct_call","75faa9b9c18dc60ad3115e22eaeb8422f812bc603b80fe5675a3fe1836ed5633","75faa9b9c18dc60ad3115e22eaeb8422f812bc603b80fe5675a3fe1836ed5633","d4ca12f93158f6f9ce6f18eaa49d4a70064b33e847e91f4474b780d2ba16e034",,
"0x8004abc4",,,"1","1","8","2","0","1","0","0","0","direct_call","direct_call","f9e79fe29e2581e907009f305abcd742f33715ff66cfa5c87743ef318a8250e4","f9e79fe29e2581e907009f305abcd742f33715ff66cfa5c87743ef318a8250e4","86f941944e2a586b8780f8f1f67c975d62ab92e76c067ea31a24adac6472ed1e","0x8004C0F0","structural"
"0x8004abe4",,,"1","1","99","0","1","1","0","0","0","prologue_only","prologue_only","8a000c0244b1d1ff58522ef42789ff3612b981746859c5dccce15d79b311bd9b","8a000c0244b1d1ff58522ef42789ff3612b981746859c5dccce15d79b311bd9b","1b9ddfb46a5073cc59dfd097955ad9a79ef6c924aa1d210de425d83f4670ee7c","0x8004C110","structural"
"0x8004ae90",,,"1","1","218","1","0","1","0","0","0","direct_call","direct_call","2c8fa66231d40372298b227ddc4b01e643f5547b49857ed498e6ae30f35bbe37","2c8fa66231d40372298b227ddc4b01e643f5547b49857ed498e6ae30f35bbe37","405e5bae4d109535394d0080cd1483c0d5e942350be2255fce51492943e53167",,
"0x8004b224",,,"1","1","233","0","0","1","0","0","0","prologue_only","prologue_only","577ccfa856f0e65b0cd2ed6efa48dad9bc0177f82ef6e1884b22f4ddbdd721f9","577ccfa856f0e65b0cd2ed6efa48dad9bc0177f82ef6e1884b22f4ddbdd721f9","9e7eaf9308c2d2a19f1fbff35438d21fb1b4f59663bb1fe501423a9d4eb987fa",,
"0x8004b5c8",,,"1","1","261","0","2","1","0","0","0","prologue_only","prologue_only","61388df586288155b0acfae90878d3de461de72db66487f721c4baa3ca5a0056","61388df586288155b0acfae90878d3de461de72db66487f721c4baa3ca5a0056","8a4e1498097f66a71d66663b603a819fa288905a90f71ecde533e2e1e124fa68","0x8004CAD8","structural"
"0x8004b9dc",,,"1","1","8","5","0","1","0","1","0","direct_call","direct_call+overlay","86e3deeb0d44b8f41f1b7167029debb09e61fc319e2986a0a7cbb1d3204784ad","86e3deeb0d44b8f41f1b7167029debb09e61fc319e2986a0a7cbb1d3204784ad","97b8365ce2b27e1186398bd1521b212364e4f2ac3c88caa4448db73b0d10f716","0x8004CEEC","structural"
"0x8004b9fc",,,"1","1","385","2","7","0","0","0","0","direct_call","direct_call","1a9199c46a1023547ee6fe3142072efa070dcc78f5622f55ec3b8cf1b17af8e9","1a9199c46a1023547ee6fe3142072efa070dcc78f5622f55ec3b8cf1b17af8e9","15b6d3b3b7f881093cc190ed7eef3a05708fa90bbd3dd6b446a1833cb091045b",,
"0x8004c000",,,"1","1","47","3","0","1","0","0","0","direct_call","direct_call","7d5c91d75c08d29a39a93e5f770f5a2058e0856894a461ee7ffb12cd10626c36","7d5c91d75c08d29a39a93e5f770f5a2058e0856894a461ee7ffb12cd10626c36","9e2154541e81d633566433fc23517a156faa1257c503385fc362c37fb3ccbe29",,
"0x8004c0bc",,,"1","1","127","1","0","1","0","0","0","direct_call","direct_call","69bfbb800425d5a32d587141f8b76d631c6223f9fff13ce3f2caf18114b4a5e9","69bfbb800425d5a32d587141f8b76d631c6223f9fff13ce3f2caf18114b4a5e9","972f8b6a87a4dc8448962b41075a757e80eb6784c9a996b7d9a12b8380d678a2","0x8004D5CC","structural"
"0x8004c2b8",,,"1","1","55","1","2","1","0","0","0","direct_call","direct_call","f7c2e23dcecb2ababfcc274df641e4639f6f0ed5b796d7a12adec1e0c48c90bf","f7c2e23dcecb2ababfcc274df641e4639f6f0ed5b796d7a12adec1e0c48c90bf","5bcd8e520a9703af510447aa5564eecc16d0e722668973a59791058b16efbe37","0x8004D7C8","structural"
"0x8004c394",,,"1","1","27","4","0","0","0","0","0","direct_call","direct_call","4432ddecf4d9314dcbd2cb0b813684d1199999c313c2f73a3ecba95ced4bc499","4432ddecf4d9314dcbd2cb0b813684d1199999c313c2f73a3ecba95ced4bc499","5f0f3cc1b193c11e46085605feecc04f74e859708fe96ae2c250daccf159dbcb",,
"0x8004c400",,,"1","1","256","1","6","0","0","0","0","direct_call","direct_call","da5399f159d70ba188f6164c8d093cfecfa838c27e59cd1d83144e1c7911fb58","da5399f159d70ba188f6164c8d093cfecfa838c27e59cd1d83144e1c7911fb58","b701dfafc7e95ee01f2126d61542789eb4de574e11d02c3f9894355d32774908",,
"0x8004c800",,,"1","1","25","1","0","1","0","0","0","direct_call","direct_call","a33170f933da016def2bdc670ee7c9020f0e3b5f59e921c842d24f491d2956af","a33170f933da016def2bdc670ee7c9020f0e3b5f59e921c842d24f491d2956af","af186e1adee3451e39eaf657ec35898615b1895ca0a1b71892d93f90b946378b",,
"0x8004c864",,,"1","1","308","3","4","1","0","0","0","direct_call","direct_call","7a3886ea08a39d800764904173d2199ec7b117da64d61e26fcaa3cb37208a9e2","7a3886ea08a39d800764904173d2199ec7b117da64d61e26fcaa3cb37208a9e2","a433486578f11684f4782ddc1a6802d38284f77fc7086ad59dca09ccfd819d8e",,
"0x8004cd34",,,"1","1","108","15","2","1","1","1","0","direct_call+overlay","direct_call+overlay","eabef3c58fd63e7aa4aed83cfd9fbc249a4594945242f072b343b37f2b24b01f","eabef3c58fd63e7aa4aed83cfd9fbc249a4594945242f072b343b37f2b24b01f","6d5308bae8b5f278e3d9d9d3159897e149e7d3dcc72a2b8c8d1d94f1ea29eb50","0x8004E24C","structural"
"0x8004cee4",,,"1","1","17","1","1","1","0","0","0","direct_call","direct_call","a8a6fbe098c1de360a20f0aee5ef393c8de68d82f92836ae849579e612009f76","a8a6fbe098c1de360a20f0aee5ef393c8de68d82f92836ae849579e612009f76","b6b51f66d23f6dc433913b7f7472afaab49c32837535964e852c3c70a15ac9c7","0x8004E3FC","structural"
"0x8004cf28",,,"1","1","25","0","1","1","0","0","0","prologue_only","prologue_only","ec203e8b60a5b7dd080a979fd698191f79d7aa0d3af62066ed9be71802824eaa","ec203e8b60a5b7dd080a979fd698191f79d7aa0d3af62066ed9be71802824eaa","31d703b29d70603dbeffcc2cb5c9db2be80f8ebeba02c3f93003a85775da87d9","0x8004E440","structural"
"0x8004cf8c",,,"1","1","160","0","6","1","0","0","0","prologue_only","prologue_only","f0131bed45a51ecf219f28e3ecbe8498de7a1830ca1fe84ed986e70e80367f6c","f0131bed45a51ecf219f28e3ecbe8498de7a1830ca1fe84ed986e70e80367f6c","0372c5fa16f1974d79243886340f689eda5614cab5999094c06bb08b0e9e7ff6","0x8004E4A4","structural"
"0x8004d20c",,,"1","1","26","0","2","1","0","0","0","prologue_only","prologue_only","3dd64b2777f16a325a79b1faa6d3f0be1faa23d0f8149be6899540932e4a45fa","3dd64b2777f16a325a79b1faa6d3f0be1faa23d0f8149be6899540932e4a45fa","b6eb367188d66dc2248a455bcb5fe3d65bc93d8a0e261b3c3bb7821afb8d715d","0x8004E724","structural"
"0x8004d274",,,"1","1","286","0","3","1","0","0","0","prologue_only","prologue_only","2612dc01d13a775202b5177b7b068d23871feab6bc59fdb666b514ed2e9210da","2612dc01d13a775202b5177b7b068d23871feab6bc59fdb666b514ed2e9210da","a495b445ef1a6492e5cdedf7a52c4b0be2f11c8347ebf7405d91685f11111ce6","0x8004E78C","structural"
"0x8004d6ec",,,"1","1","99","0","1","1","0","0","0","prologue_only","prologue_only","dae1aca6baa769e9a4fa3fbcefca0572fd41cd909feae2935f25dcafec2314d4","dae1aca6baa769e9a4fa3fbcefca0572fd41cd909feae2935f25dcafec2314d4","a113bf2f970f28f8db1997cbb9216b018eaa556ab0383903d271e1f518a96258","0x8004EC04","structural"
"0x8004d878",,,"1","1","346","6","8","1","0","0","0","direct_call","direct_call","0b3b6077e5e0e2798a4fe7cfaef38da0a49c0c1f4610e1fb6eab5a2530d1868a","0b3b6077e5e0e2798a4fe7cfaef38da0a49c0c1f4610e1fb6eab5a2530d1868a","ada62dd42bfffab82af1f8653f57da80047083d38ed024f85ed9410d87c4637d","0x8004ED90","structural"
"0x8004dde0",,,"1","1","702","2","10","1","0","0","0","direct_call","direct_call","2d7ee32243804dd85142fa1296e691c3b421a423db23cadc571acb06dd3bceec","2d7ee32243804dd85142fa1296e691c3b421a423db23cadc571acb06dd3bceec","ed3df210d1654688c452a4b9bfdeef1e0b53ecdc9642fed89f419f8f6ac1bc5e",,
"0x8004e8d8",,,"1","1","233","1","2","1","0","0","0","direct_call","direct_call","0cd771b2cb1070ba8ccb3b482e2713d282df47ba85242e7c06e739e052eaeac5","0cd771b2cb1070ba8ccb3b482e2713d282df47ba85242e7c06e739e052eaeac5","3a4fb80ea7bc050d560e93a0e2015a679ac98867432747a1190704b5b07a2e1c","0x8004FE38","structural"
"0x8004ec7c",,,"1","1","174","6","3","1","0","0","0","direct_call","direct_call","c3b46ea6b007aacae5c0aad26cd05829026e88bc3cced2da9695e03ef39a6189","c3b46ea6b007aacae5c0aad26cd05829026e88bc3cced2da9695e03ef39a6189","070addb9581c1aec5d0a3bc403a3b1911eee4da4b27387e4e0fb131146737144","0x800501DC","structural"
"0x8004ef34",,,"1","1","20","0","1","1","0","0","0","prologue_only","prologue_only","146f625653f4f9b486aabf912436b638eb6a4eb207de22421fbcca0925729a33","146f625653f4f9b486aabf912436b638eb6a4eb207de22421fbcca0925729a33","fafa3c1d389e7e080c64d33144a98f0292a1993f9be0f80e1a1bcc8ed36f899d","0x80050494","structural"
"0x8004ef84",,,"1","1","25","3","0","1","0","0","0","direct_call","direct_call","63aa14cfa365118319452596d8ade416a31deec7916c6607912d47cde4551371","63aa14cfa365118319452596d8ade416a31deec7916c6607912d47cde4551371","48e3e986600c24cb259835ea7647f514816139aeb2b7875ce0c89e915c70b4a3","0x800504E4","structural"
"0x8004efe8",,,"1","1","47","1","1","1","0","0","0","direct_call","direct_call","c2d7041e0bd8eff5f36cb3ae234172af40c12c885726412f5034cb96ab482f41","c2d7041e0bd8eff5f36cb3ae234172af40c12c885726412f5034cb96ab482f41","f0c8e13599d694a62d842f55bedb41e71701565b8ed82ba7e5eac70211bd601b","0x80050548","structural"
"0x8004f0a4",,,"1","1","28","1","0","1","0","0","0","direct_call","direct_call","7394db7f45054ff43fc49d3eeed8984988ac255e07b9444a9c769d56d9f6378a","7394db7f45054ff43fc49d3eeed8984988ac255e07b9444a9c769d56d9f6378a","542446d418aae36328cb6529bfde3ce79d679c3bd83702a258c89d25f318af95",,
"0x8004f114",,,"1","1","28","1","0","1","0","0","0","direct_call","direct_call","9c251b0ee8eea95cb8868970d0eab0ce44e7e71b50c5f08d53465795e8ea9a61","9c251b0ee8eea95cb8868970d0eab0ce44e7e71b50c5f08d53465795e8ea9a61","542446d418aae36328cb6529bfde3ce79d679c3bd83702a258c89d25f318af95",,
"0x8004f184",,,"1","1","47","1","1","1","0","0","0","direct_call","direct_call","60ae2e11b699a8f2b8ddf8d7d1da472ad151bd91df806e7937d6cdb136f4acef","60ae2e11b699a8f2b8ddf8d7d1da472ad151bd91df806e7937d6cdb136f4acef","e6cf8920298c2637633ffbf2fa5dc2d9f8419de2217f14f01cd1f23506a183fd","0x800506E4","structural"
"0x8004f240",,,"1","1","47","1","1","1","0","0","0","direct_call","direct_call","8a443b9b3fd281c040567cc541105d3008291778d4cf2fe76741f35e5ca3e2a9","8a443b9b3fd281c040567cc541105d3008291778d4cf2fe76741f35e5ca3e2a9","b679e5d5a2fa5d461f6e7ff776bdd5142bc98fc12e5fe1b3d908de1fa8402719","0x800507A0","structural"
"0x8004f2fc",,,"1","1","28","1","0","1","0","0","0","direct_call","direct_call","d957446f382492c9d3871921a831e7e3fc375b670104d3b881f1e450eb4a3924","d957446f382492c9d3871921a831e7e3fc375b670104d3b881f1e450eb4a3924","542446d418aae36328cb6529bfde3ce79d679c3bd83702a258c89d25f318af95",,
"0x8004f36c",,,"1","1","51","1","6","1","1","1","0","direct_call+overlay","direct_call+overlay","6bda8d50b7693aeb0c10ef1ce8c197d2edc823446d27edc98539d28683cfe55b","6bda8d50b7693aeb0c10ef1ce8c197d2edc823446d27edc98539d28683cfe55b","95db4c22ff2f1e1635f510ca7a794e6d597338a19a9795dab51dc34fd367adf1","0x800508CC","structural"
"0x8004f438",,,"1","1","151","1","2","1","0","0","0","direct_call","direct_call","0dd81a06dcf807f819bac17b4128c52e9b1072d45be86edf1aff0730fab26803","0dd81a06dcf807f819bac17b4128c52e9b1072d45be86edf1aff0730fab26803","d1d5fc2363ce358230acdbd3fd73ef6848e43893bc6e247649831ffe331dc121",,
"0x8004f694",,,"1","1","45","1","2","1","1","1","0","direct_call+overlay","direct_call+overlay","c3cbe06bd94506ff67bdde071cfbfeeb1b2a49d7ecb4197faae5214b9aef14a6","c3cbe06bd94506ff67bdde071cfbfeeb1b2a49d7ecb4197faae5214b9aef14a6","35b37c0adde6493c308398d900de795d2fb6ca4247b0b7128e25d9d5c952cfb0",,
"0x8004f748",,,"1","1","30","1","1","1","0","0","0","direct_call","direct_call","f2d12cfb54aafd8896f2b980443efeea5f1f7f452365b326333eb7f2447ee845","f2d12cfb54aafd8896f2b980443efeea5f1f7f452365b326333eb7f2447ee845","aa8a0e3d8b496353b4920772eb327c06540c8c3b621ae7571bd836f373dbb362","0x80050CA8","structural"
"0x8004f7c0",,,"1","1","10","0","2","1","0","0","0","prologue_only","prologue_only","44f4e96ae5ea8f77b0dfb2e911478f1f561aceec20eceebd528540b18e7128d2","44f4e96ae5ea8f77b0dfb2e911478f1f561aceec20eceebd528540b18e7128d2","2d6c54da55f98ec20398d4eef76a82eb86d7271c6052529d033235517fcfa9fa",,
"0x8004f7e8",,,"1","1","568","3","14","1","0","0","0","direct_call","direct_call","7039ddc211177e0ccb01ed71a686a9aeeec93494b0f0956bf6140e92614c7354","7039ddc211177e0ccb01ed71a686a9aeeec93494b0f0956bf6140e92614c7354","359945bcd0fce3a27ede14c6606f911d64dfd97dcfa9eab90757aaa2d2e06642","0x80050D48","structural"
"0x800500c8",,,"1","1","46","5","0","1","0","0","0","direct_call","direct_call","b43789ca834d1c9b1f8cb96947a3b6af9f9279516acd9960b21f494e15878201","b43789ca834d1c9b1f8cb96947a3b6af9f9279516acd9960b21f494e15878201","fcad95a5924de5c7ad339cef99daf9035fb3dc86f57a95de7f17b086b611540b","0x80051628","structural"
"0x80050180",,,"1","1","7","4","0","1","0","0","0","direct_call","direct_call","bcef590436e2bd7511a9fb0ef3aa8d1be9b597194f8db3a972874b98d2322197","bcef590436e2bd7511a9fb0ef3aa8d1be9b597194f8db3a972874b98d2322197","f0b82642dd8f9d7d8bbce8d2a4b9a1698789a5c1584b18a0ecef8ac0fa5697f5","0x800516E0","structural"
"0x8005019c",,,"1","1","41","3","1","1","0","0","0","direct_call","direct_call","365fe179b8b310621f0ff4545e7f48fffb59753aed056b7f1d7e523c6a4cef55","365fe179b8b310621f0ff4545e7f48fffb59753aed056b7f1d7e523c6a4cef55","b382e5e8b360c86abe948aff9810978f95a2164974c339498da9e256caaea6d3","0x800516FC","structural"
"0x80050240",,,"1","1","35","1","0","1","0","0","0","direct_call","direct_call","9aa6f5e881adea8b9295703610629816144b7744b80361d8324e4852df6b7357","9aa6f5e881adea8b9295703610629816144b7744b80361d8324e4852df6b7357","cf255b1fb202f5a6eda9a597550fd14b88e17a43f05f7fe91e57df704a8a4379","0x800517A0","structural"
"0x800502cc",,,"1","1","14","1","0","1","0","0","0","direct_call","direct_call","d985d1aa2e1b430e7f4876b5c228bc6b69e5847b87af7260d50c540d0cd35f03","d985d1aa2e1b430e7f4876b5c228bc6b69e5847b87af7260d50c540d0cd35f03","371f7d66d6fd88f46d8b5f91ccd0f47f98c076532660b685412fe8d186f4900e","0x8005182C","structural"
"0x80050304",,,"1","1","22","1","0","1","0","0","0","direct_call","direct_call","6506b8575577287a733355a908f8444ed1a34c4cb638d807f586f01345ed54b7","6506b8575577287a733355a908f8444ed1a34c4cb638d807f586f01345ed54b7","ecb6c3d46a1df3647f158376fb9abf9a58f30b31a6f4dd6a4d58054edb5cfac1",,
"0x8005035c",,,"1","1","22","1","0","1","0","0","0","direct_call","direct_call","fcdd69957a60379ea23f488c0713c885983be8816fe5e60a4dc7bab08a5905f6","fcdd69957a60379ea23f488c0713c885983be8816fe5e60a4dc7bab08a5905f6","ecb6c3d46a1df3647f158376fb9abf9a58f30b31a6f4dd6a4d58054edb5cfac1",,
"0x800503b4",,,"1","1","37","2","1","1","0","0","0","direct_call","direct_call","b9c7930ab36b88fe83d2364cda6dd1856403d2ff8d7bda3e5b0e7d4fd0bc0405","b9c7930ab36b88fe83d2364cda6dd1856403d2ff8d7bda3e5b0e7d4fd0bc0405","4502843a38cef0780d2a208ef39f3e13630d6fd9097d1ab507ef81f24a9a4876","0x80051914","structural"
"0x80050448",,,"1","1","169","1","1","1","0","0","0","direct_call","direct_call","900e3c73a3f16161463df0b2b00dc807191dd9aa38a6a360a913e3dfd9790761","900e3c73a3f16161463df0b2b00dc807191dd9aa38a6a360a913e3dfd9790761","b940229265da3298436071c30264fdad4b790668981729f5132dba15614440ab","0x800519A8","structural"
"0x800506ec",,,"1","1","193","1","2","1","0","0","0","direct_call","direct_call","58fa9f8b789368df75f24df93a372742cba76a651e7c909fd2c6aeff8280becc","58fa9f8b789368df75f24df93a372742cba76a651e7c909fd2c6aeff8280becc","3c39c16f855cff140294eb8b5b781e28c0f824bab00414502fba9bf381226782","0x80051C4C","structural"
"0x800509f0",,,"1","1","104","2","0","1","0","0","0","direct_call","direct_call","79ab97cb616eb96f2b261156dce0a8c592e0f418ae7e67e6e0edc387c6ff8f5e","79ab97cb616eb96f2b261156dce0a8c592e0f418ae7e67e6e0edc387c6ff8f5e","8ea6ca464775cc2263f456bd9e47f6100b0a400151d7390d155e92187b319a49","0x80051F50","structural"
"0x80050b90",,,"1","1","62","2","0","1","0","0","0","direct_call","direct_call","3e2ce440d024c5684cd0354275e3d0aea9162a8454c9a6452d35d49981789511","3e2ce440d024c5684cd0354275e3d0aea9162a8454c9a6452d35d49981789511","04d9a42a40ee46292b4d24c93a9b1d27d5188e09fcf4eddaaf79f21a95fcba9e","0x800520F0","exact"
"0x80050c88",,,"1","1","48","1","0","1","0","0","0","direct_call","direct_call","c0372ecb571bc0eea653c2de62a6e66bd2a55bf8a0705e86ee1db0bc3d18e08a","c0372ecb571bc0eea653c2de62a6e66bd2a55bf8a0705e86ee1db0bc3d18e08a","43802d61512e33a563a4072c91eea5621cbbbe0b8f98e8b63b18420af88e2df0","0x800521E8","structural"
"0x80050d48",,,"1","1","95","1","0","1","0","0","0","direct_call","direct_call","8891ab981afdbebb045c7e0a2bcd99ead7e4af15be6eebf346d15a4b69daff2c","8891ab981afdbebb045c7e0a2bcd99ead7e4af15be6eebf346d15a4b69daff2c","a42684b6ea69e14250a5d0b18bbf25dc3a5bdf6825dd6a2d0feee7e142fa4496","0x800522A8","structural"
"0x80050ec4",,,"1","1","122","3","4","1","0","0","0","direct_call","direct_call","43dbfdf6de311a64a68893b834ba694661c02c07cbb2090f1d9a1108004b715e","43dbfdf6de311a64a68893b834ba694661c02c07cbb2090f1d9a1108004b715e","ae97f89a2ea44bfe5fd0a324a6797519351cdd75cadad53f12f73fc6127e0ebd","0x80052424","structural"
"0x800510ac",,,"1","1","57","1","1","1","0","0","0","direct_call","direct_call","d1fedffb24d861828612e21e992a59b325b1926c3dc8d072c4c78df801c95654","d1fedffb24d861828612e21e992a59b325b1926c3dc8d072c4c78df801c95654","7b4e94524223af53bc346abcaf66da16a3073e40e2f8ad429c7f34c08385cf8b","0x8005260C","structural"
"0x80051190",,,"1","1","172","1","0","1","0","0","0","direct_call","direct_call","5fe80e6303b3bd5ef0240520b9a896a48cf67f49f7ea7b9c1e5b8a23236cf36f","5fe80e6303b3bd5ef0240520b9a896a48cf67f49f7ea7b9c1e5b8a23236cf36f","b0b98fdb21398408f140a41ef049308cbce31a8522b0377b2d8660691a783ddd","0x800526F0","structural"
"0x80051440",,,"1","1","71","1","2","1","0","0","0","direct_call","direct_call","ac452ba6f0f24d26197a9296fd6187d6f34b3e07b896e3c7091df171c5bec630","ac452ba6f0f24d26197a9296fd6187d6f34b3e07b896e3c7091df171c5bec630","1c7f7d5add31fd928efbc193e93e5b39c34bbf0fc8ff11036ecc5a71a963c9fa","0x800529A0","structural"
"0x8005155c",,,"1","1","119","1","0","1","0","0","0","direct_call","direct_call","779883ea0cc96a2e2ea2088e2ad0e56b4a3366bad7f199fb8a718a10cf99a38d","779883ea0cc96a2e2ea2088e2ad0e56b4a3366bad7f199fb8a718a10cf99a38d","20dd6ca895d3a76fca26f6ef4d600d387d9470576f4a05573e66ce1284488522","0x80052ABC","structural"
"0x80051738",,,"1","1","5","1","0","1","0","0","0","direct_call","direct_call","df1136e7e14b53d9984e39cb9e4ef16e39daf47d701534fe2763382f0a57c905","df1136e7e14b53d9984e39cb9e4ef16e39daf47d701534fe2763382f0a57c905","290f0b7952d9f85ed1bdf4cf371a854485f2dbdcc35772c2ec18dd9c560b8193","0x80052C98","structural"
"0x8005174c",,,"1","1","210","1","2","1","0","0","0","direct_call","direct_call","0ba8611cd1fabb265d12090268df05a689f96e7ca6720b7b35393b75a70f3144","0ba8611cd1fabb265d12090268df05a689f96e7ca6720b7b35393b75a70f3144","1288a78a4c7fdf51ac0f07633c833217a7a1224d1b98189e5072b1934b22e63f","0x80052CAC","structural"
"0x80051a94",,,"1","1","28","2","0","1","0","0","0","direct_call","direct_call","a919a42bed9740206c99d710a13ad712e973ec436a9f9bee72544e12044d693b","a919a42bed9740206c99d710a13ad712e973ec436a9f9bee72544e12044d693b","0442e30a8c8dc2d96e75c506ba7715ede4679c5dd42e3cbb971fb0315b5dd3ac","0x80052FF4","exact"
"0x80051b04",,,"1","1","572","1","9","1","0","0","0","direct_call","direct_call","e1dafe17805f50e13ebd1bffc0be8bf9c98434852673dd57e3cb993739c23a1e","e1dafe17805f50e13ebd1bffc0be8bf9c98434852673dd57e3cb993739c23a1e","e8e4f9fe6a7c42ebe92796308767d33b6d094f16329a8bfba4961a6b855e3471","0x80053064","structural"
"0x800523f4",,,"1","1","1129","1","15","1","0","0","0","direct_call","direct_call","4ecb56c7315b3fb1ac05c312c25cb023307504da49b8920ad376f8168ef3a868","4ecb56c7315b3fb1ac05c312c25cb023307504da49b8920ad376f8168ef3a868","ecc82294d74b8227a46da41fb1db50cc8bf7cc0329480cc72acecbf1ce14dcb9","0x80053954","structural"
"0x80053598",,,"1","1","8","1","0","0","0","0","0","direct_call","direct_call","9d5a8ddf856211f58e38fab09e8554306eab9b9b7ad60847a55644e899f1bcc7","9d5a8ddf856211f58e38fab09e8554306eab9b9b7ad60847a55644e899f1bcc7","c24404a508ed9e24b6fb7d6b330ee626d20445e8c84c8285136583fae061d4d5","0x80054AF8","structural"
"0x800535b8",,,"1","1","43","0","0","1","0","0","0","prologue_only","prologue_only","927b2abdea8c09051920b5706ba8bda7536c50ec3be3142ec9cc03786af166de","927b2abdea8c09051920b5706ba8bda7536c50ec3be3142ec9cc03786af166de","a0dbe5239de115e14faac6b15065d4d7e2e1f8b7e4794d9058af675bc6aefc5c","0x80054B18","structural"
"0x80053664",,,"1","1","337","1","4","1","0","0","0","direct_call","direct_call","ab35fd5d495098f08b3c21600ef5163258207a155f27cd4c20c9db0cb3564347","ab35fd5d495098f08b3c21600ef5163258207a155f27cd4c20c9db0cb3564347","23b334f475b2ba0a292b32d9fc6fbfa74da963e2ad5b3ed07014efb193797713","0x80054BC4","structural"
"0x80053ba8",,,"1","1","78","1","3","1","0","0","0","direct_call","direct_call","73335561b1da6d88fe82b910c6e33044d2f872b10c0d22b1d2c79019346b47b7","73335561b1da6d88fe82b910c6e33044d2f872b10c0d22b1d2c79019346b47b7","bf6dc69ee4ad2b76f9e5d8638d9caa22aa34ec66880ac8e44ca5cb043f37ebf2","0x80055108","structural"
"0x80053ce0",,,"1","1","261","1","4","1","0","0","0","direct_call","direct_call","427d69c8b77fc0d5eae955f20f13e813fe4b108d1222aff28ed2b8e6ffc31a5f","427d69c8b77fc0d5eae955f20f13e813fe4b108d1222aff28ed2b8e6ffc31a5f","fb16c488871cdf648f7e26d32adf89a1352ca119247977b4540cdbddf553a2bf","0x80055240","structural"
"0x800540f4",,,"1","1","37","1","0","1","1","1","0","direct_call+overlay","direct_call+overlay","91043f95f5a4e66a34f119d4a2c8932ea072942d8ea2eb74cf3f5f1739e9ad36","91043f95f5a4e66a34f119d4a2c8932ea072942d8ea2eb74cf3f5f1739e9ad36","8e3d2e1320ae7354bcca648295690ce62b4374ea09da2153df1e9eb8767e2044","0x80055654","structural"
"0x80054188",,,"1","1","89","1","1","1","0","0","0","direct_call","direct_call","bd6ce13e4307bb357f89b162765d59e47e105da6010ef52af1536ba8fef45b65","bd6ce13e4307bb357f89b162765d59e47e105da6010ef52af1536ba8fef45b65","13142cbb3455707b04a637b076758f0baf7b177708c693937c39106994a367d1","0x800556E8","structural"
"0x800542ec",,,"1","1","28","3","1","1","0","0","0","direct_call","direct_call","6bad66e8319160234a6d77b2a28b0c02715d609e7400160241f3873f222c153a","6bad66e8319160234a6d77b2a28b0c02715d609e7400160241f3873f222c153a","adcd3c3f080e98e2eab6a05e5c895ab38f24d8515440b783854253a9405bcfb3","0x8005584C","structural"
"0x8005435c",,,"1","1","39","1","1","1","0","0","0","direct_call","direct_call","b2ef4b582017637ee2825640b2138a123381982bcf4b48c34e194918f8d220e4","b2ef4b582017637ee2825640b2138a123381982bcf4b48c34e194918f8d220e4","a7bffd53f61171d79efc0dbec8f00f7dd2e8e0b0e483621a61685e08e3fec3aa","0x800558BC","structural"
"0x800543f8",,,"1","1","27","1","1","1","0","0","0","direct_call","direct_call","4b9bf6ad7144b95d4dacef7ed65529b05da9cb01ebcb118310c22f49314cf68d","4b9bf6ad7144b95d4dacef7ed65529b05da9cb01ebcb118310c22f49314cf68d","1c2a1f4da7d58680aa619966114096f851c475fa56e309a9d0318b15320cd185","0x80055958","structural"
"0x80054464",,,"1","1","112","1","0","1","0","0","0","direct_call","direct_call","f9ed162dcb4545fe7a3d06f65f4da4a0225e7cf8a107e3fa74c5308dbb273bfc","f9ed162dcb4545fe7a3d06f65f4da4a0225e7cf8a107e3fa74c5308dbb273bfc","a40b4e0904430db35cc805844160bdf17c40697354a2f0c3d60cfa76d6a7a3b5","0x800559C4","structural"
"0x80054624",,,"1","1","586","1","10","1","0","0","0","direct_call","direct_call","8c58eadbdb8e569435e117d73338ff13ec3cdd0999da8a7fbfb19a83f527374b","8c58eadbdb8e569435e117d73338ff13ec3cdd0999da8a7fbfb19a83f527374b","ed59c705c9c6704e80e584f113ef3d6929980528401ef03a12d7abe26be6c636","0x80055B84","structural"
"0x80054f4c",,,"1","1","234","1","7","1","0","0","0","direct_call","direct_call","bd1d62036b564d3b7c611fc6045df6c97fe26d80f7d7d0fe227d1c167a9fa8b0","bd1d62036b564d3b7c611fc6045df6c97fe26d80f7d7d0fe227d1c167a9fa8b0","b58fd21267d95ba69e1f926ea641eb69e441aa59c1b904ddada1dbaa9d217201","0x800564AC","structural"
"0x800552f4",,,"1","1","269","1","18","1","0","0","0","direct_call","direct_call","4052c984bbf9945369c965fb63ec4a502136a3cee4b40ac95a605f92b2c33b6b","4052c984bbf9945369c965fb63ec4a502136a3cee4b40ac95a605f92b2c33b6b","10df4add472393133749edbb0b33077170595d32787845131d4019671c12a52a","0x80056854","structural"
"0x80055728",,,"1","1","329","1","3","1","0","0","0","direct_call","direct_call","84482fb9bbe72b10b9eec51baf1fe21ac21441a24d5c89585b8897246f423436","84482fb9bbe72b10b9eec51baf1fe21ac21441a24d5c89585b8897246f423436","b2a9682cdc968e319a2d2bf73b5df7a219b2ce0af3cd958987818d0e72b14ee0","0x80056C88","structural"
"0x80055c4c",,,"1","1","155","1","2","1","0","0","0","direct_call","direct_call","75eb315ebdbd829261f8c2d0dff0b7783dad3818eefeb4604e596e972c33416c","75eb315ebdbd829261f8c2d0dff0b7783dad3818eefeb4604e596e972c33416c","45263cbd721b9c2af531435c7821ffbc301f536ff2b9080e1c84798a5f61b61a","0x800571AC","structural"
"0x80055eb8",,,"1","1","67","6","2","1","0","0","0","direct_call","direct_call","bedacfbf2865b21a7341619a71b822e0082cce86032907b6dc429b41ed2fa8f0","bedacfbf2865b21a7341619a71b822e0082cce86032907b6dc429b41ed2fa8f0","5eeffcc57acb30c6bf9754b96d133469d13e1d4543bfe49cbf6356f70cff1576","0x80057418","structural"
"0x80055fc4",,,"1","1","16","4","2","1","1","1","0","direct_call+overlay","direct_call+overlay","122fe58ed8d2261f4158c0c13737f35ebc4fd00168c4ab1b047ec174da735563","122fe58ed8d2261f4158c0c13737f35ebc4fd00168c4ab1b047ec174da735563","02d07013444a8ae288b8802b00ac8db86070733bd158aa1fd27f99aa3f566e1e","0x80057524","structural"
"0x80056004",,,"1","1","24","1","2","1","0","0","0","direct_call","direct_call","cad02e13c83619cf67e73228bcda11376ee70f460535f81f06d4df2475c03333","cad02e13c83619cf67e73228bcda11376ee70f460535f81f06d4df2475c03333","41a3211268b9ac5d769ea76f7dc09fd2cfaeb887a94959746beb8ec0f88298da","0x80057564","structural"
"0x80056064",,,"1","1","40","2","2","1","0","0","0","direct_call","direct_call","896fcf3be4839ee98e99551ba1f175e8667f567e5035a1584ad53dc9464a5b1f","896fcf3be4839ee98e99551ba1f175e8667f567e5035a1584ad53dc9464a5b1f","5343d4ead25a19c9b292c0591001fdbcfb9cebf8b4f60ab14efb619834e1782f","0x800575C4","structural"
"0x80056104",,,"1","1","57","17","2","1","0","0","0","direct_call","direct_call","bdd0d4e2881115094f4ad138e3d047aba07945c8c7914de740b33762b74bc934","bdd0d4e2881115094f4ad138e3d047aba07945c8c7914de740b33762b74bc934","83756424adf39617a372b6a15fb64a4efdee252a355068669ac7e4f0eb6a0755","0x80057664","structural"
"0x800561e8",,,"1","1","20","1","1","1","0","0","0","direct_call","direct_call","573168e195f13f5424f7919c391bbb7b37d756bc019b916305cac9d74678552b","573168e195f13f5424f7919c391bbb7b37d756bc019b916305cac9d74678552b","b0acfe5e61deeb4ba9f5302352ec9c83ca3575d63246c007b1ce097f7d16e8af",,
"0x80056238",,,"1","1","20","1","1","1","0","0","0","direct_call","direct_call","487f7454053a198b0da5fef630a06055d9badef25a36e49065eb929d08444335","487f7454053a198b0da5fef630a06055d9badef25a36e49065eb929d08444335","b0acfe5e61deeb4ba9f5302352ec9c83ca3575d63246c007b1ce097f7d16e8af",,
"0x80056288",,,"1","1","25","3","1","1","0","0","0","direct_call","direct_call","d60c69c3059cf36e328e62b32fad1a827489afbce96f009ab5c4da412d7914ef","d60c69c3059cf36e328e62b32fad1a827489afbce96f009ab5c4da412d7914ef","751e3a823031afba93ed4b0981607c07fab4a2b54a47a54ba11926269fb3dd84","0x800577E8","structural"
"0x800562ec",,,"1","1","20","2","1","1","0","0","0","direct_call","direct_call","1e2e2ba5adb87100e314085f4c4820886d774765df4a8b375ebd2f2cd64e4605","1e2e2ba5adb87100e314085f4c4820886d774765df4a8b375ebd2f2cd64e4605","b0acfe5e61deeb4ba9f5302352ec9c83ca3575d63246c007b1ce097f7d16e8af",,
"0x8005633c",,,"1","1","20","5","1","1","0","0","0","direct_call","direct_call","d73d2f61ae86db56a9d5a90226c8169d234d86067f5f297d3252292d06b70073","d73d2f61ae86db56a9d5a90226c8169d234d86067f5f297d3252292d06b70073","d5cf519110eeb369243628219df64e82e6e08fa740674dd1735dd2e76b3cf771",,
"0x8005638c",,,"1","1","25","2","1","1","0","0","0","direct_call","direct_call","53af3abb324b4b184605b774e97d58fc7ba68e1c17c38748797c881f91fbd738","53af3abb324b4b184605b774e97d58fc7ba68e1c17c38748797c881f91fbd738","310533ac530cc5291a9ebc871ea593e52ce559492f3e3b0086cadd4e90efe48e","0x800578EC","structural"
"0x800563f0",,,"1","1","20","2","1","1","0","0","0","direct_call","direct_call","b01620132bebef0d6d374885bb1ab14f14e28aafe0d5e0c21eda714dd1357b97","b01620132bebef0d6d374885bb1ab14f14e28aafe0d5e0c21eda714dd1357b97","b0acfe5e61deeb4ba9f5302352ec9c83ca3575d63246c007b1ce097f7d16e8af",,
"0x80056440",,,"1","1","20","2","1","1","0","0","0","direct_call","direct_call","80f4c566fbd2662d6766a871c4919e2148b12ad471032a13d0b5576f65eaf7f8","80f4c566fbd2662d6766a871c4919e2148b12ad471032a13d0b5576f65eaf7f8","b0acfe5e61deeb4ba9f5302352ec9c83ca3575d63246c007b1ce097f7d16e8af",,
"0x80056490",,,"1","1","20","6","1","1","0","0","0","direct_call","direct_call","4e43b87b33d05e017db3fa3e73777167a9779f3f144d14fb6be8381913b9ac2d","4e43b87b33d05e017db3fa3e73777167a9779f3f144d14fb6be8381913b9ac2d","b0acfe5e61deeb4ba9f5302352ec9c83ca3575d63246c007b1ce097f7d16e8af",,
"0x800564e0",,,"1","1","20","2","1","1","0","0","0","direct_call","direct_call","50dc6e8b6c3dd88472162bd0d807244e85e2846f8cdc0a4525e648968adcac3e","50dc6e8b6c3dd88472162bd0d807244e85e2846f8cdc0a4525e648968adcac3e","b0acfe5e61deeb4ba9f5302352ec9c83ca3575d63246c007b1ce097f7d16e8af",,
"0x80056530",,,"1","1","20","0","1","1","0","0","0","prologue_only","prologue_only","57a774a58ffa236c6cbad9e1a5c40540f464ef6bfb9311076f4843763c3a3b58","57a774a58ffa236c6cbad9e1a5c40540f464ef6bfb9311076f4843763c3a3b58","b0acfe5e61deeb4ba9f5302352ec9c83ca3575d63246c007b1ce097f7d16e8af",,
"0x80056580",,,"1","1","20","2","1","1","0","0","0","direct_call","direct_call","c1dcbfe4d011d6e322c5781e1eb66efdfa863245d32fd1a5c9de3a6a5dd7a4b4","c1dcbfe4d011d6e322c5781e1eb66efdfa863245d32fd1a5c9de3a6a5dd7a4b4","b0acfe5e61deeb4ba9f5302352ec9c83ca3575d63246c007b1ce097f7d16e8af",,
"0x800565d0",,,"1","1","21","4","1","1","0","0","0","direct_call","direct_call","0a7fbf586da89b492650d705ae94d765051ed00a89526787bf549059246c9473","0a7fbf586da89b492650d705ae94d765051ed00a89526787bf549059246c9473","47c84ca9362bc7f7d777b96569fff36f8c656fdc46f04510307c07c46cedb472","0x80057B30","structural"
"0x80056624",,,"1","1","25","2","1","1","0","0","0","direct_call","direct_call","3821d7facb22bb4a3f9b3ef5d77ecb5272d611ee590aeffba920f513c4612c1d","3821d7facb22bb4a3f9b3ef5d77ecb5272d611ee590aeffba920f513c4612c1d","ba5c4e35514d907ddd31563438f0b967b858c780a8c6a9e21fcff41f8faaa306","0x80057B84","structural"
"0x80056688",,,"1","1","18","1","1","1","0","0","0","direct_call","direct_call","0dfe1b92db7e1e8c615bd3b4ce3fdf1fe153bf9edd066dc66fc1631b64117bd8","0dfe1b92db7e1e8c615bd3b4ce3fdf1fe153bf9edd066dc66fc1631b64117bd8","47b48342781c83fd83783f6ad93541bc62b9979314e9fa26629c94accbc34eea","0x80057BE8","structural"
"0x800566d0",,,"1","1","20","1","1","1","0","0","0","direct_call","direct_call","187e1e6f888cc2e4a15b29ee8a8cd64f77d431d54fbecae3c565bdc7513f9d6f","187e1e6f888cc2e4a15b29ee8a8cd64f77d431d54fbecae3c565bdc7513f9d6f","d5cf519110eeb369243628219df64e82e6e08fa740674dd1735dd2e76b3cf771",,
"0x80056720",,,"1","1","20","1","1","1","0","0","0","direct_call","direct_call","8f0d9a7ef37f102fbfd7301e13906768e0203a1063134e3cf49dc9d5dfd7e776","8f0d9a7ef37f102fbfd7301e13906768e0203a1063134e3cf49dc9d5dfd7e776","b0acfe5e61deeb4ba9f5302352ec9c83ca3575d63246c007b1ce097f7d16e8af",,
"0x80056770",,,"1","1","75","2","1","1","1","1","0","direct_call+overlay","direct_call+overlay","90e33a65a10b2a17839759ff00edc07183fe32126ba91ada745f409487ba7eec","90e33a65a10b2a17839759ff00edc07183fe32126ba91ada745f409487ba7eec","7609194f139cb0ce63439f752152ba61aead3b201e476d19f75f97c42c167d52","0x80057CD0","structural"
"0x8005689c",,,"1","1","2","1","0","1","0","0","0","direct_call","direct_call","00a401d7322de8bde409413190a478e8ae8e5dd9cd0a091b841da38b685b7b27","00a401d7322de8bde409413190a478e8ae8e5dd9cd0a091b841da38b685b7b27","f87c9b13974dbdfb68d490d8ee42dbd225aecaf011bca48345ec80fbb01a62a1",,
"0x800568a4",,,"1","1","30","4","0","1","0","0","0","direct_call","direct_call","ac06d75713e59b4e5a0e7740563b0e558b571c8cf9c2c75d1a887baf3740e5c6","ac06d75713e59b4e5a0e7740563b0e558b571c8cf9c2c75d1a887baf3740e5c6","48e6cc424c4418b0ce82ed237e3c600ebc0e4484bb37af35f1509beb281bc9b3","0x80057E04","exact"
"0x8005691c",,,"1","1","35","2","1","1","0","0","0","direct_call","direct_call","79a85299fc61a62ac1f16f9b283b1ef60bd5f4e05ab6b0741207a717f59fcbf3","79a85299fc61a62ac1f16f9b283b1ef60bd5f4e05ab6b0741207a717f59fcbf3","702667ad54ea695d9b8f53117d706d683e7fcb065c6eea2ecb7d9efbef5a84c0","0x80057E7C","structural"
"0x800569a8",,,"1","1","31","3","1","1","0","0","0","direct_call","direct_call","b83f0143fdec5cf2a22813322186e6ab5a99e817e7136d8a8b572a54c9200898","b83f0143fdec5cf2a22813322186e6ab5a99e817e7136d8a8b572a54c9200898","ce8694dcf3beee5148c4457f3cc42c00ad806dfe46a3df414ac0ce1436a1ba53","0x80057F08","structural"
"0x80056a24",,,"1","1","4","1","0","0","0","0","0","direct_call","direct_call","d6a710843c2d61c04d2bd1449acd6152ecf6215e15d8ed2bd0dfc33c5bc78be6","d6a710843c2d61c04d2bd1449acd6152ecf6215e15d8ed2bd0dfc33c5bc78be6","4702d7ac32a631991298fcdc641684b5394e50692acaf58c06cab0b4003bca5b","0x80057F84","exact"
"0x80056a34",,,"1","1","49","0","0","1","0","0","0","prologue_only","prologue_only","6b039ee9386089e8901d43f3e32eb5c44fa50f62c1ae39e3f4df115fe671a9cb","6b039ee9386089e8901d43f3e32eb5c44fa50f62c1ae39e3f4df115fe671a9cb","34288d7b37b40006c83e9fdc763148301735c02e3560118fe08b65492617e5c6","0x80057F94","exact"
"0x80056af8",,,"1","1","35","2","0","1","1","1","0","direct_call+overlay","direct_call+overlay","a4d76b89fc315a4b36ac2dacd5ca0b03b12bc332bfc3ab0a54ebc2f7116379b6","a4d76b89fc315a4b36ac2dacd5ca0b03b12bc332bfc3ab0a54ebc2f7116379b6","3f16efdca2d2338c1f9c83d43a7cc07cf4e8b6504f901e3bd0c4ffa225d5d948","0x80058058","exact"
"0x80056b84",,,"1","1","43","1","0","1","0","0","0","direct_call","direct_call","255d8ae860b651373afd889f68052d7e54eeee9d34ad0ad066dc4ab9f0f25312","255d8ae860b651373afd889f68052d7e54eeee9d34ad0ad066dc4ab9f0f25312","f09034f3c35bfad47e0d9a1ef3d558ebe4bec0530699a56687fcdb7a29098780","0x800580E4","structural"
"0x80056c30",,,"1","1","40","2","1","1","0","0","0","direct_call","direct_call","3ee9af22487024d3a92496ffe6640188249eeeea92bb2d8016c7da4f25daeff1","3ee9af22487024d3a92496ffe6640188249eeeea92bb2d8016c7da4f25daeff1","39c3256b3a2a56b9379620f748326a18752bcc5e5f88699d4c011e692cfca2c5","0x80058190","structural"
"0x80056cd0",,,"1","1","22","2","0","1","0","0","0","direct_call","direct_call","a003c2ccc98c7e2c39ce3581c0f91d789e1bab86abc63b46b09cb21d83e069ba","a003c2ccc98c7e2c39ce3581c0f91d789e1bab86abc63b46b09cb21d83e069ba","f727d906e4dfc6e6668472d597d5117f011c096ec3d16115c937b42d81dc327f","0x80058230","structural"
"0x80056d28",,,"1","1","9","3","0","1","0","0","0","direct_call","direct_call","d8a584bb0cdb0de47b8fffd43af5c2f3f018738437ba257e23386fde57651d1c","d8a584bb0cdb0de47b8fffd43af5c2f3f018738437ba257e23386fde57651d1c","139759e35074f30a9cc48feede5f215dc261d418579435cb1cd2d586486ba8f6","0x80058288","structural"
"0x80056d4c",,,"1","1","16","1","0","1","1","1","0","direct_call+overlay","direct_call+overlay","6d8c6bf85ad49e480a6f622b3c0748532526f180af1799354466b42568f1e854","6d8c6bf85ad49e480a6f622b3c0748532526f180af1799354466b42568f1e854","5deed51abd4dd7f167f37106a44742b0b0e899fd51bb8b69893a42ae01d230a8","0x800582AC","structural"
"0x80056d8c",,,"1","1","78","1","1","1","0","0","0","direct_call","direct_call","56003b8fa4ff82b0e175912d4ff8426f283306a35f4ec2ef43dacaf5cb646c6a","56003b8fa4ff82b0e175912d4ff8426f283306a35f4ec2ef43dacaf5cb646c6a","6c298ddb5600cc02f1667369f270efc70b1904887ffaa4e62d0a41ca9bd66ad9","0x800582EC","structural"
"0x80056ec4",,,"1","1","64","1","0","1","0","0","0","direct_call","direct_call","0ea47d3bda6dc6fb84a2c60b89b7ee75775a075fe986a2a488b3b038494c83c0","0ea47d3bda6dc6fb84a2c60b89b7ee75775a075fe986a2a488b3b038494c83c0","9dd8528e99692702b76a66904dba490f80d3abc56388bf9a0494a7b08587f66e","0x80058424","structural"
"0x80056fc4",,,"1","1","55","5","0","1","0","0","0","direct_call","direct_call","0bc8e706c6ad598ac62133f3ca8b96504da21e6eb12edde9d3902c1a405d3a4a","0bc8e706c6ad598ac62133f3ca8b96504da21e6eb12edde9d3902c1a405d3a4a","5ba901049bc705df0a3280eb2788177eed522fe5427e28b7d479119766b89916",,
"0x800570a0","WorldCollision_Scan","strong","1","1","248","8","2","1","0","0","0","direct_call","direct_call","7a90c3ab20b938cc12cd9730b13b49c57d7a8514adebd9683fa41eac7f3bce49","7a90c3ab20b938cc12cd9730b13b49c57d7a8514adebd9683fa41eac7f3bce49","b633f4633bb27cfff052baa6b576639e01bdc362331320ba100246b1a184cd70","0x80058608","structural"
"0x80057480",,,"1","1","48","4","2","1","0","1","0","direct_call","direct_call+overlay","4d39596bac7ea1b739fa3c88a48118fe54327f33f647c1a6d6ad3c1e5a32d892","4d39596bac7ea1b739fa3c88a48118fe54327f33f647c1a6d6ad3c1e5a32d892","b8aa89b9b63061218f678a818c80c71cb10d33fbbd78bdb002b10a6e16eea9f4","0x800589E8","structural"
"0x80057540",,,"1","1","62","1","3","1","0","0","0","direct_call","direct_call","cc29d0b5c824c84f7d243ee76e95f5469b6e31146630b014ced76a6ce8cddc80","cc29d0b5c824c84f7d243ee76e95f5469b6e31146630b014ced76a6ce8cddc80","24d554019a9044dfafa551eca7636a172a42d1018f1d5cadf1c7896654a8b9b8","0x80058AA8","structural"
"0x80057638",,,"1","1","28","10","0","1","0","0","0","direct_call","direct_call","f5f356a8f35eed41703becdfd756e225109fb9db1cf78dfa71cc9176f2e004e3","f5f356a8f35eed41703becdfd756e225109fb9db1cf78dfa71cc9176f2e004e3","148c72e3613886f957646ed981498e74bfcf5241f7e19a635eead60bc9d3b5f2","0x80058BA0","structural"
"0x800576a8",,,"1","1","54","10","0","1","0","0","0","direct_call","direct_call","9d00f91659fdb0b00a040333682f253b3d1c2a676a4ac862dff87fb3e15b5bf7","9d00f91659fdb0b00a040333682f253b3d1c2a676a4ac862dff87fb3e15b5bf7","ca19a249ada8d0c99fd1c786e7deebee2735ce545aabf9c4866238b1203f32d8","0x80058C10","exact"
"0x80057780",,,"1","1","65","12","2","1","0","0","0","direct_call","direct_call","d6b57d56e9bc72ed5ddaa8eb2d1587375956f14703ad405121497c8629710ec5","d6b57d56e9bc72ed5ddaa8eb2d1587375956f14703ad405121497c8629710ec5","f6a29fd8e6b9081dbf738b23976b78c80da2692bf67af46a407de4b598c0f14d","0x80058CE8","structural"
"0x80057884",,,"1","1","74","5","1","1","0","0","0","direct_call","direct_call","d76c644e7e8ff528b463c10e177f56584d7139ba96a3ed6e3f889ea17217c45f","d76c644e7e8ff528b463c10e177f56584d7139ba96a3ed6e3f889ea17217c45f","ea1e49cbf1cb3b7edc6c319954ca93226842fc8ef121d9f03089edcda80a66bb",,
"0x800579ac",,,"1","1","59","21","3","1","1","1","0","direct_call+overlay","direct_call+overlay","6174707acc9bbd9856332fcfb1fbf95d0ef3fad588c51ce4b04a30daf43f3a24","6174707acc9bbd9856332fcfb1fbf95d0ef3fad588c51ce4b04a30daf43f3a24","4f5e79952d09faf74eeb8185e18f76d45d1a947f460a94c26438e1a857cfb9c6",,
"0x80057a98",,,"1","1","59","0","1","1","1","1","0","overlay","overlay","f0fe98d8959fd219e8779aca2344fa423ff8e216fca2e380f50fdf2d857a23e1","f0fe98d8959fd219e8779aca2344fa423ff8e216fca2e380f50fdf2d857a23e1","f6530505e1b0de93c13f39b34b1b97a8ee5ff6dc593d2530ec50ad99c86e79b0","0x80058FEC","structural"
"0x80057b84",,,"1","1","115","10","4","1","1","1","0","direct_call+overlay","direct_call+overlay","d39511cd6c4bb1c9098b3fade2048a950995e89257748ffaabb0888419a1b3d9","d39511cd6c4bb1c9098b3fade2048a950995e89257748ffaabb0888419a1b3d9","e548e0f346e453f6adffe5bead42493507495aa36915478ca67155b64dc62fbd","0x800590D8","structural"
"0x80057d50",,,"1","1","42","7","1","1","0","0","0","direct_call","direct_call","985617e501934d60ee76aa50aa5afb0fd7b42ef8e9dee339babdcfbfb0203850","985617e501934d60ee76aa50aa5afb0fd7b42ef8e9dee339babdcfbfb0203850","3a4d4fe0d82a9cc6cb532247e73961b42643c2ebe4e96d484080669908019df7","0x800592A4","structural"
"0x80057df8",,,"1","1","33","1","0","1","1","1","0","direct_call+overlay","direct_call+overlay","83db9a070db66fbe1c38a3c3b5e1e61040654ee8cedac1f6711ddd1f46eeee40","83db9a070db66fbe1c38a3c3b5e1e61040654ee8cedac1f6711ddd1f46eeee40","9b3c1c4e78571e7e380a41652e0dd476cddf521d4ccc222ba102d8e5a93f1bdd","0x8005934C","structural"
"0x80057e7c",,,"1","1","77","2","0","1","1","1","0","direct_call+overlay","direct_call+overlay","757e58d0d4bd7b7474b32e31a1f0e3858b6af3ffa9a5161176c62acbe47c43a1","757e58d0d4bd7b7474b32e31a1f0e3858b6af3ffa9a5161176c62acbe47c43a1","8a21124ca4a3951db610e4a4324011c0fe789ea62b6cd777bc43bb2bbea33e09","0x800593D0","structural"
"0x80057fb0",,,"1","1","139","6","1","1","1","1","0","direct_call+overlay","direct_call+overlay","4da29bddc777878bcf366a1c5d3c8afde7da15812ec8298438a3566bcbdd4730","4da29bddc777878bcf366a1c5d3c8afde7da15812ec8298438a3566bcbdd4730","8c7f3bbff2e0fef455b47f36d4bb81038fb6fd4e1d9a33bf485a1810867584c0","0x80059504","structural"
"0x800581dc",,,"1","1","240","1","4","1","0","0","0","direct_call","direct_call","b02dc3494c0aa5baa6fb47feb837d37885b191fb6afea6323f56fd30c7c76d48","b02dc3494c0aa5baa6fb47feb837d37885b191fb6afea6323f56fd30c7c76d48","b70bcb0482889270c97278754d42cfcac368424b4b190e10c02d0b769074d8ea","0x80059730","structural"
"0x8005859c",,,"1","1","194","1","4","1","0","0","0","direct_call","direct_call","4f13ffb56e56ce33ef5b11235ea52870009297f435fcea402e1677e9e1edc8b4","4f13ffb56e56ce33ef5b11235ea52870009297f435fcea402e1677e9e1edc8b4","22fc7d06f0406f203bca6f126df04713561c4bcec525e4e283a04cfcf7d87f4d","0x80059AF0","structural"
"0x800588a4",,,"1","1","104","1","1","1","0","0","0","direct_call","direct_call","1f87ec2ddd4ddaf2a4241797fba786495a3e62d444ae813705f45d1f4bed5a5e","1f87ec2ddd4ddaf2a4241797fba786495a3e62d444ae813705f45d1f4bed5a5e","f440c787837ac1c3551780b0f4e66528403a5df9e9629f009a20c3d15d04962c",,
"0x80058a44",,,"1","1","227","1","3","1","0","0","0","direct_call","direct_call","475f6bcac873d78f5e0a6101d290b8841e7b3f6c6e8860b11959618cc0908c27","475f6bcac873d78f5e0a6101d290b8841e7b3f6c6e8860b11959618cc0908c27","2d65b1f8dc19280616b2dc100ca51614350b52f4ef1d3e0c6b62f9b22964c6c8",,
"0x80058dd0",,,"1","1","78","1","1","1","0","0","0","direct_call","direct_call","a11cd69770fedffcbe0d92ea7151e273ebb0c3d669b6ff2b361cf760a804fdf0","a11cd69770fedffcbe0d92ea7151e273ebb0c3d669b6ff2b361cf760a804fdf0","9f94f5a9ca660536668bb58796e674d5271edc818325181668196661cac968ab","0x8005A33C","structural"
"0x80058f08",,,"1","1","76","1","2","1","0","0","0","direct_call","direct_call","7af7ec45bc8fa81991cbe679f721d6178c42465fad3ae7c0fc767ec6d13ae299","7af7ec45bc8fa81991cbe679f721d6178c42465fad3ae7c0fc767ec6d13ae299","b85f97d6669c83bd837194d236df2747429853e53caec5c1573c2c4feefe7f98","0x8005A474","structural"
"0x80059038",,,"1","1","76","2","1","1","0","0","0","direct_call","direct_call","708174437a6f45ec2d69d22aa5e8d73095d539ae350392da26a87d306f998574","708174437a6f45ec2d69d22aa5e8d73095d539ae350392da26a87d306f998574","f08b017d780d71cc9bac6463bbaa27c72b221723f35a890cde478d1f9b079a9c","0x8005A5A4","structural"
"0x80059168",,,"1","1","46","2","1","1","0","0","0","direct_call","direct_call","31de2ecf4c3549a2651962f2e7a818dc759633402741267af6db77e2d7289654","31de2ecf4c3549a2651962f2e7a818dc759633402741267af6db77e2d7289654","f3c36dd6dbb22462866b6b221b9edaeb2be33afa87648c1e09294cb8ed52dbad","0x8005A6D4","structural"
"0x80059220",,,"1","1","36","1","0","1","0","0","0","direct_call","direct_call","c648f2d09c2360b3419578ac1b3a9475db29da26425feb02ae1560b78e4994d0","c648f2d09c2360b3419578ac1b3a9475db29da26425feb02ae1560b78e4994d0","bcda251e827c9a1c79e4dec9aaa6d20a0b82288214361af317644623555e3ac2","0x8005A78C","structural"
"0x800592b0",,,"1","1","51","2","1","1","0","0","0","direct_call","direct_call","aa9d26dd0dd3121353722d98e7109b6bc5fe88fdfd5e4fd386d6619153e2e592","aa9d26dd0dd3121353722d98e7109b6bc5fe88fdfd5e4fd386d6619153e2e592","8b40e0c8a217f2e300bf37ed78584270f7fe08f3abf81928ebb8a03f2d205cdb","0x8005A81C","structural"
"0x8005937c",,,"1","1","217","2","12","1","0","0","0","direct_call","direct_call","ea62094c63e8b175290169a3f3af6ff232764c6fd2656f400cbb357d4683739d","ea62094c63e8b175290169a3f3af6ff232764c6fd2656f400cbb357d4683739d","44dd41c9df5370417a89f5dcb5365f1424d23680a1e579846584859e9c002023",,
"0x800596e0",,,"1","1","68","3","0","1","0","0","0","direct_call","direct_call","3cdee98284bb9e3a4e1bf26294bc82f993ce09e5ad05a6f510b4e906c3ccd929","3cdee98284bb9e3a4e1bf26294bc82f993ce09e5ad05a6f510b4e906c3ccd929","87bd848ec03b1c569d9256ec59357e43c4f01a47d471754d1937341ec35266e9","0x8005AD44","structural"
"0x800597f0",,,"1","1","505","2","6","1","0","0","0","direct_call","direct_call","bc5b59038754a4fa726ff43c95a0837b5d86727fef1865961455dd98dbb40dc6","bc5b59038754a4fa726ff43c95a0837b5d86727fef1865961455dd98dbb40dc6","90bc6f96ac641ac8a6a36f9503b9d85bfa96ff12c27614fb4e67f91d28ecbbda","0x8005AE54","structural"
"0x80059fd4",,,"1","1","364","1","5","1","0","0","0","direct_call","direct_call","d702dbf401ff1372748e2c3611420ec22bfec405a13b841ac5a3559a53f39177","d702dbf401ff1372748e2c3611420ec22bfec405a13b841ac5a3559a53f39177","62b5d63e76379e8463325f41729e97d6bb2de1c0d1855599dfd308a1bc0f1bc8",,
"0x8005a584",,,"1","1","179","1","4","1","0","0","0","direct_call","direct_call","130fd80d767588c7ddf0801f2663df08fce971c4b2ae5fcd7d48417f16b7c030","130fd80d767588c7ddf0801f2663df08fce971c4b2ae5fcd7d48417f16b7c030","5ce69c85aea2018bc43eb114af97ec4ef05056f6f85800c3e21d9b0868be5086","0x8005BB70","structural"
"0x8005a850",,,"1","1","64","4","1","1","0","0","0","direct_call","direct_call","c6f731e2093c63ee0e9913ca76abf5350b788647f0b430075ef1142b6f7bcf59","c6f731e2093c63ee0e9913ca76abf5350b788647f0b430075ef1142b6f7bcf59","7a8601e0da44ad631504e42077cfc924d26ae78158dccf8fea615620fff4a8a7",,
"0x8005a950",,,"1","1","35","3","1","1","0","0","0","direct_call","direct_call","1e94f18108d2e5e57d439dae63171cf5c7a04fff2317cf710d01c061f08efad4","1e94f18108d2e5e57d439dae63171cf5c7a04fff2317cf710d01c061f08efad4","0478cbed8372e8eb7c3fc1ae781f2d1dfc9dababd21b33ea823dc821f759d7c7","0x8005BF44","structural"
"0x8005a9dc",,,"1","1","334","1","1","1","0","0","0","direct_call","direct_call","04cad676b7590d94f6d7d564f6aa85ca348d1147398064930b4ace019589ff40","04cad676b7590d94f6d7d564f6aa85ca348d1147398064930b4ace019589ff40","08cce688f877151b083e27c51d65fe54ba4cc4309923f3b4b2ba6287723591cd","0x8005BFD0","structural"
"0x8005af14",,,"1","1","330","1","1","1","0","0","0","direct_call","direct_call","0888308e611ff471e4acdc3c25d527910f73950dab44cbed1b088be8b4ac8b09","0888308e611ff471e4acdc3c25d527910f73950dab44cbed1b088be8b4ac8b09","6f884962a5665ac6da56ac81a4692a19a50f8f00bba890c3c0981136e24d1544","0x8005C508","structural"
"0x8005b43c",,,"1","1","220","1","3","1","0","0","0","direct_call","direct_call","23a974a426a9a882a14f2b4313edd3117fe12910d1dc74fb784feb16a2b1ff81","23a974a426a9a882a14f2b4313edd3117fe12910d1dc74fb784feb16a2b1ff81","56e44bdc68cb30d5d1c0009d7fdc89764ccf66cb363b10ad758059b847898f41","0x8005CA30","structural"
"0x8005b7ac",,,"1","1","260","1","7","1","0","0","0","direct_call","direct_call","f28e9a5064f2028746ccf9e17238f70a1b0807976ab8da8b60740bd6d422c684","f28e9a5064f2028746ccf9e17238f70a1b0807976ab8da8b60740bd6d422c684","8f66e9d131c46e402678ddc5c0f5b09d9b079d5291151b93d30bd7242528733f","0x8005CDA0","structural"
"0x8005bbbc",,,"1","1","197","1","1","1","0","0","0","direct_call","direct_call","ba1957cadfbb22bb0995ba7944f56477ae98c1b370bcfdaadeffc3cee238b1d3","ba1957cadfbb22bb0995ba7944f56477ae98c1b370bcfdaadeffc3cee238b1d3","97489281323c8d3991ebd868db35c41967f83e057e147be3e6fa221bacb0ed1f","0x8005D1B0","structural"
"0x8005bed0",,,"1","1","16","1","0","0","0","0","0","direct_call","direct_call","fa2fb95ce499b8732c56983c3e8f8e31cc7285b9aba33084caea5d552198a0d4","fa2fb95ce499b8732c56983c3e8f8e31cc7285b9aba33084caea5d552198a0d4","ab66cb59c7920dc39e6739e90a0c3023b1cf1bf40e4e799560aa1fdda25cf209","0x8005D4C4","structural"
"0x8005bf10",,,"1","1","71","0","0","1","0","0","0","prologue_only","prologue_only","721af8c7f90ff14fcdc3185e7b8abfe2a48a6157cc59aae5d333126c7d63da63","721af8c7f90ff14fcdc3185e7b8abfe2a48a6157cc59aae5d333126c7d63da63","e1e0917d0e3f91ab5a06074b9be95b1c9217cf4d88606496fe56042e2f3fefce","0x8005D504","structural"
"0x8005c02c",,,"1","1","96","1","1","1","0","0","0","direct_call","direct_call","fc1c13928c6287743593dd063e75c49565130fa428b25157b59557d357601907","fc1c13928c6287743593dd063e75c49565130fa428b25157b59557d357601907","bce95888c6bb31b84d459a48f8293aeea2f404ad0992ace304b446581dcbb1ea","0x8005D620","structural"
"0x8005c1ac",,,"1","1","304","1","15","1","0","0","0","direct_call","direct_call","8e7eec6828290a998d8326a17b9448b56c6504fd987a8f718c45194e5bb51241","8e7eec6828290a998d8326a17b9448b56c6504fd987a8f718c45194e5bb51241","b4de34b5d528f4480f2d0721ff8e0ae64159f662b7a8e77a7d06681cf3f4bf6e","0x8005D7A0","structural"
"0x8005c66c",,,"1","1","87","1","9","1","1","1","0","direct_call+overlay","direct_call+overlay","622cbf7adf69473165c6cecc4115d6a022b0d7d7c9ba18ba6c3d7ca5d49e93e4","622cbf7adf69473165c6cecc4115d6a022b0d7d7c9ba18ba6c3d7ca5d49e93e4","57f7b10ba2f99988e3e63e338d2db4d38223b86ce218c0980f5a4d55d324ef96",,
"0x8005c7c8",,,"1","1","71","1","5","1","0","0","0","direct_call","direct_call","179c7afb056e7116b0c98735d5dfe7b4a6c9680db8f4db0d68de36799a66a94a","179c7afb056e7116b0c98735d5dfe7b4a6c9680db8f4db0d68de36799a66a94a","9fb720c1c57c55f323bf020d8cbbd2d5b39d28bd9c18969f68a7a75b1828270a",,
"0x8005c8e4",,,"1","1","30","2","1","1","0","0","0","direct_call","direct_call","e86b0a55e2d0a6063a67dfe89cb2e601171861b7508fab6538e84da79d148120","e86b0a55e2d0a6063a67dfe89cb2e601171861b7508fab6538e84da79d148120","f2957501f735a33da2e8491ea134aed557aaac0baf946f1982882b79fcda7341",,
"0x8005c95c",,,"1","1","62","2","4","1","0","0","0","direct_call","direct_call","1b0bbb772c47703539c41d6867f8c9bb47e7a4d7367e2c5a0317d6b0322ce996","1b0bbb772c47703539c41d6867f8c9bb47e7a4d7367e2c5a0317d6b0322ce996","60f1dc67cc9b01e9913ca27c050700a3176b0055e96924be91e4e589a84c2c52",,
"0x8005ca54",,,"1","1","67","1","2","1","0","0","0","direct_call","direct_call","4954ef468bb9b6d151089160e82e3b4ff114c1dec31a7295314f0242577782b6","4954ef468bb9b6d151089160e82e3b4ff114c1dec31a7295314f0242577782b6","1283da18a641b3fb64887693689429ad37db4e466f34d764138678fecdaa6ce0",,
"0x8005cb60","ActorAuxiliaryResources_Configure","strong","1","1","55","3","2","1","1","1","0","direct_call+overlay","direct_call+overlay","5ed0485409e1e9958a6cad678fd740da6f1895bb7549770417b1fc231a56019b","5ed0485409e1e9958a6cad678fd740da6f1895bb7549770417b1fc231a56019b","6706d6e882b4d4ca89d074f2938e32cdc7addde3f1710445dc18c11d194e236f",,
"0x8005cc3c","ActorAuxiliaryResources_Reset","strong","1","1","41","3","3","1","1","0","0","direct_call+overlay","direct_call","accd4d2b283734f6ba7e99b2405ec2126a87a998474eeabdb6ec1bbb810eb7e1","accd4d2b283734f6ba7e99b2405ec2126a87a998474eeabdb6ec1bbb810eb7e1","55916cda509026f89dc81834a1c031e630a5d77de6fda00e1dfe115719828a44","0x8005E29C","structural"
"0x8005cce0",,,"1","1","36","2","2","1","0","0","0","direct_call","direct_call","2c01ac3d887d943ca82359cc13409314673f069430563439ccc7b67f885c1040","2c01ac3d887d943ca82359cc13409314673f069430563439ccc7b67f885c1040","e5b6b963935ce9ab47e0b49ba61683f30d6ff96455f3943ac4abb6cc34ddc63f","0x8005E340","structural"
"0x8005cd70",,,"1","1","9","1","0","1","0","0","0","direct_call","direct_call","5b9f310e62ddbb5c485ebcdfa825c38fe729c7d4850471936447626d078b2bc5","5b9f310e62ddbb5c485ebcdfa825c38fe729c7d4850471936447626d078b2bc5","9c6344222d3652746b62c659c27fb55b15a73607ec94be26614a5a64eb65e5a5","0x8005E3D0","structural"
"0x8005cd94",,,"1","1","76","2","2","1","0","0","0","direct_call","direct_call","ec9b03da10bfe4c01dfc0917e45de410018a38d6dd898126b14297e13f6aeaa9","ec9b03da10bfe4c01dfc0917e45de410018a38d6dd898126b14297e13f6aeaa9","3fa8d289ce1fb9fe7a95d84ca852b5a62a20e09500e2e803ed6996f02b083983",,
"0x8005cec4",,,"1","1","22","6","2","1","0","0","0","direct_call","direct_call","5a674789f81530d894fe3ca373698832a46e319b108438b24768c44a094d1fbf","5a674789f81530d894fe3ca373698832a46e319b108438b24768c44a094d1fbf","292a087621c048a1128e993e9fe14381251f25da6fd5c0382a3163d62b34c6c1","0x8005E538","structural"
"0x8005cf1c",,,"1","1","43","3","6","1","0","0","0","direct_call","direct_call","cdc9d5f285b9dcdb80fad9fe4f7a4ec49bf96cabaee4afd4f6d7014cf41aef0d","cdc9d5f285b9dcdb80fad9fe4f7a4ec49bf96cabaee4afd4f6d7014cf41aef0d","046a817c74083260ab13dd374be014ad6ea815fd5c237a52e4e08b39249a62df","0x8005E590","structural"
"0x8005cfc8",,,"1","1","88","2","7","1","0","0","0","direct_call","direct_call","39abdf171c01662ba21d94106f43b539136455337bc0f3fd40b5073a0528f07d","39abdf171c01662ba21d94106f43b539136455337bc0f3fd40b5073a0528f07d","c12188ad0c17387bc9055ed884f2b07680a37009dc9b7e016b65a43a478ba414","0x8005E63C","structural"
"0x8005d128",,,"1","1","33","2","3","1","0","0","0","direct_call","direct_call","d19aadbcd7c27b8b69ad9976d78a41f9b1493d839b051875ae7c551f8e144a6f","d19aadbcd7c27b8b69ad9976d78a41f9b1493d839b051875ae7c551f8e144a6f","8fde5c8f446cdc17347334726c82b62240642db33990175662d9484c9ee42ea9","0x8005E79C","structural"
"0x8005d1ac",,,"1","1","38","1","3","1","0","0","0","direct_call","direct_call","449edb4e9639192b2896086cf3c87623b0c85f375fa32f789ea947424986ed73","449edb4e9639192b2896086cf3c87623b0c85f375fa32f789ea947424986ed73","7a2b4e4332f008e8f6a3a7fe7e4aadddb5b383042c408ee977f17e07567ae2e5","0x8005E820","structural"
"0x8005d244",,,"1","1","301","5","17","1","0","0","0","direct_call","direct_call","e7a17bb96a590e3be931a71a4c498f2ae200f9c9705cca5f42addb027c591539","e7a17bb96a590e3be931a71a4c498f2ae200f9c9705cca5f42addb027c591539","5fcf2972cadcd2029a7103c4e92bd1ebd6288dc0779e2e7dfa399c6bdb99ef08","0x8005E8B8","structural"
"0x8005d6f8",,,"1","1","20","10","0","1","0","0","0","direct_call","direct_call","6ba12bfe5a47cf7ed2124477ccb1ea028381c5fedb4af05fcc46e5f104296a18","6ba12bfe5a47cf7ed2124477ccb1ea028381c5fedb4af05fcc46e5f104296a18","170bde06592d663575f1501c2c16c9608107edc5e664f23cb0255b2b04871915","0x8005ED6C","structural"
"0x8005d748",,,"1","1","471","0","9","1","0","0","0","prologue_only","prologue_only","16947deeab9180ba882b8ec5f91ceaafdcfe898f99416eb9e30aaef771e8ce5a","16947deeab9180ba882b8ec5f91ceaafdcfe898f99416eb9e30aaef771e8ce5a","fcd98c4255be6827b8e930f8c48fdbfe77da95ea72ddc79ccf8f9697851ad81e",,
"0x8005dea4",,,"1","1","163","0","5","1","0","0","0","prologue_only","prologue_only","4e4c8df849d3c1d4c504776d063d818e49ddb228419ecea832ecc15164e728f9","4e4c8df849d3c1d4c504776d063d818e49ddb228419ecea832ecc15164e728f9","70f7abfb35ae630831cc5b4e3aaa1e52d0f0b9f01d907353c0b6bb55b096d1d5","0x8005F518","structural"
"0x8005e130",,,"1","1","535","0","6","1","0","0","0","prologue_only","prologue_only","9d744ae69bc34c6e9c3427f81c198fe15df347d1be213468a784664fca14eea7","9d744ae69bc34c6e9c3427f81c198fe15df347d1be213468a784664fca14eea7","c131b36bb7a8d1db9aaddf70ece3957f47190457a8d928af6c29810bf1b45542","0x8005F7A4","structural"
"0x8005e994",,,"1","1","708","0","14","1","0","0","0","prologue_only","prologue_only","b7b313bab3ffa43f15ff6efdfb5ec3ac16a2fced5d892aee5e984959454eb61f","b7b313bab3ffa43f15ff6efdfb5ec3ac16a2fced5d892aee5e984959454eb61f","6cbca4d377d5665e71dae69dfeee9c9c5ffe5ac800730964918a93dc053cdb75","0x80060C70","structural"
"0x8005f4a4",,,"1","1","369","0","9","1","0","0","0","prologue_only","prologue_only","d84454cb9ee3609341456051dd1025a1cb59b1cabb59f57d736a8e202b197af5","d84454cb9ee3609341456051dd1025a1cb59b1cabb59f57d736a8e202b197af5","68e88f76a1ded2fc97897977c6f96943bfcd870b2bdc6b551109ffbe71b79e11","0x80061780","structural"
"0x8005fa70",,,"1","1","554","0","9","1","0","0","0","prologue_only","prologue_only","432be651520c098c4519c1a06704f4bb6f68168e6d4b94b87ddb030cd4735b06","432be651520c098c4519c1a06704f4bb6f68168e6d4b94b87ddb030cd4735b06","83c7888be3fe26bda6342c1e73e81fd3df0539409f12bee71353af5b257c9440",,
"0x80060318",,,"1","1","24","0","2","1","0","0","0","prologue_only","prologue_only","0656fc7535c66ada92b45eb25da154501103ee7bed45f6fac352aa1a82739a79","0656fc7535c66ada92b45eb25da154501103ee7bed45f6fac352aa1a82739a79","c535f6c7fbd84666d360e6c5cd3d9f8514c8373ae82ef5ffb3a841b8ddf5e8ae","0x80062660","structural"
"0x80060378",,,"1","1","24","0","2","1","0","0","0","prologue_only","prologue_only","9302bab09a847615304da0c975e91bd3361a8599c884fab2e146c87178da5b77","9302bab09a847615304da0c975e91bd3361a8599c884fab2e146c87178da5b77","c535f6c7fbd84666d360e6c5cd3d9f8514c8373ae82ef5ffb3a841b8ddf5e8ae","0x80062660","structural"
"0x800603d8",,,"1","1","240","0","3","1","0","0","0","prologue_only","prologue_only","0cdf0aab2ad2853e88c92f03aa4e1aa1e06223aac223940a8e2534e5e892df45","0cdf0aab2ad2853e88c92f03aa4e1aa1e06223aac223940a8e2534e5e892df45","74c36ec61dc6b944d8fca7ee5510e6ba4f04376074d05a47f0adb6c1a6c91ff1","0x80062740","structural"
"0x80060798",,,"1","1","132","0","3","1","0","0","0","prologue_only","prologue_only","7b7e4e0e773834634e1a0b0dbce9d50211e637e412227afee22ec962b392072e","7b7e4e0e773834634e1a0b0dbce9d50211e637e412227afee22ec962b392072e","63547f3e7e6b2f166c57d8434da10f0797400e79d5591ad3e2a25459bf05d262","0x80062B00","structural"
"0x800609a8",,,"1","1","65","34","1","1","1","1","0","direct_call+overlay","direct_call+overlay","55dce5afafa76c7f05b5e6551c8044a7004996d768dcbc7f3a46c627b6860e65","55dce5afafa76c7f05b5e6551c8044a7004996d768dcbc7f3a46c627b6860e65","c34a065dd489f163a64cc1a28debe63f2e3441b6b0e5f0f13fec75dfcc800a60","0x80062D10","structural"
"0x80060aac",,,"1","1","147","1","3","1","0","0","0","direct_call","direct_call","3816670c7464e37abe8fc6c5d4d57808b1d2c48087357d65afeb3eadb78af109","3816670c7464e37abe8fc6c5d4d57808b1d2c48087357d65afeb3eadb78af109","77b3347f419a3676912252cf1103a0c8ce123af5a690b3581cb2d43f4896c208","0x80062E14","structural"
"0x80060cf8",,,"1","1","36","1","2","1","0","0","0","direct_call","direct_call","f0eb836b4b2a5aca427025fe2f21797232a6d7468b10b3b493c5e42673c92e0b","f0eb836b4b2a5aca427025fe2f21797232a6d7468b10b3b493c5e42673c92e0b","f22159f92a1646785abac177c5d7515e38101aa96a93a40624437d4b5e84b7a7","0x80063060","structural"
"0x80060d88",,,"1","1","77","1","2","1","0","0","0","direct_call","direct_call","b51d2a83145ab784866a15b8b1b3fcb624a5b5500f39ebeded02522cae1ae2b4","b51d2a83145ab784866a15b8b1b3fcb624a5b5500f39ebeded02522cae1ae2b4","09307076c6f518ec6216b4ab9c7815520281553ecf4e5a6603dd5f87b10532c4","0x800630F0","structural"
"0x80060ebc",,,"1","1","289","1","8","1","0","0","0","direct_call","direct_call","7e76962949bf41fef44ef3cbdec0708a8a40a7fe0ccae1a850b2d637062dcd7e","7e76962949bf41fef44ef3cbdec0708a8a40a7fe0ccae1a850b2d637062dcd7e","fdb255d985fba78190895868d9be7c5974b1be7e0fd7ac7da7d6013dfb364e28","0x80063358","structural"
"0x80061340",,,"1","1","37","1","2","1","0","0","0","direct_call","direct_call","e4d39cff11bd4d347f4ab08d2f0aa13eb66e044eebace70b2c3b35e0fd8ff997","e4d39cff11bd4d347f4ab08d2f0aa13eb66e044eebace70b2c3b35e0fd8ff997","46b98b6af31281ef1d0fb1ad013d20d144b822f9e33fc865b76dbeaf0c03245f","0x800637DC","structural"
"0x800613d4",,,"1","1","36","11","3","1","0","0","0","direct_call","direct_call","66040f601dab5cea9de91c776820d164fd5043f54fed6a70a67ddc3e76d82474","66040f601dab5cea9de91c776820d164fd5043f54fed6a70a67ddc3e76d82474","fbe2f74f43c8861972bc7e6855ea3737852a3ece874acb3d91ed40288ce19357","0x80063870","structural"
"0x80061464",,,"1","1","139","8","8","1","0","0","0","direct_call","direct_call","81cee8f3ca014c2070823cbd0ad067c586a54a54d920aeec7b236a48e997a35b","81cee8f3ca014c2070823cbd0ad067c586a54a54d920aeec7b236a48e997a35b","b464d47ae1c8a2c3c358328e24bd2fa0644d6150a37ed5c043fb9395c7039e89","0x80063900","structural"
"0x80061690",,,"1","1","448","1","11","1","0","0","0","direct_call","direct_call","de18c8a7c15d257dcb7cb1bd77ad903a4447b426e2d2ee5dcb28fc1c2a7604e2","de18c8a7c15d257dcb7cb1bd77ad903a4447b426e2d2ee5dcb28fc1c2a7604e2","a2fb2b448c5907d1fc4a7cf38334fe5747cc760b8f7e11dd9db688114f7225bc",,
"0x80061d90",,,"1","1","231","2","8","1","0","0","0","direct_call","direct_call","ba81480af1f01697e42d75715e1c00d0020883d34c226dbf977fb328274156ef","ba81480af1f01697e42d75715e1c00d0020883d34c226dbf977fb328274156ef","3da31612fbb8f2c62b98f49685bf4687153f73c81097f71779f395fd8def6e09","0x80064230","structural"
"0x8006212c",,,"1","1","38","3","3","1","0","0","0","direct_call","direct_call","f7f1c3b099b3b27c4ef3cb37eeaecfad6dc9d6115089d2688f43427a23ea9b1b","f7f1c3b099b3b27c4ef3cb37eeaecfad6dc9d6115089d2688f43427a23ea9b1b","555397fde78ca0a0c7d3544f8cb5556b3a501f1c30c5df271b25843499379d3b","0x800645CC","structural"
"0x800621c4",,,"1","1","125","8","2","1","1","1","0","direct_call+overlay","direct_call+overlay","c4985ca3fa8d21403d26838cbf08d2d25562a9ca461e08b3bbcf227f0d0daca9","c4985ca3fa8d21403d26838cbf08d2d25562a9ca461e08b3bbcf227f0d0daca9","c28dfc5e158cf5b81073f4f963aca83afe27cc039c154d77779184160fc974b3","0x80064664","structural"
"0x800623b8",,,"1","1","69","5","1","1","1","1","0","direct_call+overlay","direct_call+overlay","2bed049160e26aa3df9eacc6fa7e043ba71f11c5661de4d4aa67ff744b123145","2bed049160e26aa3df9eacc6fa7e043ba71f11c5661de4d4aa67ff744b123145","a672a4c58f14e7edcf17de26a4c09cc06eeb07e7e935c26e3651967553679bbb","0x80064858","structural"
"0x800624cc",,,"1","1","120","6","2","1","1","1","0","direct_call+overlay","direct_call+overlay","8727f755eddbec2dcda1d6c5c5e00d4fab7f865a65be8c004efd17bd6d9294b7","8727f755eddbec2dcda1d6c5c5e00d4fab7f865a65be8c004efd17bd6d9294b7","d7f100f82d239504da1c4cb13c44ad1d209364832b44cab48a16d993225fb73d","0x8006496C","structural"
"0x800626ac",,,"1","1","120","7","2","1","1","1","0","direct_call+overlay","direct_call+overlay","69bfddefb6d08a16ceca782e0d7b60ce52781f882f49a77fd941b134b3156f27","69bfddefb6d08a16ceca782e0d7b60ce52781f882f49a77fd941b134b3156f27","f87dbfdd0bb4a6a0084f628fd9c98afef0ddf63ed2d99d641a80a561c8513bad","0x80064B4C","structural"
"0x8006288c",,,"1","1","349","1","3","1","0","0","0","direct_call","direct_call","1d83f9b0ab9f4a44ae3df211b9685b201dc9e8fdfcd0aff88496897a78a04826","1d83f9b0ab9f4a44ae3df211b9685b201dc9e8fdfcd0aff88496897a78a04826","3b58dcd307235dcf6314218f46838f520a7b4093603351d37df4405853cc4f69","0x80064D2C","structural"
"0x80062e00",,,"1","1","125","1","6","1","0","0","0","direct_call","direct_call","f3d93a97a06bca02f33fd1e8c4e554c63cc11253822379ecda3eae968fad31ef","f3d93a97a06bca02f33fd1e8c4e554c63cc11253822379ecda3eae968fad31ef","3ed42120d96005ec6a3a4f37cec9e5fc75a0dd255b4bc8551aaf949215c91c27","0x800652A0","structural"
"0x80062ff4","InventoryOwnedItem_Count","confirmed","1","1","20","4","0","1","1","1","0","direct_call+overlay","direct_call+overlay","702f395fa417fb68171ad563011c8c7677869f5616958595e2bd509dab82ec35","702f395fa417fb68171ad563011c8c7677869f5616958595e2bd509dab82ec35","bdadca0b91ac6413c2dc9971168ed9e98d8be4f76973a95f885a57f07e32d3d0","0x80065494","exact"
"0x80063044","InventoryItem_Acquire","confirmed","1","1","49","5","3","1","0","0","0","direct_call","direct_call","a0aced378bceb0409473c5f96377f21527cf5f7bb4d29c9d98dcb466178898f5","a0aced378bceb0409473c5f96377f21527cf5f7bb4d29c9d98dcb466178898f5","8c8e00633010f4304fd833afa96bbe9eb1d01e51cfde69aba6d5a894a6a9ca7c","0x800654E4","structural"
"0x80063108","InventoryItem_Remove","confirmed","1","1","50","4","2","1","0","0","0","direct_call","direct_call","394b4375f7d8d3f76c69265ac7cabf9cb6066fa8a4ea83b1d2276cbacc4b5b34","394b4375f7d8d3f76c69265ac7cabf9cb6066fa8a4ea83b1d2276cbacc4b5b34","136e3b964b999739735ed87624b69856d3868076eb33ebb5e47992fdeea36450","0x800655A8","structural"
"0x800631d0","InventoryItem_Replace","confirmed","1","1","36","1","3","1","0","0","0","direct_call","direct_call","531593cbac5ef40963a925f44f8112c7535247ca60a074f1c68f69ef13fe8183","531593cbac5ef40963a925f44f8112c7535247ca60a074f1c68f69ef13fe8183","0a11ba817fda866b9ae7dfd7f97665f9300f92e782d4189b06ae365b75e22cef","0x80065670","structural"
"0x80063260",,,"1","1","33","0","1","1","0","0","0","prologue_only","prologue_only","dc0428d5342e02fae6cda508a23655fac601723c1461ed04b1556e2726fe050a","dc0428d5342e02fae6cda508a23655fac601723c1461ed04b1556e2726fe050a","31db82c3442da461dc184459cd12813af6c6fd46bba46f763de374563c0d099a",,
"0x800632e4","InventoryItem_AtCapacity","confirmed","1","1","37","2","0","1","0","0","0","direct_call","direct_call","1c5f899418a9e578bb6ef55f0dd068750456ca65f91a435dac5666506a855ce9","1c5f899418a9e578bb6ef55f0dd068750456ca65f91a435dac5666506a855ce9","fd14648be4493158d435467834c0748057bdaf03ee894bc263e93620aad434f4","0x80065700","structural"
"0x80063378","InventoryQuantity_AddClamped","confirmed","1","1","90","3","2","1","0","0","0","direct_call","direct_call","416e6f68294b2f49c4849b440f1f0177a8308c2d3aa38767631f135bf36516f7","416e6f68294b2f49c4849b440f1f0177a8308c2d3aa38767631f135bf36516f7","86528576e220de2446d40b621f042cc09b19f38620e1224a260dad05ea04c9e4","0x80065794","structural"
"0x800634e0","InventoryQuantity_AssignClamped","confirmed","1","1","13","0","1","1","0","0","0","prologue_only","prologue_only","6138ba62f88ac7dd4f25d127086025fcf7b482726f1158cf41ff642db4b0d759","6138ba62f88ac7dd4f25d127086025fcf7b482726f1158cf41ff642db4b0d759","2a76a50f7d45dcaee10658b5fb69d497833e768c9f8660ddb3f8e85ee1907fc9","0x800658FC","structural"
"0x80063514",,,"1","1","20","5","0","1","0","0","0","direct_call","direct_call","93d36733caf6aa25fdf77e20675729dc0c061df7c62e87c0e08fab4d81dea065","93d36733caf6aa25fdf77e20675729dc0c061df7c62e87c0e08fab4d81dea065","3dc469ecbfc4756f6bcf643c11540270590b2c893540a37e878dad7c67572435","0x80065930","structural"
"0x80063564",,,"1","1","123","5","1","1","1","0","0","direct_call+overlay","direct_call","287478cbd231df2d1f041f96d5052a17969036082b474a011fa18ca7f0cd23e4","287478cbd231df2d1f041f96d5052a17969036082b474a011fa18ca7f0cd23e4","ef7c7efa34195edfc41c53efada942af698ef5186b328159777e0eb1b6cf6698","0x80065980","structural"
"0x80063750",,,"1","1","8","1","0","1","1","1","0","direct_call+overlay","direct_call+overlay","0fc767d0dbf661718bd6c4a3eac030028dcc5acaa6d04f9ac1a5ea976dda7c2f","0fc767d0dbf661718bd6c4a3eac030028dcc5acaa6d04f9ac1a5ea976dda7c2f","75ffbc0e9662585af75884d672c83e93aa49e5b3e81e3db2ca85d45cd4180472","0x80065B6C","structural"
"0x80063770",,,"1","1","42","2","0","1","0","0","0","direct_call","direct_call","eedb0a65dbe0853d3dadf8c3bcb7787a190538188d2f20ef6c8a6bed880b1987","eedb0a65dbe0853d3dadf8c3bcb7787a190538188d2f20ef6c8a6bed880b1987","634fda5f2241d232dac027efd70f2085a03e49ad677e635760429830531018ab","0x80065B8C","structural"
"0x80063818",,,"1","1","58","4","1","1","1","1","0","direct_call+overlay","direct_call+overlay","c900a64c0730ee055f1dd681c7b091dcfd0f51162bdb0d95fce28734ddcdd9b7","c900a64c0730ee055f1dd681c7b091dcfd0f51162bdb0d95fce28734ddcdd9b7","46df009876d9ff6981b6cf222b9fe0ea340563725e9d5f024e0f71719feadbf5","0x80065C34","structural"
"0x80063900",,,"1","1","61","2","0","1","0","0","0","direct_call","direct_call","fe702b2fb4a764984b813085a23b0f87862fac3e8622e021a382695a2c1e0669","fe702b2fb4a764984b813085a23b0f87862fac3e8622e021a382695a2c1e0669","a733b7888b9d5cb41a8edb8f97d4c478d12ed5149892853d09314ddfb3b44ec7","0x80065D1C","structural"
"0x800639f4","PlayerHeldModel_Resolve","strong","1","1","151","6","4","1","0","0","0","direct_call","direct_call","a3f7d2ff05a9f51ca9fee36fc4762b96643547929d3170ce773655ec08d1d791","a3f7d2ff05a9f51ca9fee36fc4762b96643547929d3170ce773655ec08d1d791","30b57bdbf619d7bf319f18427efbd67a95186a471e2386605461a4a27ec0bfee","0x80065E10","structural"
"0x80063c50",,,"1","1","93","13","6","1","1","1","0","direct_call+overlay","direct_call+overlay","2f899f8b1d01cd524415c740494962436158b46407a61a2e91c24baa552b1cd6","2f899f8b1d01cd524415c740494962436158b46407a61a2e91c24baa552b1cd6","51e7906f7e055f8678f99990f3ab43d645e12dc72c6d32a167fa72fa4e6a5cfd",,
"0x80063dc4","ActorDroppedItem_Detach","provisional","1","1","332","6","5","1","0","0","0","direct_call","direct_call","1719aeb524fb3448e97446450d511082530b400fca085c0d1eca28ed16e0ae4d","1719aeb524fb3448e97446450d511082530b400fca085c0d1eca28ed16e0ae4d","889cda6c11e97a5bcafec732895e9dd06fa3e8432c74bca55278d7c2b94b9be1","0x80066208","structural"
"0x800642f4","InventoryReload_Transfer","confirmed","1","1","41","5","1","1","0","0","0","direct_call","direct_call","b5141080c3866896af5450e09c8a367c6a0971bd581c1d1c0746b81bc01b732b","b5141080c3866896af5450e09c8a367c6a0971bd581c1d1c0746b81bc01b732b","f264cfb61dfb31fd628d86f49f573f61b9d7d79debb114ed3adac72b8cee9b0c","0x80066738","structural"
"0x80064398","ReloadSound_Dispatch","confirmed","1","1","51","2","1","1","0","0","0","direct_call","direct_call","1ef189382207932a836735d82ee73fc63d0bcdb194a3e57c1f4b5e8ca740d751","1ef189382207932a836735d82ee73fc63d0bcdb194a3e57c1f4b5e8ca740d751","1ce73bbc35ee25952129106928af13c391f7eba920e6b27513df21a483ed4d4c","0x800667DC","structural"
"0x80064464",,,"1","1","18","3","1","1","0","0","0","direct_call","direct_call","ea459264247388cdca74cc21a7e3e49b36f5b72dc5a11ac8e9a73153093e5add","ea459264247388cdca74cc21a7e3e49b36f5b72dc5a11ac8e9a73153093e5add","112e91d8cfbb73a125c5ef7e03c890b6c0fedfaa4835e562525fc62d38aa9323","0x800668A8","structural"
"0x800644ac",,,"1","1","324","4","9","1","0","0","0","direct_call","direct_call","78b6f8f672a519bba914d6e7f59d7fa5dde23390715a88f3f9dcf741442c6772","78b6f8f672a519bba914d6e7f59d7fa5dde23390715a88f3f9dcf741442c6772","e6f4f9a96983e15a3202f2a9f4f65464b27f32cd06e9348982ecaf7a3f25a222",,
"0x800649bc","InventoryQuantity_ReadPair","confirmed","1","1","35","2","0","1","0","0","0","direct_call","direct_call","c7912e04c968acfede03e6402b08adf486dd97bc94f2ce826e1dfae703a7092a","c7912e04c968acfede03e6402b08adf486dd97bc94f2ce826e1dfae703a7092a","337ade52ac5d43563d9cb853a94d6505b0ca2b8712d677e86d2f6f0e09b48116","0x80066DA0","structural"
"0x80064a48","InventoryQuantity_Total","confirmed","1","1","11","1","1","1","0","0","0","direct_call","direct_call","4db64af7a455bf4cf5a42afbc7282bac3d419ea005781bda40a497ab1f1dc4e9","4db64af7a455bf4cf5a42afbc7282bac3d419ea005781bda40a497ab1f1dc4e9","fde91409b1062ca7911ec7d1dbab87dd01fa821efbc62f06faea31f02c1aac7e","0x80066E2C","structural"
"0x80064a74",,,"1","1","923","12","24","1","0","0","0","direct_call","direct_call","e6453c2c466c97c9fa7e5391512cfb341ea9a37da1924171ab3fb7857ff4761f","e6453c2c466c97c9fa7e5391512cfb341ea9a37da1924171ab3fb7857ff4761f","54fab379438857fd757cb88cf298f71849efa9441b3636112cf8b477f72660e2",,
"0x800658e0",,,"1","1","79","1","1","1","0","0","0","direct_call","direct_call","9cbb6ddc1363ce500679e34e7afe53db3701089a11fac616a44db369c8f31fda","9cbb6ddc1363ce500679e34e7afe53db3701089a11fac616a44db369c8f31fda","69b791813789588985e667b170330dcf4a2b8c48d3a7a1e7884365147ad27834","0x80067D34","structural"
"0x80065a1c",,,"1","1","130","1","3","1","0","0","0","direct_call","direct_call","805267933bb31c083e5f9ccc1525bcfddf7ea9da16ceab68c5b65fd448d3d141","805267933bb31c083e5f9ccc1525bcfddf7ea9da16ceab68c5b65fd448d3d141","c8a9f4b9d7dabc43544a766dbbae7d69be138c325524daadf183c6a66d33333a","0x80067E70","structural"
"0x80065c24",,,"1","1","75","1","0","1","1","1","0","direct_call+overlay","direct_call+overlay","3543ee21b18fad6a52ed55b7fd85c8982bb3a820ed3fccaabb22631b99d1471e","3543ee21b18fad6a52ed55b7fd85c8982bb3a820ed3fccaabb22631b99d1471e","257271b5499e76d21cb02e55a004dd240aeb97c3d2f3e2d2ac7dce5d6f0d781f","0x80068078","structural"
"0x80065d50",,,"1","1","15","4","0","1","0","0","0","direct_call","direct_call","89f9e569c38c51b0364827b5f46c4e846d4f6b0596a6103c6058ea597d66578c","89f9e569c38c51b0364827b5f46c4e846d4f6b0596a6103c6058ea597d66578c","4799da94919b7f5be0ed4cbbe9d08f9c0f4062cbe341544be18050deb5906855",,
"0x80065d8c",,,"1","1","15","1","0","1","1","1","0","direct_call+overlay","direct_call+overlay","42c4de98afeeb4d8aa9ceab45a1ba0ea6155b9b68a7d91c3e2d7f79208d72a33","42c4de98afeeb4d8aa9ceab45a1ba0ea6155b9b68a7d91c3e2d7f79208d72a33","4799da94919b7f5be0ed4cbbe9d08f9c0f4062cbe341544be18050deb5906855",,
"0x80065dc8",,,"1","1","53","1","1","1","0","0","0","direct_call","direct_call","26361c19901f945bd113d4f76304089ce95960849ce006021851191282d67195","26361c19901f945bd113d4f76304089ce95960849ce006021851191282d67195","c366b50ef01b9ee80ad32dbcfbb6c263d93455080eee925dc1f34c82b450f914","0x8006821C","exact"
"0x80065e9c",,,"1","1","48","1","3","1","0","0","0","direct_call","direct_call","e7805f58a9bfe3831d36efa5bc9fa72e72e0322ede8ab9e42dca5a0bcf0a85a2","e7805f58a9bfe3831d36efa5bc9fa72e72e0322ede8ab9e42dca5a0bcf0a85a2","97e0127ce4c8d427627c7b87c917ed224f8cfcd9031ee1d2e423951f8c74d49f","0x800682F0","structural"
"0x80065f5c",,,"1","1","13","9","1","1","0","0","0","direct_call","direct_call","4cf17d928691442fefb0fac6cd94a2f7a40a06bcb4e3a6054a617bf5bec7b5f2","4cf17d928691442fefb0fac6cd94a2f7a40a06bcb4e3a6054a617bf5bec7b5f2","3d022ef290228864126a458b1674c578680ef6047e60c2ee1d46caea8ec8b107","0x800683B0","structural"
"0x80065f90",,,"1","1","35","1","0","1","1","1","0","direct_call+overlay","direct_call+overlay","bda0367eb69879464d1efccc3828a8fed8f1664d41193e3f0fa4cf1753b768f8","bda0367eb69879464d1efccc3828a8fed8f1664d41193e3f0fa4cf1753b768f8","2023c501894a06d2fdfdabbecb868326bd070c95419b2934efe98e23b56459c6","0x800683E4","structural"
"0x8006601c",,,"1","1","7","1","0","1","0","0","0","direct_call","direct_call","b2181308b857d16a81171815a49fee74446252d92730f2bff7f5930bf7c58e1a","b2181308b857d16a81171815a49fee74446252d92730f2bff7f5930bf7c58e1a","f74f76d145f88fe5b76425fb988d248ea4708c9704a25ad82640908c19ce9050","0x80068470","exact"
"0x80066038",,,"1","1","142","0","2","1","0","0","0","prologue_only","prologue_only","9f6f6081c5e4e43928d203ba06c38ec1a1916c081b32991c2bea4aaad7e503fb","9f6f6081c5e4e43928d203ba06c38ec1a1916c081b32991c2bea4aaad7e503fb","17274d2b2b3ec463f0c9a5636474cfb448138afa0b30ba8d8ff11425814fb759","0x8006848C","structural"
"0x80066270",,,"1","1","36","0","0","1","1","1","0","overlay","overlay","4a82e0cf80c05c4f5da8acfcd8fe502801ba152e60853dd98454ad7e8258f520","4a82e0cf80c05c4f5da8acfcd8fe502801ba152e60853dd98454ad7e8258f520","659811d5e7d6dcff1812ad5243bfb19574680a5d66908582726042ffa2b3d826","0x800686C4","exact"
"0x80066300",,,"1","1","72","1","0","1","0","0","0","direct_call","direct_call","7102295dbba9b89c2e8a73cdbfcbde7f0c2f88eb0195f1ed1fa9ce03ef6082d1","7102295dbba9b89c2e8a73cdbfcbde7f0c2f88eb0195f1ed1fa9ce03ef6082d1","b6637ea804408c506167e868b85805b4a831b96273345922503090287a357303","0x80068754","exact"
"0x80066420",,,"1","1","39","8","0","1","1","1","0","direct_call+overlay","direct_call+overlay","fe9469edf2d1b8bbdcd572363ba1d15f7aed5bd121e9106f1972928707ebf36e","fe9469edf2d1b8bbdcd572363ba1d15f7aed5bd121e9106f1972928707ebf36e","4fabc5d7f16ce9b73147e6009940e04e1b2e0f649bcb20ebf989569ac2eaca77","0x80068874","exact"
"0x800664bc",,,"1","1","51","6","0","1","0","0","0","direct_call","direct_call","177c0e99bd7f8a07e265809f31bc8b4db45c91e37a9b61a228e88d57b9817440","177c0e99bd7f8a07e265809f31bc8b4db45c91e37a9b61a228e88d57b9817440","a72276adeb97ba8b8aba8d6958a168bd1535af8323db63c235b986d0ed89aebb","0x80068910","exact"
"0x80066588",,,"1","1","34","5","0","1","0","0","0","direct_call","direct_call","9430a60cbcbe22c72c11e46a5e5682f35402d14545f9d2565ef12d5f05c6d58d","9430a60cbcbe22c72c11e46a5e5682f35402d14545f9d2565ef12d5f05c6d58d","4ec544ba2486c0d7e9a8226a3a37e88dde29d4cef27b61c832bfef191f911055","0x800689DC","exact"
"0x80066610",,,"1","1","188","1","15","1","0","0","0","direct_call","direct_call","2230094b7d864f11de8b5c7271016ee7b2eecc090fc683ef305e97aa883c89ff","2230094b7d864f11de8b5c7271016ee7b2eecc090fc683ef305e97aa883c89ff","81d48c6df5156411ca8ec9bf29dc1861592c829bd49ac063389becf2a8d12690","0x80068A64","structural"
"0x80066900",,,"1","1","9","2","1","1","1","1","0","direct_call+overlay","direct_call+overlay","58069ab0c343731480d172fb7bc110fe87f1bf9653cea4cbc4ee620844ba711c","58069ab0c343731480d172fb7bc110fe87f1bf9653cea4cbc4ee620844ba711c","e82fdd8bd2004a53e9c2758610d10a3dc44e94fd5dc62091a3b33e2c997f42c6","0x80068D54","structural"
"0x80066924",,,"1","1","114","10","10","1","1","1","0","direct_call+overlay","direct_call+overlay","de5e1957019ffe3a085316abe3431909e22b9770cc871bbcbe7d341841f0f1a7","de5e1957019ffe3a085316abe3431909e22b9770cc871bbcbe7d341841f0f1a7","0b697563d7b17435d4ceb444f54ca4422c91fa8de6db86ccf5010053458726cd","0x80068D78","structural"
"0x80066aec",,,"1","1","11","1","0","1","0","0","0","direct_call","direct_call","f80a196c71cabd9ec9619d8fbcfd8a0f815cd9acf4947323762a16465abe888a","f80a196c71cabd9ec9619d8fbcfd8a0f815cd9acf4947323762a16465abe888a","1617c8331b5d0c2150b50532d732892ab7183aaab679bdd650b95f7d852bec2e","0x80068F40","exact"
"0x80066b18",,,"1","1","11","1","1","1","1","1","0","direct_call+overlay","direct_call+overlay","663d4004c1c6b2aa1d3410b6728654921836abdd7b64666a8a0335bfdc6e1fef","663d4004c1c6b2aa1d3410b6728654921836abdd7b64666a8a0335bfdc6e1fef","662cbfe23096cb6aeb67df9919c78b5434636a8a30ddc713e5c97c889aaf7c3e","0x80068F6C","structural"
"0x80066b44",,,"1","1","4","1","0","1","0","0","0","direct_call","direct_call","b7be82424bb3081d49b35a76e1b5dea2be1b1c8944dc16ec65a1648df437343e","b7be82424bb3081d49b35a76e1b5dea2be1b1c8944dc16ec65a1648df437343e","9951a375135b097a695f21d61ab633020f8d0c75b46d841541330a6d16e015fe","0x80068F98","structural"
"0x80066b54","RenderViewQueue_Add","confirmed","1","1","35","6","0","1","1","1","0","direct_call+overlay","direct_call+overlay","9cd4f7d8083ea49401ea6a3d5d75083be16bac7d1d7ccae9f6885be25c88d568","9cd4f7d8083ea49401ea6a3d5d75083be16bac7d1d7ccae9f6885be25c88d568","b9a0e94020989e1e8fd7e24eef8f2f375bfc4b972df811382a89aa6230a803ec","0x80068FA8","structural"
"0x80066be0","RenderViewQueue_Remove","confirmed","1","1","44","7","0","1","1","1","0","direct_call+overlay","direct_call+overlay","a7f55cc9bd7e9b37dfb7582f84d8fe3fb0f3744808664b5c6ed2776a37e12587","a7f55cc9bd7e9b37dfb7582f84d8fe3fb0f3744808664b5c6ed2776a37e12587","12450dac971ad0995ad17204294076962fe699d6c0dfbb05f350e4d6c82a0a28","0x80069034","structural"
"0x80066c90",,,"1","1","17","1","0","1","0","0","0","direct_call","direct_call","d52f48a0ca2f288cea174cafd4a094208c805067e20fe1ae64b2f074c510da4e","d52f48a0ca2f288cea174cafd4a094208c805067e20fe1ae64b2f074c510da4e","be4751f0b26ada462fbdda174229eab8104f027d9c9594b820f620a7b2c17ff8","0x800690E4","structural"
"0x80066cd4",,,"1","1","153","2","1","1","0","0","0","direct_call","direct_call","ff4f0c3cb53c4ddc777d4c2caf1194419caef607042fd7b1a21c40405c4bbe2b","ff4f0c3cb53c4ddc777d4c2caf1194419caef607042fd7b1a21c40405c4bbe2b","4078fc45f1c1398796ab4bbb44063cbbf20cd1491a4dd018557489315e4d3d99",,
"0x80066f38",,,"1","1","122","2","3","1","0","0","0","direct_call","direct_call","b92e04ea0e065c1d603cdcae1918c968266f0c5b747033b4ef03ff039d5d2a43","b92e04ea0e065c1d603cdcae1918c968266f0c5b747033b4ef03ff039d5d2a43","155106a5fc7cfb90aae288a5c4baf9c6c424fb8ff8264552557106c872b7b9a7","0x80069398","structural"
"0x80067120",,,"1","1","22","1","2","1","0","0","0","direct_call","direct_call","ba267d7d20d67ab990a447fa5360373876eff5eae8daa85351e93b3a55c5f98f","ba267d7d20d67ab990a447fa5360373876eff5eae8daa85351e93b3a55c5f98f","972acada79b5554226a13b3dc7efe14f4cefa3b4d8a2fb15f9e458e19df54958","0x80069580","structural"
"0x80067178",,,"1","1","115","2","3","1","0","0","0","direct_call","direct_call","0ac4b6ae16f6f5d479c2e34d0906290d88a7ed1ac0b766bff0ac75ccd0cb8c54","0ac4b6ae16f6f5d479c2e34d0906290d88a7ed1ac0b766bff0ac75ccd0cb8c54","2b42aac4e30017b3e4c6d4cadaa67e5f6e85724167176f380c84ac85c9b14daf","0x800695D8","structural"
"0x80067344",,,"1","1","8","4","1","1","0","0","0","direct_call","direct_call","23e7b9fe182b92e3ca3bd3911833d84dbf0f8a84c3e6f899e4e70245d7401959","23e7b9fe182b92e3ca3bd3911833d84dbf0f8a84c3e6f899e4e70245d7401959","9cf1e4d3a8c6aa33b5366ecad1a4135523257fca6e23275e7a6424708a2315ac",,
"0x80067364",,,"1","1","14","1","1","1","0","0","0","direct_call","direct_call","911faa5da3a3d06a1b6f76c3f91c8f42c2e389f529a5fddc575d168287b3f0b8","911faa5da3a3d06a1b6f76c3f91c8f42c2e389f529a5fddc575d168287b3f0b8","1d06870f150283d1f3c8ad95be843ed0d36d01f8f9aa32b3ca4fab33a14de957","0x800697C4","structural"
"0x8006739c",,,"1","1","133","1","2","1","0","0","0","direct_call","direct_call","7ec5240e3af1a07c94934e8469e53707ffea0ebd1ed20e8a8ec9554fdfffabc5","7ec5240e3af1a07c94934e8469e53707ffea0ebd1ed20e8a8ec9554fdfffabc5","98e40f6ad1c341eb9aa1037802e7863407c37fd4102942bc3af6bf23d32ae25c","0x800697FC","structural"
"0x800675b0",,,"1","1","160","1","3","1","0","0","0","direct_call","direct_call","274b161dff2717513d1e9e9d45dbf25c6c3c2829dd4dee2bf955f4a625d15a47","274b161dff2717513d1e9e9d45dbf25c6c3c2829dd4dee2bf955f4a625d15a47","092465d4b83d3dd42b301736d9593d53adada72b0017b0eb90c6b9ab1bf15bfc","0x80069A10","structural"
"0x80067830",,,"1","1","625","6","12","1","0","0","0","direct_call","direct_call","639638644b4dd393cf858bcaf67043003da7ed1146a5f9c46c6cd49e0e636a0d","639638644b4dd393cf858bcaf67043003da7ed1146a5f9c46c6cd49e0e636a0d","01a08983701c3a5712f0368d7aa5203af11782a995ec0c4892f2d0382df8138a","0x80069C90","structural"
"0x800681f4",,,"1","1","39","7","2","1","0","0","0","direct_call","direct_call","980a4c01a02f8ebf3f37c5d603a87236c6f4d233dc141263fe88bd500f9fab68","980a4c01a02f8ebf3f37c5d603a87236c6f4d233dc141263fe88bd500f9fab68","e5a12f25db20dede8092a0ae7c432c403c6e34e541be0f272a4b1e1dcf44b40f","0x8006A654","structural"
"0x80068290",,,"1","1","167","1","0","1","0","0","0","direct_call","direct_call","83b2ee1ecace8384aab3f3051a88ac5a4cf015de341638166ca7c7922d2e6dd8","83b2ee1ecace8384aab3f3051a88ac5a4cf015de341638166ca7c7922d2e6dd8","595cc56f78264869c3c27394cdba5796ebaac98ac7a183eb2c1d3a2b23ff5fd8","0x8006A6F0","structural"
"0x8006852c",,,"1","1","33","1","0","1","0","0","0","direct_call","direct_call","3543f93ff7ec73912b5767653e247e79e0da24cdc82e8bb75de08ce93a8532a1","3543f93ff7ec73912b5767653e247e79e0da24cdc82e8bb75de08ce93a8532a1","565d91172eab5bb2cd4910eef4042cc4573c83a0513b4ab2ef2ea96631e51885","0x8006A98C","exact"
"0x800685b0",,,"1","1","26","6","0","1","0","0","0","direct_call","direct_call","e8606c6e232c0c536f89103d7cff9a86b5393bfeeb1287d2a07988365035756d","e8606c6e232c0c536f89103d7cff9a86b5393bfeeb1287d2a07988365035756d","c8546cdb301cd9519112fbddd283e0be3661ab91d569c6464ac82c2e2e11141f",,
"0x80068618",,,"1","1","61","2","7","1","0","0","0","direct_call","direct_call","eb1299591621e235a5824d26367e649c966cb505a158b14e1502a76b46765ec2","eb1299591621e235a5824d26367e649c966cb505a158b14e1502a76b46765ec2","0a0af4731128b7750e2317c943fe03ebcf8246bc8f8150a55869c97a40b5a59a","0x8006AA88","structural"
"0x8006870c",,,"1","1","120","4","12","1","0","0","0","direct_call","direct_call","5929b8cb60df1dee815424647d9757a4b097f02e380caae0eae616579b641bf2","5929b8cb60df1dee815424647d9757a4b097f02e380caae0eae616579b641bf2","64cc402d332cec05833c4a3dcd89bba33f95d5de62f5413ea1d4d658806d74b5","0x8006AB7C","structural"
"0x800688ec",,,"1","1","21","1","1","1","0","0","0","direct_call","direct_call","bef7a1d30395ca0299bc1358ee1f6ad58c0603625d4be0e17046d4ca316fb505","bef7a1d30395ca0299bc1358ee1f6ad58c0603625d4be0e17046d4ca316fb505","824ea7a1b07b1e3584636d65669ef1775477e5cd69c3917dc925715fcd8f5c33","0x8006AD5C","structural"
"0x80068940",,,"1","1","21","1","1","1","0","0","0","direct_call","direct_call","440c1be75bc824d5e1f83de565aa9ea6eb365742f66e2352af3052f3ce88e2fd","440c1be75bc824d5e1f83de565aa9ea6eb365742f66e2352af3052f3ce88e2fd","4cfcdc45b5bf364decf82f60d63a3a7e6797c93d4e29eed0c3ebd876526b3e20",,
"0x80068994",,,"1","1","20","1","1","1","0","0","0","direct_call","direct_call","f4ce80ad51e8319cac9225d98f2df2279401a14545b1f8377e0b5dc1e560773e","f4ce80ad51e8319cac9225d98f2df2279401a14545b1f8377e0b5dc1e560773e","6cdd2a67dbcb2df95c2f36ba8ebfb30e7b3cf19afa4d39cd6546b55bccc57b44",,
"0x800689e4",,,"1","1","3","1","0","0","0","0","0","direct_call","direct_call","61560728fde3290477a913cda0b8f43c57c8fca7bf66b47dd1440245263d8480","61560728fde3290477a913cda0b8f43c57c8fca7bf66b47dd1440245263d8480","60aa2457b7328ac40e2a0c55023404c2b05fe207d00b014e3f59bb8eb5bb93e4","0x8006AE54","structural"
"0x800689f0",,,"1","1","146","0","0","1","0","0","0","prologue_only","prologue_only","5b6006793477976cc0ac25b8c563aace9655b6986aa7a4f39da77511b4d88496","5b6006793477976cc0ac25b8c563aace9655b6986aa7a4f39da77511b4d88496","ca5a32cf1c3dbbe37a7fea789553ce5ea329ed9771b3d3adbb67228b425157b0","0x8006AE60","structural"
"0x80068c38",,,"1","1","55","1","2","1","0","0","0","direct_call","direct_call","d0eb1c98dafafc43c62c0b9097bef96b89e9231383ca03ccecd76bbf826673b7","d0eb1c98dafafc43c62c0b9097bef96b89e9231383ca03ccecd76bbf826673b7","7147025dba5dcddeccec3043102ec732690ba5ade4a96d732e4731877b520aaa","0x8006B0A8","structural"
"0x80068d14",,,"1","1","18","1","1","1","0","0","0","direct_call","direct_call","bf193b0151f17f03a2b1514a7545e7737874d02441f004b7163ddf6419426ca6","bf193b0151f17f03a2b1514a7545e7737874d02441f004b7163ddf6419426ca6","90503e29212eaae73f2d699c920951ccacb44f058d5d1ca00f30db61a97aa5ae",,
"0x80068d5c",,,"1","1","18","1","1","1","0","0","0","direct_call","direct_call","59d406cbf75d556d88ec72ebe2064f203dc094520001f6caab9bb6750991223d","59d406cbf75d556d88ec72ebe2064f203dc094520001f6caab9bb6750991223d","f4a8a50686b2ebd167e5dac05cadb5c2ae552f522fbacf625793855a893fc9ab","0x8006B1CC","structural"
"0x80068da4",,,"1","1","23","1","1","1","0","0","0","direct_call","direct_call","314ec621860a8ecf6100027aef4579faace3e1259d7a885bb56c5d1a37e7f8d5","314ec621860a8ecf6100027aef4579faace3e1259d7a885bb56c5d1a37e7f8d5","3a0fe1b9f5bbd97251ff2b70c2015c2de012d94c759f49a66ddec0c00df6bdf6","0x8006B214","structural"
"0x80068e00",,,"1","1","25","1","1","1","0","0","0","direct_call","direct_call","548c1373d56f1128b33cd71ca557ef27a76689df92d1b3ae76e2cfc75842889f","548c1373d56f1128b33cd71ca557ef27a76689df92d1b3ae76e2cfc75842889f","f9bc003ee6732e1db29054def38051928d48e8e5d06078ac36154f5d57fa4cd6","0x8006B270","structural"
"0x80068e64",,,"1","1","21","1","1","1","0","0","0","direct_call","direct_call","e5f084f5f74d33ae8e8f24d5dd8d88e7d3107bac2e29f42856dcaaf250e3a587","e5f084f5f74d33ae8e8f24d5dd8d88e7d3107bac2e29f42856dcaaf250e3a587","4cfcdc45b5bf364decf82f60d63a3a7e6797c93d4e29eed0c3ebd876526b3e20",,
"0x80068eb8",,,"1","1","28","1","1","1","0","0","0","direct_call","direct_call","737547f8ab028b4ff5769f357022f89ba2b43428bfc6470c3df20f70c472ca87","737547f8ab028b4ff5769f357022f89ba2b43428bfc6470c3df20f70c472ca87","006b78ceab3ffdbba59e762526e696dd93bdf2582bcd347857eec625401afa28","0x8006B328","structural"
"0x80068f28",,,"1","1","54","1","3","1","0","0","0","direct_call","direct_call","8aa6e7e2b716415a0bfbbd98c87b7a28222602b2c1f63808b36b82446a70bf19","8aa6e7e2b716415a0bfbbd98c87b7a28222602b2c1f63808b36b82446a70bf19","e6060b708c1e8b37d941766a166d697eb75c0b28e28e649dda0837f53aae02da","0x8006B398","structural"
"0x80069000",,,"1","1","21","1","1","1","0","0","0","direct_call","direct_call","44c5a64a60b23484e30493abd4d7a11181d5b3be2af2151e61dd95315bf5406a","44c5a64a60b23484e30493abd4d7a11181d5b3be2af2151e61dd95315bf5406a","b1c9cb5cf68fa4aa3f73bb056a4d6df432b5567c63a409555a4c68b1d30480bc","0x8006B470","structural"
"0x80069054",,,"1","1","75","1","1","1","0","0","0","direct_call","direct_call","16af05211ac0f6d6e96457976f90caca7d98411597afb151f68d4fac9bf52d2d","16af05211ac0f6d6e96457976f90caca7d98411597afb151f68d4fac9bf52d2d","59e096b2c4ad1f72890e0b6cc0f19012e449c9fecb352e0ce6e033180b62763b","0x8006B4C4","structural"
"0x80069180",,,"1","1","31","1","2","1","0","0","0","direct_call","direct_call","8b53aa9ef90a4b6a44cf41a3e810274c4bdd9929caa01a86c8031e281f1c7de7","8b53aa9ef90a4b6a44cf41a3e810274c4bdd9929caa01a86c8031e281f1c7de7","5bad3b6cad325f2f4338b96152483d86cff2a9f4a54ca19a446767a579502ea0","0x8006B5F0","structural"
"0x800691fc",,,"1","1","20","1","1","1","0","0","0","direct_call","direct_call","60b623084d7be55bdc5a6637ed063939a328b7909940b96af1bf772121024459","60b623084d7be55bdc5a6637ed063939a328b7909940b96af1bf772121024459","6cdd2a67dbcb2df95c2f36ba8ebfb30e7b3cf19afa4d39cd6546b55bccc57b44",,
"0x8006924c",,,"1","1","47","1","3","1","0","0","0","direct_call","direct_call","b13a2eb3a8cdebd436f96944930c6ff790b9bbbf68c09d1a2a5565f782870994","b13a2eb3a8cdebd436f96944930c6ff790b9bbbf68c09d1a2a5565f782870994","24c26e8d2dad11fd3ee50072f4f486806bc7fdb8135221b432ac003ea98d1bc6","0x8006B6BC","structural"
"0x80069308",,,"1","1","18","1","1","1","0","0","0","direct_call","direct_call","7d77b8a2ade385b14dc7d1f93ad956b66b0173b186aeb29deeba86ab0a467c77","7d77b8a2ade385b14dc7d1f93ad956b66b0173b186aeb29deeba86ab0a467c77","90503e29212eaae73f2d699c920951ccacb44f058d5d1ca00f30db61a97aa5ae",,
"0x80069350",,,"1","1","105","1","15","1","0","0","0","direct_call","direct_call","c0fd48b4d2544cf5681a482a2f069d0437077f8c4f5e5e4246345b85901c4f7c","c0fd48b4d2544cf5681a482a2f069d0437077f8c4f5e5e4246345b85901c4f7c","e535b202267e30a1dd01ef26707cd8aa19c58f66523a4315721888541552bf11","0x8006B7C0","structural"
"0x800694f4",,,"1","1","31","1","3","1","0","0","0","direct_call","direct_call","e0b7aa7a4e70b4c0905d235c75ffeee911418671d5b6831edcc3fef3ca25da98","e0b7aa7a4e70b4c0905d235c75ffeee911418671d5b6831edcc3fef3ca25da98","41e1a365c209a47e3c162ebb9d963b0aff0b01a94b6fdf0fec525a875bc0c07f","0x8006B964","structural"
"0x80069570",,,"1","1","23","1","2","1","0","0","0","direct_call","direct_call","c2f7f21a6e3dd1d9f6da7b780a6b3c277ad1ab95722f9f287c77e348a4786bbb","c2f7f21a6e3dd1d9f6da7b780a6b3c277ad1ab95722f9f287c77e348a4786bbb","d8f3cef8c3b7c41a34df727ceeeacf001495dce826bea41e5c9f2f913bec3b4f","0x8006B9E0","structural"
"0x800695cc",,,"1","1","52","6","0","1","0","0","0","direct_call","direct_call","af7e1e6765149c5180587ccdcc14fc17b1b635619b2dc26e2b1de1ea631ed8e4","af7e1e6765149c5180587ccdcc14fc17b1b635619b2dc26e2b1de1ea631ed8e4","fa395f23b1efe6fb02eeee90de329a97865797b0509abf15308ce2653d1e9ff9","0x8006BA3C","structural"
"0x8006969c",,,"1","1","31","2","1","1","0","0","0","direct_call","direct_call","8bcc431159756207017111b7bdcd0fba1d3aa6181515662d4413483d89424021","8bcc431159756207017111b7bdcd0fba1d3aa6181515662d4413483d89424021","119ba9526389d22ac3d9a6b1a944a8dad38a07c1786be2e1e25101d66b78f4a0","0x8006BB0C","exact"
"0x80069718",,,"1","1","32","1","0","1","0","0","0","direct_call","direct_call","8d2dab1566f82b7c952707aafbc142938a1d14d01430079e8ce29c5cd2e96189","8d2dab1566f82b7c952707aafbc142938a1d14d01430079e8ce29c5cd2e96189","834b89fa66151539cd12551064d8e6bc756b63df11acdf0bd8a02c15e3e82455","0x8006BB88","exact"
"0x80069798",,,"1","1","11","2","1","1","0","0","0","direct_call","direct_call","a05c096fafdbfaff16a301e3869f1016de43cf38be33665b0968d46fedafaa41","a05c096fafdbfaff16a301e3869f1016de43cf38be33665b0968d46fedafaa41","9078308c3741eac1ef7980f3949834b9aca1e08ea5d9d9e88161dc8d19d8fff5","0x8006BC08","structural"
"0x800697c4",,,"1","1","16","1","1","1","0","0","0","direct_call","direct_call","bb47a304318bb2fee0d5c22ca8189ca3386fba21e0da945277097a1aaeeaf13c","bb47a304318bb2fee0d5c22ca8189ca3386fba21e0da945277097a1aaeeaf13c","ba9870e6f8124007002a1da391a55d0664c6d51a3b92eafa3a9258cf9de7c1a5","0x8006BC34","structural"
"0x80069804",,,"1","1","175","1","1","1","0","0","0","direct_call","direct_call","83a28aa26657a339d2a939621802f61216f84b69228f4ab06b37ea08db7d03f0","83a28aa26657a339d2a939621802f61216f84b69228f4ab06b37ea08db7d03f0","e127310ad9e23e2a86f1fa596967466d8201dc46b01ffdefbe50b48ed57fac06","0x8006BC74","structural"
"0x80069ac0",,,"1","1","69","2","2","1","1","1","0","direct_call+overlay","direct_call+overlay","9043fb64d151328a7bbadf44cf2dff3a44603da213a833f99a0d1e66041a8171","9043fb64d151328a7bbadf44cf2dff3a44603da213a833f99a0d1e66041a8171","4024e0280b495e67f7d44dae995311959ca4f6b3294d231f2b650cf710d93a84","0x8006BF30","structural"
"0x80069bd4",,,"1","1","184","1","1","1","0","0","0","direct_call","direct_call","08f7e6f4fc993e73bd6953e65263db347d4d17633f314bebda56aeb9b79ce5f6","08f7e6f4fc993e73bd6953e65263db347d4d17633f314bebda56aeb9b79ce5f6","fa9317181988db3dcf849c15c202665e0dfd7a169a0d17fa9053f99b1512f4b7","0x8006C044","structural"
"0x80069eb4",,,"1","1","588","1","8","1","0","0","0","direct_call","direct_call","b68123c7b11ce087742a395b587d5b8c56eec69e8c1599c64c682e8c42343051","b68123c7b11ce087742a395b587d5b8c56eec69e8c1599c64c682e8c42343051","2ad74145deea72a8ecade9a2173b7242f90c7d0616ee147700bd24b19eadc791","0x8006C324","structural"
"0x8006a7e4",,,"1","1","215","1","4","1","0","0","0","direct_call","direct_call","859c775629a26a328d2d304ad5e3bfcadc9816e61cdcb83ec3862000647e5158","859c775629a26a328d2d304ad5e3bfcadc9816e61cdcb83ec3862000647e5158","0ab44cb1d1588514493d53824b8d55a5ef5757edc383cc099f719362392b7c2f","0x8006CC54","structural"
"0x8006ab40","ObjectRelationship_SpatialUpdate","strong","1","1","66","1","6","1","0","0","0","direct_call","direct_call","81cd825cf395e50a6e9d53449b102365eb4ee6b03ba1715b61f2a81a7117a405","81cd825cf395e50a6e9d53449b102365eb4ee6b03ba1715b61f2a81a7117a405","54f0b1f0049495c52b2e657e38739af9da021bf1dd6054d5ac69b876dccf278b","0x8006CFB0","structural"
"0x8006acd8",,,"1","1","31","1","1","1","0","0","0","direct_call","direct_call","5ff9babe05590aa2de535cc27ec5f3ea3750f4575779b6aecb3bc3841fa83d19","5ff9babe05590aa2de535cc27ec5f3ea3750f4575779b6aecb3bc3841fa83d19","43599bbf4fd8f4a6d6fd7abbba70f908b9a69ba30ec12f8e6a5b784356219217","0x8006D148","structural"
"0x8006ad54",,,"1","1","35","2","0","1","0","0","0","direct_call","direct_call","ffb5d16a35b4a77129c12e169c1988bf4edfa3cb986f0c76f3fb955aa1cd9a47","ffb5d16a35b4a77129c12e169c1988bf4edfa3cb986f0c76f3fb955aa1cd9a47","a65c6b2db0e57fadad7a2cc8db879020e6f45a9c22a83fd5c3c3ca9e7ce1de16","0x8006D1C4","exact"
"0x8006ade0",,,"1","1","43","5","0","1","0","0","0","direct_call","direct_call","2985ff82d70a7e24d2f93e789b3946e22d036dbf77b8a837fe77b1ed027fdaa6","2985ff82d70a7e24d2f93e789b3946e22d036dbf77b8a837fe77b1ed027fdaa6","d0ec8aa3febe23f44bc6e299941a876dabf056ca34e1c8b3c20751b4f2277946","0x8006D250","exact"
"0x8006ae8c",,,"1","1","45","4","0","1","0","0","0","direct_call","direct_call","f346947c841f9b5c163ad8dea176baa388655ff399831f38b769493f53070319","f346947c841f9b5c163ad8dea176baa388655ff399831f38b769493f53070319","ef5eeabbfe155747e446d5bbed57bf0973b65fc4409e27230a27dfa9e73b525c","0x8006D2FC","exact"
"0x8006af40",,,"1","1","48","1","0","1","0","0","0","direct_call","direct_call","81bcbc2c67813c2cc0ddac2d8174d66b64baec2abaebeb5122df70cb3dfeb5d7","81bcbc2c67813c2cc0ddac2d8174d66b64baec2abaebeb5122df70cb3dfeb5d7","52f53eab9ce7a532b48144627f438758bbb0162e85a50fdbd720ba4194c95622","0x8006D3B0","exact"
"0x8006b000","ObjectRelationship_Register","confirmed","1","1","54","1","0","1","0","0","0","direct_call","direct_call","245ea1d6f65c56a9721c073e9af75305940eb4957da42c9d2e0303fc2b64babb","245ea1d6f65c56a9721c073e9af75305940eb4957da42c9d2e0303fc2b64babb","89a74042f52507ff1f352dd784c815179833382c710fa40bdc529269dd489c87","0x8006D470","exact"
"0x8006b0d8",,,"1","1","207","0","2","1","0","0","0","prologue_only","prologue_only","9f8b08bf2780f31587d33839691dad264be063ae8163d06e32a367da51c85cd5","9f8b08bf2780f31587d33839691dad264be063ae8163d06e32a367da51c85cd5","7be762f4d60469316879a23719e7344fe0de31f6aff128479757b3a26d69eb40","0x8006D548","structural"
"0x8006b414",,,"1","1","195","1","1","1","0","0","0","direct_call","direct_call","a701e78a205d9891fb7640f6b2767787cb8abffdb4a6794ac47ba9cf01df6f51","a701e78a205d9891fb7640f6b2767787cb8abffdb4a6794ac47ba9cf01df6f51","405d07a031176005bc215a5c60fbb8dedff630e463666c6400dbb0257a857214","0x8006D884","structural"
"0x8006b720",,,"1","1","201","1","3","1","0","0","0","direct_call","direct_call","7a272411d15a5ebb17a023cfc9a66977539bc103e986384fc701e2e7f98eacad","7a272411d15a5ebb17a023cfc9a66977539bc103e986384fc701e2e7f98eacad","cd36dc7e74f356673c71eb477afe71218fe0b32b91de7f452fa92351e1b6cd99","0x8006DB90","structural"
"0x8006ba44",,,"1","1","191","0","2","1","0","0","0","prologue_only","prologue_only","78fb3ece326835a8d72d6cc3a58fc5b69399cdc38a9a38f4534fe866c40fa739","78fb3ece326835a8d72d6cc3a58fc5b69399cdc38a9a38f4534fe866c40fa739","59f36eda2d7dee4b9640b8678e45345f2fa2f76432410a5140fbef3ec075f307","0x8006DEB4","structural"
"0x8006bd40",,,"1","1","114","1","1","1","0","0","0","direct_call","direct_call","eac4ba2a1e2aebd56fa50fcc2870de847003ac8ed73aa63926127976320a3b68","eac4ba2a1e2aebd56fa50fcc2870de847003ac8ed73aa63926127976320a3b68","f59ef513cbc9250d3f4ca4b2da07f3bcd2b476e13fb4b2a1262d6b6cc7147734","0x8006E1B0","structural"
"0x8006bf08",,,"1","1","125","0","2","1","0","0","0","prologue_only","prologue_only","ef5c163474827b475f30d0d1d5f8a416da8d122e265aca0d2fdde5db56f7f88c","ef5c163474827b475f30d0d1d5f8a416da8d122e265aca0d2fdde5db56f7f88c","f4e8b860ee6ddfe081beadc7829cb54de1bba2ea1fabf6145aad272807882583","0x8006E378","structural"
"0x8006c0fc",,,"1","1","94","0","2","1","0","0","0","prologue_only","prologue_only","b57a07ca2261d6c766b8aad87eb09a3a0ac4ab46ea590ddfcff8033a8e89b656","b57a07ca2261d6c766b8aad87eb09a3a0ac4ab46ea590ddfcff8033a8e89b656","6794149a267cd33eac0b29f2accb3667389cde6b3b07fb132511e938ef4e822f","0x8006E56C","structural"
"0x8006c274",,,"1","1","221","0","4","1","0","0","0","prologue_only","prologue_only","892e111b4651c9e1141dec20de9c61ac5212b862e25b48da6d9cc8b32564e438","892e111b4651c9e1141dec20de9c61ac5212b862e25b48da6d9cc8b32564e438","16b33b72f1078c3f9509cfdf3e3e4ea2ac6ea8ec721dd986d79696fa94e11573","0x8006E6E4","structural"
"0x8006c5e8",,,"1","1","82","0","2","1","0","0","0","prologue_only","prologue_only","86d9d02ceee36111005d2936100e9fc2ddb1d2ba74cd410a1ab3c58bbc1b26a1","86d9d02ceee36111005d2936100e9fc2ddb1d2ba74cd410a1ab3c58bbc1b26a1","7c0818efa7c129273674d77bb5a20a97fc73b9dfb43deaac656ee1742799d913","0x8006EA58","structural"
"0x8006c730",,,"1","1","61","1","3","1","0","0","0","direct_call","direct_call","85304fb5848c2e07153fdf7c3e8699285b4a6e1901e29bfe3da8ca7997de1b74","85304fb5848c2e07153fdf7c3e8699285b4a6e1901e29bfe3da8ca7997de1b74","bb90659b8727395404913a1e40890b40d3c20f414a5c5bec160c74682c5d26b9","0x8006EBA0","structural"
"0x8006c824",,,"1","1","16","1","0","1","0","0","0","direct_call","direct_call","f3e2fe9a38fa7942f59ca5048a0ed1c49c26ff04935ab23a80055a254c5d98c0","f3e2fe9a38fa7942f59ca5048a0ed1c49c26ff04935ab23a80055a254c5d98c0","115d85e73abbdc88cf1286531d4f21dbd36f69126c4398dca476418d887004c2","0x8006EC94","structural"
"0x8006c864",,,"1","1","33","1","0","1","0","0","0","direct_call","direct_call","776915500e43b52753e7df4167c65775f01a83072d4bbb11cd40baa7c41f42fa","776915500e43b52753e7df4167c65775f01a83072d4bbb11cd40baa7c41f42fa","3a9d1ce3a1c73f7c0e44e994aa94f2eaa8074b5176dfac3152bcc891b049c42a","0x8006ECD4","structural"
"0x8006c8e8",,,"1","1","59","2","2","1","0","0","0","direct_call","direct_call","2687e46a4ab5d5d4964e48e2bdb6974eba05db886047af48e70d4404977e71b3","2687e46a4ab5d5d4964e48e2bdb6974eba05db886047af48e70d4404977e71b3","ab806d2ad5e7e2e20253cd4446e60e53888ac295b3d208d302d66fa8cb5dedd0","0x8006ED58","structural"
"0x8006c9d4",,,"1","1","94","3","3","1","0","0","0","direct_call","direct_call","13fc899605b7a026b6082603edab936afb0aefd762b4039f3acc125d89802c1d","13fc899605b7a026b6082603edab936afb0aefd762b4039f3acc125d89802c1d","99d45b0f1e2d937306c39dafc9ceeed11ac0c3eff0969f05869829d76514a6c9","0x8006EE44","structural"
"0x8006cb4c",,,"1","1","180","15","2","1","0","0","0","direct_call","direct_call","87e0539816f46ab16768e49b1155d4525967a41f9b0132579771298cd416890e","87e0539816f46ab16768e49b1155d4525967a41f9b0132579771298cd416890e","f9198d5b0006b8940483d3413ea52c87c92ace320e9181bb86e1a46b19add725","0x8006EFBC","structural"
"0x8006ce1c",,,"1","1","26","4","1","1","0","0","0","direct_call","direct_call","64f2105aa28fc4afe3d5d4624df57cec4da0bb94c5016adfad1b1e8d8e8e63da","64f2105aa28fc4afe3d5d4624df57cec4da0bb94c5016adfad1b1e8d8e8e63da","611575c357e6b57ed2d1414a4ea300037dedc5cf76e81e09322acc24b6ed258f","0x8006F28C","structural"
"0x8006ce84",,,"1","1","242","5","1","1","0","0","0","direct_call","direct_call","f9b398b4d4338162454944e250318dcb7b60906483ea980d050dd5edf2ca9619","f9b398b4d4338162454944e250318dcb7b60906483ea980d050dd5edf2ca9619","28b88f2955059f91022adc059ee5f8abdc6f29825ddeba5fd43b0bae2618e83c","0x8006F2F4","structural"
"0x8006d24c",,,"1","1","14","21","0","1","1","0","0","direct_call+overlay","direct_call","4a62f85af026ed18be93f105db99de7aadf881a13b8b0b725a16f7956173cf46","4a62f85af026ed18be93f105db99de7aadf881a13b8b0b725a16f7956173cf46","709ce29e0f2c826e7d73ba39ad7fc1dfd2fb8c4eb63d9c7a7d4273f660071f2a","0x8006F6BC","structural"
"0x8006d284",,,"1","1","34","10","0","1","1","1","0","direct_call+overlay","direct_call+overlay","af61ed26dd53bd1a1b82376e839be8c4a3bdc6e9a827dce37e405850122a65b5","af61ed26dd53bd1a1b82376e839be8c4a3bdc6e9a827dce37e405850122a65b5","9b2c410aa0338d651d868d68ac5929088a4f3c2ae2d628b75ea107784c99cd70","0x8006F6F4","structural"
"0x8006d30c",,,"1","1","109","1","1","1","0","0","0","direct_call","direct_call","be051b7d38cb00e5c180adfd693099535e47a6017dcb24b13ac19a4486117115","be051b7d38cb00e5c180adfd693099535e47a6017dcb24b13ac19a4486117115","b315f9c2ae9b5628aa02e4b64609fc4e196da36e4d0f7b0771271da1cfd9d397","0x8006F77C","structural"
"0x8006d4c0",,,"1","1","5","16","0","1","1","1","0","direct_call+overlay","direct_call+overlay","a41e7152c7eddf8fb6b3a9632485bf8ec0a1b35da9c33498de7920ebb510fb9b","a41e7152c7eddf8fb6b3a9632485bf8ec0a1b35da9c33498de7920ebb510fb9b","c833c599ac4ebbc9578629bbed85ef2e52bf6390782175839fe2cf9e56597255","0x8006F930","structural"
"0x8006d4d4",,,"1","1","6","10","0","1","1","0","0","direct_call+overlay","direct_call","64a92a14dab4c2c13d0d1d302c163944839162951823bf08014715b503d585e1","64a92a14dab4c2c13d0d1d302c163944839162951823bf08014715b503d585e1","d5172e19604d24a33e4eeb03604b4a87b9762ca4aa63b29be0ea5a69c3556121","0x8006F944","structural"
"0x8006d4ec",,,"1","1","22","9","0","1","0","1","0","direct_call","direct_call+overlay","a3472940f0fa574d988ee46d3ac574c48f059284fbe9e731949608867b83e151","a3472940f0fa574d988ee46d3ac574c48f059284fbe9e731949608867b83e151","6c6e3ea2b3e505e34960f4183e93114481fb1b52992671930a7ecbd995d1470a","0x8006F95C","structural"
"0x8006d544",,,"0","1","22","0","0","1","","1","0","","overlay","","c6a001fc1265379ebb6ab3398fb8b2214eb1dac84d062838700a33831fff582a","334c08a32038ce5c4aa3f2e1436ea6754cc3a47ed7b7242514dbd146c48e89ca",,
"0x8006d59c",,,"1","1","49","16","1","1","1","0","0","direct_call+overlay","direct_call","80aa1bb894a46378ced99d6fa3d63d84eb6b4241b4ef5c9fb9d306e66bb9a6c2","80aa1bb894a46378ced99d6fa3d63d84eb6b4241b4ef5c9fb9d306e66bb9a6c2","7e5aa0adba21b2d9246e68d2312bf9ca4ddcceb72178850d419bd56e1c3aa2d4","0x8006F9B4","structural"
"0x8006d660",,,"1","1","11","0","1","1","0","1","0","prologue_only","overlay","66b7a21f2b098cad2abd8f5faa46dfa299dcbee07131c46eda178a76793d5974","66b7a21f2b098cad2abd8f5faa46dfa299dcbee07131c46eda178a76793d5974","042234e7ed6fc8d8e6d4728013bc45e0e8ab45d01605b4377f424baf5dd667f7",,
"0x8006d68c",,,"1","1","10","2","0","1","0","0","0","direct_call","direct_call","4fd2bc269327698f38c5d5879aa02d0d251ee0e2c5dd16870eaa133b9568bb78","4fd2bc269327698f38c5d5879aa02d0d251ee0e2c5dd16870eaa133b9568bb78","1befd9ac40b2bbb4b8a52993cdd71821e1f5af728baa420a6e5202a457d69d77","0x8006FA78","structural"
"0x8006d6b4",,,"1","1","19","27","0","1","1","1","0","direct_call+overlay","direct_call+overlay","5770dd8bc204f2d722569a6b344efa31cecde1f7bd6a501148cf44ff347d2e00","5770dd8bc204f2d722569a6b344efa31cecde1f7bd6a501148cf44ff347d2e00","78b1870819b6eaa5c906a8f4354377541c47701ae37b7460e38136effbb0f500","0x8006FAA0","structural"
"0x8006d700",,,"1","1","22","3","0","1","0","0","0","direct_call","direct_call","aa9ce6900dd647ed255bc01620083841bc721ea9b8c90f6d6fec26fc289dba83","aa9ce6900dd647ed255bc01620083841bc721ea9b8c90f6d6fec26fc289dba83","06a806d64437a03b50bb7dad4878471f35e449b823e0fa8ce792bb226bae6f7e","0x8006FAEC","structural"
"0x8006d758",,,"1","1","459","29","9","1","1","1","0","direct_call+overlay","direct_call+overlay","ebb2e25d61a0ab3ee61c77b2a517df8e2777f53f6b64eeaa999497451632a261","ebb2e25d61a0ab3ee61c77b2a517df8e2777f53f6b64eeaa999497451632a261","895b0ed5fc990b09d93835df45a8e66215df2fe9e6ffb1f070043cb5935f59da","0x8006FB44","structural"
"0x8006de84",,,"1","1","120","2","2","1","0","0","0","direct_call","direct_call","a997c69429249f02146668ee3dd89a9c2c3d6dbd47ab70c8a4780aff66cc70a7","a997c69429249f02146668ee3dd89a9c2c3d6dbd47ab70c8a4780aff66cc70a7","f3188cf5308532bacb27659e9b8c251086dfee73ea2c4613f90d527e3b0cf810",,
"0x8006e064",,,"1","1","18","1","1","1","0","0","0","direct_call","direct_call","42ce3d9e12a920255df5b755950fc35a0d511ea33d86ed86dd87fde1d2d768bb","42ce3d9e12a920255df5b755950fc35a0d511ea33d86ed86dd87fde1d2d768bb","ee95e9394d4e342782fafd88991b1b2c023687bddb68c767ec2c2881941e8b89","0x80070454","structural"
"0x8006e0ac",,,"1","1","8","2","0","1","0","0","0","direct_call","direct_call","b94197d60736532c52dda8be65c50cad59b029fe04a0fcd9fe078b2d3eff5637","b94197d60736532c52dda8be65c50cad59b029fe04a0fcd9fe078b2d3eff5637","eb11db9c0fc4aa0214485417351eedb8de9973b3255f736b07e15c5c717483bb","0x8007049C","structural"
"0x8006e0cc",,,"1","1","88","1","1","1","0","0","0","direct_call","direct_call","be7ab3074cb64b9bd53c0a3c61e90b639aef5d0b2445fea17ec89b8d61a60ce9","be7ab3074cb64b9bd53c0a3c61e90b639aef5d0b2445fea17ec89b8d61a60ce9","e159a9c09613217bb0f19194d40e6ce428da3a2a0ad0479f30e3e4e29c95b5cf","0x800704BC","structural"
"0x8006e22c",,,"1","1","199","3","10","1","0","0","0","direct_call","direct_call","2d5cf1aefb47ed595159ac341f377f535d1eb5313855c9cc0d5b796751301f77","2d5cf1aefb47ed595159ac341f377f535d1eb5313855c9cc0d5b796751301f77","2e2d05b4b320dbd745f824e0f4833dff63c0d20dcfbf8cc01481240a0e08af3c","0x8007061C","structural"
"0x8006e548",,,"1","1","678","0","10","1","0","0","0","prologue_only","prologue_only","97311e04e3f7d3680c0536cad8e977ed45c8bf4e196c7ad2132962b7a8061d02","97311e04e3f7d3680c0536cad8e977ed45c8bf4e196c7ad2132962b7a8061d02","9f829d6435b3c4e1897ea5813574d5ffe43115d532d0f9ce3c8f7593a1ad0a71","0x80070938","structural"
"0x8006efe0",,,"1","1","548","4","8","1","0","0","0","direct_call","direct_call","b26b705ed20ec9736facc24d72e92df1ea254a87e55bc27fd0233857b75e77ca","b26b705ed20ec9736facc24d72e92df1ea254a87e55bc27fd0233857b75e77ca","35df220cb02e93e601735267b94704bea802a34e81e9b7eaf31ebb3db0191bc7",,
"0x8006f870",,,"1","1","249","3","7","1","0","1","0","direct_call","direct_call+overlay","9ba13129e37c2397659aa83390e4e8849dd2df6479de987017885c7ee43010e3","9ba13129e37c2397659aa83390e4e8849dd2df6479de987017885c7ee43010e3","84d7e2663efa20ecb732accfcd4fc26a0187a37be4de7405fb6c77f1c0f1f95d","0x80071C64","structural"
"0x8006fc54",,,"1","1","198","1","7","1","0","0","0","direct_call","direct_call","9e6e198992826ada32666429355af704f6f5217995bf847a9d7386f17e0776a4","9e6e198992826ada32666429355af704f6f5217995bf847a9d7386f17e0776a4","b7a0f73bd380cd3e88e4f73287671fae056c754a4dc7a653ba5d3ab29a2abf0f","0x80072048","structural"
"0x8006ff6c",,,"1","1","200","8","4","1","1","0","0","direct_call+overlay","direct_call","fc56bdb6a26803fa618d994baa5947073fe7675e6e669b7d724653e3337baf51","fc56bdb6a26803fa618d994baa5947073fe7675e6e669b7d724653e3337baf51","bf96fac5b73336a1b371db8e4ab6cc996ccfb01f0de0a3dac07e6c5b03531db4","0x80072360","structural"
"0x8007028c",,,"1","1","165","1","0","1","0","0","0","direct_call","direct_call","92af32afd851a44c68254b7b450f0d0c6a85ff6f8029c49110b836c1e21ce90b","92af32afd851a44c68254b7b450f0d0c6a85ff6f8029c49110b836c1e21ce90b","c072655dd01eea84ab767ee159b7ea664a137063a400d1e1266568d72246e66e","0x80072680","structural"
"0x80070520",,,"1","1","172","3","8","1","1","0","0","direct_call+overlay","direct_call","0b35ee32a978b796434e49dd74a1770066eba4764fe48a29b5d63e12fb493574","0b35ee32a978b796434e49dd74a1770066eba4764fe48a29b5d63e12fb493574","94897e6bcb0872e9552b2de631e184495ac703b1d148925f16286b042db7694b",,
"0x800707d0",,,"1","1","13","1","1","1","1","1","0","direct_call+overlay","direct_call+overlay","28e99f243f096bb6f1a708241e0623b99aba3c9c31cb1200518d24f474da2483","28e99f243f096bb6f1a708241e0623b99aba3c9c31cb1200518d24f474da2483","98ea3ac76929e4a01f492f9cb34782eed6b701290addc083bdf6e5e6d6d0d9c1","0x80072BA8","structural"
"0x80070804",,,"1","1","76","5","4","1","0","0","0","direct_call","direct_call","ee05bfa24b8b8fc8331c789adfe5800b145ec749c462510dfc862d1fd48bb5f1","ee05bfa24b8b8fc8331c789adfe5800b145ec749c462510dfc862d1fd48bb5f1","dd59f00fee74c984708f581b29e632443155b359f5f5dcb4448d1ee5d742aeb9","0x80072BDC","structural"
"0x80070934",,,"1","1","27","8","0","1","1","1","0","direct_call+overlay","direct_call+overlay","6d115b86a24611c116204c63741c689a499e4a57faf3fa78a01c6e8d407e2fd7","6d115b86a24611c116204c63741c689a499e4a57faf3fa78a01c6e8d407e2fd7","1df1c5d2f3779160565a057e084a69b732b8026408e94ea5221319251bf43e9b","0x80072D0C","structural"
"0x800709a0",,,"1","1","31","1","1","1","0","0","0","direct_call","direct_call","75df3cedccce0ed286e6168c7c87bfc5956b94d5a5928fd9c27e242e22e0ea2c","75df3cedccce0ed286e6168c7c87bfc5956b94d5a5928fd9c27e242e22e0ea2c","b072f811a6389c18274c1c060d87ecc67845af9f70557e55ae1a15fa2b804509","0x80072D78","structural"
"0x80070a1c",,,"1","1","297","1","8","1","1","1","0","direct_call+overlay","direct_call+overlay","8657d44d4867573e273c4b8f0bcbad9f5757255a6588badee3e01229e7d32fed","8657d44d4867573e273c4b8f0bcbad9f5757255a6588badee3e01229e7d32fed","9914386e394e12262e935cb18f8ee09c206d1275346ab9bf684a65f79a366dd7",,
"0x80070ec0",,,"1","1","48","0","1","1","1","0","0","overlay","prologue_only","e7242adeee7458622a0f3ba6419fe1f70348625de02f66c19f5edc28ca09a0fc","e7242adeee7458622a0f3ba6419fe1f70348625de02f66c19f5edc28ca09a0fc","244ce4fe6f05aa322574de2ca4b7099816cd3fc5b493c0394d555799c8e3dca6","0x80073190","structural"
"0x80070f80",,,"1","1","13","1","2","1","1","1","0","direct_call+overlay","direct_call+overlay","637c68e0b72855ce0ccfa58dfd1c47edfa6fbc59bfa54bbb567ef9295299b549","637c68e0b72855ce0ccfa58dfd1c47edfa6fbc59bfa54bbb567ef9295299b549","d73a5bd708b388e440172ea6e316b2a243453aaffe28e94594ca943749cd199a","0x80073250","structural"
"0x80070fb4",,,"1","1","34","3","1","1","0","0","0","direct_call","direct_call","b60cd109dbf01eb3c0104d34ba1a2e83984a511a58933cd598495b163921ea07","b60cd109dbf01eb3c0104d34ba1a2e83984a511a58933cd598495b163921ea07","8c812df2dbb7a29c0d6f0a4a472619e7940a70a3bea820f3d43f1dc49a96f5cb","0x80073284","structural"
"0x8007103c",,,"1","1","22","0","2","1","1","1","0","overlay","overlay","2d79ec5c6ebeb212311b511c8fe69bdd004db3bda6cbd6eeb82fcacb61abfe5f","2d79ec5c6ebeb212311b511c8fe69bdd004db3bda6cbd6eeb82fcacb61abfe5f","9506eefb736b26baf901b3923d3520310ec2bd6caa7e7b6fffd0fa513107a0cb","0x8007330C","structural"
"0x80071094",,,"1","1","24","1","1","1","0","0","0","direct_call","direct_call","dbe82e73a87ab10ad069f7c3672615884cb23fd93cf080e7bbd3681831b97bbb","dbe82e73a87ab10ad069f7c3672615884cb23fd93cf080e7bbd3681831b97bbb","da0272cd0cace63bfa42b90b20cb145805ab57ae8426b0fa1f0a61b9442a69e7","0x80073364","structural"
"0x800710f4",,,"1","1","56","1","3","1","0","0","0","direct_call","direct_call","6598308973a31e227d3d6c3301bca0660200322646f1152485732424ae62e9dc","6598308973a31e227d3d6c3301bca0660200322646f1152485732424ae62e9dc","f192d858c48d5ef06478cff3cee8f274476d2c39cb69882c5e5057045d46a005","0x800733C4","structural"
"0x800711d4",,,"1","1","14","1","2","1","0","0","0","direct_call","direct_call","77807e8b7b2ccc1b15a20a39b8314fe177b696ddcc73364360c55294f53bbd16","77807e8b7b2ccc1b15a20a39b8314fe177b696ddcc73364360c55294f53bbd16","0c5738a1910e73a1c904b00e58591cefecca61dca95311b1a13283ba75045740","0x800734A4","structural"
"0x8007120c",,,"1","1","68","2","2","1","0","0","0","direct_call","direct_call","d5ca396fd7cb312d9790c6847386a79820a2b6ae52c14aec4a8bd9beabf68ad7","d5ca396fd7cb312d9790c6847386a79820a2b6ae52c14aec4a8bd9beabf68ad7","5cc933d6b9104ff9c3fe73d0f18dbf5173a1f2c2314f522963b4859dd7ca3ea6","0x800734DC","structural"
"0x8007131c",,,"1","1","88","2","2","1","0","0","0","direct_call","direct_call","10a8a78a2190bbea4a6bdfed21080eae62259a88296b8fedf6c072e97cd0f311","10a8a78a2190bbea4a6bdfed21080eae62259a88296b8fedf6c072e97cd0f311","82c73736882b3f2f67fa99a36c4ecf52ef329920640c86bdd3c3391999d1891f","0x800735EC","structural"
"0x8007147c",,,"1","1","19","3","1","1","0","0","0","direct_call","direct_call","4056a5041021afd0de8253f173d5f8082f28651175de3b3bf2f5409389485447","4056a5041021afd0de8253f173d5f8082f28651175de3b3bf2f5409389485447","5667903eb9301e5e8e415bda3c94ef26c78491a9918f1e0525bf04f7eaaf9ec7","0x8007374C","structural"
"0x800714c8",,,"1","1","124","4","4","1","0","0","0","direct_call","direct_call","fa5c95aa039682d46bebf06ce5c5a6f50e3bbb04fcea449dae119d5be52743bd","fa5c95aa039682d46bebf06ce5c5a6f50e3bbb04fcea449dae119d5be52743bd","2abe1ba3078dad929501c69f66285c18addf314bb4219b362ef64f51857acfb8",,
"0x800716b8",,,"1","1","95","1","10","1","0","0","0","direct_call","direct_call","dfac5d876c0f50fda8a0d0f2a82b1c7cd393c1e3e4bc518d7340cf0609133a0f","dfac5d876c0f50fda8a0d0f2a82b1c7cd393c1e3e4bc518d7340cf0609133a0f","638846e3f6fe1359e59d933ebe4674f3626ccb152fc889ca297c56ba805d54da",,
"0x80071834",,,"1","1","156","1","5","1","0","0","0","direct_call","direct_call","70cdf1014290755d837967885fff4957e02d6571722bf4a48811f029414a92dc","70cdf1014290755d837967885fff4957e02d6571722bf4a48811f029414a92dc","7ed3f48ad561335734e669475ef34984bbcc362a18485fb57547794963f483de","0x80073D08","structural"
"0x80071aa4",,,"1","1","57","7","5","1","0","0","0","direct_call","direct_call","bce2fe4fa2e474f5b5a552b257bb3fc2bcac45d32ba3553ca5faadd5a5abb336","bce2fe4fa2e474f5b5a552b257bb3fc2bcac45d32ba3553ca5faadd5a5abb336","7bd2397f12774e623fe571c0ad9f3b04726fb9604b8743924244dcff08333ecd","0x80073F78","structural"
"0x80071b88",,,"1","1","57","1","5","1","0","0","0","direct_call","direct_call","f6348a9553d1a7d9aec8bdef0c2e444a26548747cca9c8bcea48fe3b23130a45","f6348a9553d1a7d9aec8bdef0c2e444a26548747cca9c8bcea48fe3b23130a45","a1a8c2b40568f6ca2c05150f7f6e430b8d777fb1f2e08d9e90bf897c5fe2737d","0x8007405C","structural"
"0x80071c6c",,,"1","1","74","1","6","1","0","0","0","direct_call","direct_call","abe82b96ad04cf556fb1e20e55ac8610898ba638caf1967daad496dc8d8498d8","abe82b96ad04cf556fb1e20e55ac8610898ba638caf1967daad496dc8d8498d8","6be493775a2ffb556e0e7fa79d02c0f983456d50d0dfb3a83b7a63392434aaff","0x80074140","structural"
"0x80071d94",,,"1","1","49","2","4","1","0","0","0","direct_call","direct_call","c0608e1ae4f31747e575188be23108b81ed338b011952e23ab9c160d94eb83b9","c0608e1ae4f31747e575188be23108b81ed338b011952e23ab9c160d94eb83b9","fe92c0c5dea1b446b6855c0861d73d84e1fccc6eb2d3e6a352ba9f3f46eda014","0x80074268","structural"
"0x80071e58",,,"1","1","4","5","0","0","0","0","0","direct_call","direct_call","b53729758fcabeabb28658462bc1a7d2a659f44388ebfe2936c92e685f6033d3","b53729758fcabeabb28658462bc1a7d2a659f44388ebfe2936c92e685f6033d3","ebe9c87c07d845f00cfec71a8a8c6e94d8e4d61a1e6545dbe7ed8d53e46ecea7",,
"0x80071e68",,,"1","1","41","0","0","1","0","0","0","prologue_only","prologue_only","8d5fdec3aebeb5ede02b5e32f2291ed05b4a7f0b1e38b1e2914c128d99ab1686","8d5fdec3aebeb5ede02b5e32f2291ed05b4a7f0b1e38b1e2914c128d99ab1686","e16eb34eec9bb5a7a7501b58a06cc0f11ddbada3020c8d3862cea730ff45ba01",,
"0x80071f0c",,,"1","1","124","1","10","1","0","0","0","direct_call","direct_call","9425ee2e61af7869889fb8562632fce3a821b839799116d9c5870773575bb9cd","9425ee2e61af7869889fb8562632fce3a821b839799116d9c5870773575bb9cd","44d34cae5970ea90367f09ae5cb153827cdd367019d7f22a97b2d605d30f23a2",,
"0x800720fc",,,"1","1","58","2","1","1","0","0","0","direct_call","direct_call","4c3e1f3fbafe78e46601983fbc1fe5f287fc11797331499c415df282279821b7","4c3e1f3fbafe78e46601983fbc1fe5f287fc11797331499c415df282279821b7","cd5376500c19ed922a5d19893296ef9c5ccffe6a914bb3c85d42da36bae11145","0x80074570","structural"
"0x800721e4",,,"1","1","55","1","6","1","0","0","0","direct_call","direct_call","920410ef333035a4432e6c9e67826248fddd9412ea0f3066ad2a82520b771f74","920410ef333035a4432e6c9e67826248fddd9412ea0f3066ad2a82520b771f74","d0509ea3a6742f7a39e1782497e52f8638490aa877f2a0c84ee1f02d43cb0f69","0x80074658","structural"
"0x800722c0",,,"1","1","44","2","4","1","0","0","0","direct_call","direct_call","34e8ac982d2737bda0ab00e544afb1a122a467b0a088d698c59a206188a4a83f","34e8ac982d2737bda0ab00e544afb1a122a467b0a088d698c59a206188a4a83f","0d8443340172b68f67b6308676db17a961ec1846994cf15b1471e15a6ec9f6c1","0x80074734","structural"
"0x80072370",,,"1","1","66","3","7","1","0","0","0","direct_call","direct_call","3148fdd0e04cbd897e9bf662980c2391bdbdcf641d2afec702cbf7fcd493a529","3148fdd0e04cbd897e9bf662980c2391bdbdcf641d2afec702cbf7fcd493a529","824ca3bf22ea92e241163b88e1d3f01b1aa3afee02dc2aa492aaa0cda0686ee6","0x800747E4","structural"
"0x80072478",,,"1","1","208","1","9","1","0","0","0","direct_call","direct_call","3d9e91e53fb51a79ecc20c9545f1b2e67271a230b3eb9d349f06bc8c4c3fe858","3d9e91e53fb51a79ecc20c9545f1b2e67271a230b3eb9d349f06bc8c4c3fe858","9d84b899493e7a15996051b265d15e0eb7b344061589624337cc8fbdd2b4a2a9",,
"0x800727b8",,,"1","1","29","4","1","1","0","0","0","direct_call","direct_call","f2a78e036a3c2f2e02cf5a93390c73f199ef74740e686d24a7d0939f93ce7625","f2a78e036a3c2f2e02cf5a93390c73f199ef74740e686d24a7d0939f93ce7625","bdedf7ae292b0038a7f6b446ac5b8e1d730f34c884b7d3a9a95b46922855613a","0x80074C00","structural"
"0x8007282c",,,"1","1","170","2","0","1","0","0","0","direct_call","direct_call","cb4378919e22aa7015e3ef9576c233bc8328db5230aebb87dc093bbf143d8e28","cb4378919e22aa7015e3ef9576c233bc8328db5230aebb87dc093bbf143d8e28","b1b71b0c41517b6fb2be2e3d0459a5601fc3bf6c6da8b57e2d014731475ea6b3","0x80074C74","structural"
"0x80072ad4",,,"1","1","179","8","4","1","0","0","0","direct_call","direct_call","61e726cc34b8ab66b7d350505f5a87a448173fd504288ac43592122efd6b4235","61e726cc34b8ab66b7d350505f5a87a448173fd504288ac43592122efd6b4235","6554a0c2dcdf732f9221988ec5052a985b644bc9301cae12974373c653f74b8f","0x80074F1C","structural"
"0x80072da0",,,"1","1","16","14","1","1","0","0","0","direct_call","direct_call","35d2b0d7bbbe4574d0f9b3c92eb2897fe6495b63d46157115d4f8391856e066e","35d2b0d7bbbe4574d0f9b3c92eb2897fe6495b63d46157115d4f8391856e066e","61b55ac92cd792b6fdec86e135723ad724db0e629773bc443d7ae5cd210046f2","0x800751E8","structural"
"0x80072de0",,,"1","1","404","0","10","1","0","0","0","prologue_only","prologue_only","d856711f29b0c19f8c756519e19fc8eb4eb283b90c0eb0732b75b61b7235443a","d856711f29b0c19f8c756519e19fc8eb4eb283b90c0eb0732b75b61b7235443a","f051b4ffca3866aedf8910b398b9f2aa1f94924531f5bf475bc2a866808552c0",,
"0x80073430",,,"1","1","521","1","13","1","0","0","0","direct_call","direct_call","c24a71b0444859fcc1b63dd6d056e48fce1a10750317ed43ed4fce4964b2b0fa","c24a71b0444859fcc1b63dd6d056e48fce1a10750317ed43ed4fce4964b2b0fa","8af02a638c1a9aaa418d54866c015ab38112d7aa24845c7f99bdc33d79d97b1c",,
"0x80073c54",,,"1","1","397","1","10","1","0","0","0","direct_call","direct_call","1bac77b2fc3d3bf8773daaa94bfb7b577201188784cbc15fc32f3a28e3d9070e","1bac77b2fc3d3bf8773daaa94bfb7b577201188784cbc15fc32f3a28e3d9070e","95dcc9c7469075775cec2e6f6933c6bef3329ab88023849a0472ef548d2c40f7",,
"0x80074288",,,"1","1","84","2","2","1","0","0","0","direct_call","direct_call","11c0420e259412e8f91ba0894eb08c2a979896e3201602383158a7538fa79e2f","11c0420e259412e8f91ba0894eb08c2a979896e3201602383158a7538fa79e2f","ccb52c934faf3808e743f8c59edfe064399bd76d2f956301fb2de877f449115e","0x80076778","structural"
"0x800743d8",,,"1","1","496","0","4","1","0","0","0","prologue_only","prologue_only","2c5b607a75451d7290f897a4bed22c6b7bf582c36bdeb1b0c2e935ade47b2306","2c5b607a75451d7290f897a4bed22c6b7bf582c36bdeb1b0c2e935ade47b2306","c263245f1bda1b04677211a2389e4a8f31caec52863568521adab3538d2621c7","0x800768C8","structural"
"0x80074b98",,,"1","1","130","1","7","1","0","0","0","direct_call","direct_call","b59b1208ff45509d9a50c33fb5f5704ceae4ad14754b5f0b6fc0baf027803c2d","b59b1208ff45509d9a50c33fb5f5704ceae4ad14754b5f0b6fc0baf027803c2d","bdd5780dea754772ad6c242e387a7d8a17c4af5886f3f8a8d9adb0fc48b3c726",,
"0x80074da0",,,"1","1","211","3","2","1","0","0","0","direct_call","direct_call","f3acc2bc2cee7bace13e7f715fa88d56e838df2fdaae72af925d0e5133c04a61","f3acc2bc2cee7bace13e7f715fa88d56e838df2fdaae72af925d0e5133c04a61","28c46601e39a5c0819ba3842c2ba111ea428d9eb186244b89b4a45f411ad9f94","0x80077250","structural"
"0x800750ec",,,"1","1","18","3","1","1","0","0","0","direct_call","direct_call","e0374c5d8ed68fcb59ab2f5a58ba3e622a95177fc4a4e66053c840c17cb94e32","e0374c5d8ed68fcb59ab2f5a58ba3e622a95177fc4a4e66053c840c17cb94e32","5eec9c57fa36c9483b9d8129cb5b52a519c3fc63cadff8329ad381bc5ad79687","0x8007759C","structural"
"0x80075134",,,"1","1","214","0","4","1","0","0","0","prologue_only","prologue_only","8392842378d6e320985abcb0bf32c853b82289304416d544ddb81a5e0952dbd3","8392842378d6e320985abcb0bf32c853b82289304416d544ddb81a5e0952dbd3","93ccef4d414caa1276b7de64b40e0c2c128fb93ed71dfac70396d32eb33947e8","0x800775E4","structural"
"0x8007548c",,,"1","1","242","0","5","1","0","0","0","prologue_only","prologue_only","3fc152b62d233db99dc42452d28aa8e7706fbeb1a8f0783c17642361fa5bdaac","3fc152b62d233db99dc42452d28aa8e7706fbeb1a8f0783c17642361fa5bdaac","2688a114006effd101678e8c6262db6bd3773db462c7a64beda42f5c1cb9dfca","0x8007793C","structural"
"0x80075854",,,"1","1","30","1","0","1","0","0","0","direct_call","direct_call","5d7a4285bfba3d9160c8222c9f1193b2e6b07da5b7fe0c63f34dae1e02b4ea70","5d7a4285bfba3d9160c8222c9f1193b2e6b07da5b7fe0c63f34dae1e02b4ea70","694dc9a4d672219c7b54221e28322194ff44ec698adf504becf2474d9aadb6b6","0x80077D04","structural"
"0x800758cc",,,"1","1","85","1","2","1","0","0","0","direct_call","direct_call","ade67d46513fcf08ad34ebc0a982dc80fd1d7158291e8cb4609f9408712f6162","ade67d46513fcf08ad34ebc0a982dc80fd1d7158291e8cb4609f9408712f6162","fcf16b36cbfaa8b3f8f680b25db6da479262f1b6063a2266421e977c997177f6","0x80077D7C","structural"
"0x80075a24",,,"1","1","372","0","6","1","0","0","0","prologue_only","prologue_only","2a7820ef4ac2465a9498af2254d5affe63631e4fcfdd50ac3b650dba9ce7e8b7","2a7820ef4ac2465a9498af2254d5affe63631e4fcfdd50ac3b650dba9ce7e8b7","a00ab9b7507854ea6f36dc056a079409cae2af780f8843d3dbfda42316947e1b","0x80077ED4","structural"
"0x80075ff4",,,"1","1","20","1","1","0","1","1","0","direct_call+overlay","direct_call+overlay","33b5359c7c07c3cd4ee9a3cfcd41ffeae3088027d3c71a703c7b7bce20fcadc3","33b5359c7c07c3cd4ee9a3cfcd41ffeae3088027d3c71a703c7b7bce20fcadc3","ef6fa73f805d1eb107df50b8d8e7354fd39cc4878bc7a6fb3ac8fe9df6ec7369","0x800784A4","structural"
"0x80076044",,,"1","1","28","11","0","1","0","0","0","direct_call","direct_call","1f2716312a73f68e34b9f4fa2c65eff5368c6bfec753a7d527c73a3b2d13a4fe","1f2716312a73f68e34b9f4fa2c65eff5368c6bfec753a7d527c73a3b2d13a4fe","79a3bf790c7cc4cafe0dcf063dcea048f3ce5fd8665ffde53e6fe3e36de86ea0","0x800784F4","exact"
"0x800760b4",,,"1","1","278","0","3","1","0","0","0","prologue_only","prologue_only","cc19c294f52357132907a235cb0ebd2b3293c43d41bc4713a79dc4b3bf2f6cfc","cc19c294f52357132907a235cb0ebd2b3293c43d41bc4713a79dc4b3bf2f6cfc","0fd7f2145d734db84a24ddaea272bee7ea9b2126f9e4eafc761d528e58c980bf","0x80078564","structural"
"0x8007650c",,,"1","1","118","0","2","1","0","0","0","prologue_only","prologue_only","b0fcae87d15fe0cd3ab641b178bfa73cddef31c0d2467bf126e001d52620ce62","b0fcae87d15fe0cd3ab641b178bfa73cddef31c0d2467bf126e001d52620ce62","27d9c69b78e226e1d57ee94dc6e45c9fbcd3015abb128847118bc9b524bab7a7","0x800789BC","structural"
"0x800766e4",,,"1","1","192","1","3","1","0","0","0","direct_call","direct_call","3bccc3b762e5b18760095016330f284ccbe407f22fe26ce462c207f0d3886771","3bccc3b762e5b18760095016330f284ccbe407f22fe26ce462c207f0d3886771","1df5d5facad065e901e17de4a074d91c7237163d689672f21fa600041caf68bf","0x80078B94","structural"
"0x800769e4",,,"1","1","79","1","1","1","0","0","0","direct_call","direct_call","4de1788a001050aa75c1aef29b15034a56773c3f9027307bc0653b95b5522213","4de1788a001050aa75c1aef29b15034a56773c3f9027307bc0653b95b5522213","ccf978849f133a984afca22e328bd14a8aa5b43777737df2e5da48298141f3e3","0x80078E94","structural"
"0x80076b20",,,"1","1","119","1","5","1","0","0","0","direct_call","direct_call","b338371fc27283a563bc19ecb5d9834585250e21fca260cdf85cc822a40cc66c","b338371fc27283a563bc19ecb5d9834585250e21fca260cdf85cc822a40cc66c","ac25be1c92951336da2d30cd479a2f1de3bdb81e31a6570f2ffe128fe0ad1b58","0x80078FD0","structural"
"0x80076cfc",,,"1","1","419","0","19","1","0","0","0","prologue_only","prologue_only","359b12e6aba2f537c1a0abe177501709ca2c7e2c93d7c737a54d36f99e42209c","359b12e6aba2f537c1a0abe177501709ca2c7e2c93d7c737a54d36f99e42209c","50d7922e01bd2283137fe89446676925a33a351055a2912e8f014172cd8998d0",,
"0x800773fc",,,"1","1","70","0","1","1","0","0","0","prologue_only","prologue_only","ff5d21cee8ffdb5f39584e650617e13dcac144ab585ce91b9f70bf467c6cf482","ff5d21cee8ffdb5f39584e650617e13dcac144ab585ce91b9f70bf467c6cf482","0c200fe2be381d4d1433e588e1cbd258b7ea188d2fcf67c45523620db8f8f285","0x80079890","structural"
"0x80077514",,,"1","1","81","0","1","1","0","0","0","prologue_only","prologue_only","c0feae0f386775955dc923ee7755523b99f939af0baf6ced3b06b249f7a2d01c","c0feae0f386775955dc923ee7755523b99f939af0baf6ced3b06b249f7a2d01c","6ed56ab7a9f514647a575a0fe724bbd7b5b2019a23110936fe8a196569f2418f","0x800799A8","structural"
"0x80077658",,,"1","1","18","0","0","1","1","1","0","overlay","overlay","0df40c7ca772094cade80cd96f4f293f68741d27362e6b0c342aae6ad125c8a2","0df40c7ca772094cade80cd96f4f293f68741d27362e6b0c342aae6ad125c8a2","71a0f5c9bd3e5667ea3dbdf2c43e4b10ca07c925934028cc411559d829005c2e","0x80079AEC","structural"
"0x800776a0",,,"1","1","87","11","2","1","0","1","0","direct_call","direct_call+overlay","413cca724deee50a52b8a0dcc63a5c7514e8dc7ce3196169229082294eb5ecba","413cca724deee50a52b8a0dcc63a5c7514e8dc7ce3196169229082294eb5ecba","c71bd0fac7c1aa20cec12b2199f2f9f12c4fc1e9642feecab7de67f43a2ce5ea","0x80079B34","structural"
"0x800777fc",,,"1","1","37","2","0","1","0","0","0","direct_call","direct_call","cc40be80121c8c64f0bde0442c354cea0588a8e5d0f7d459410ea98b127450f9","cc40be80121c8c64f0bde0442c354cea0588a8e5d0f7d459410ea98b127450f9","e019660b625985c77550fd44181f9241bc9db7d7a3c1e0a59bd0a113fea33065","0x80079C90","structural"
"0x80077890",,,"1","1","46","2","0","1","0","0","0","direct_call","direct_call","58aef21e773358e5045ff5d6d8662afeaf93dc917e56c668fc700946a7be660a","58aef21e773358e5045ff5d6d8662afeaf93dc917e56c668fc700946a7be660a","a094771fe3909197984451a08e63b62eca0cb303f25a071455af2b8b3adcedc8","0x80079D24","structural"
"0x80077948",,,"1","1","68","3","1","1","1","0","0","direct_call+overlay","direct_call","ee5ddc9a48daade213567aaaeca1e01749fcdfa682d4ad9fc6dbd8fd0d1efa56","ee5ddc9a48daade213567aaaeca1e01749fcdfa682d4ad9fc6dbd8fd0d1efa56","84baabbc9c1b22c165f8f1c2bc31fad52cbd74d26a9bd8f6149310074b590a5a","0x80079DDC","structural"
"0x80077a58",,,"1","1","106","1","2","1","0","0","0","direct_call","direct_call","05508656b61c3aa0a942c72ee141f025305e8fbcf9382629185e1dc8714d5d98","05508656b61c3aa0a942c72ee141f025305e8fbcf9382629185e1dc8714d5d98","54693dc8aa9ff02fc036d47c2f52ff375a98ec14bf0719889f3a9904f3f16a77",,
"0x80077c00",,,"1","1","37","2","1","1","0","0","0","direct_call","direct_call","153abd0fec6b2a4dfbb9c0994e6844c35f2a766669afffea35833a4dc42029ff","153abd0fec6b2a4dfbb9c0994e6844c35f2a766669afffea35833a4dc42029ff","0636c185b22c5d5b0fb8981a5f5efc6b0b8672d92984e8d25524858d5729411e","0x8007A080","exact"
"0x80077c94",,,"1","1","22","4","0","1","0","0","0","direct_call","direct_call","308be13c0593b2e073e54d1d6a3fd08eb3e2d7ed957db9d85fe284249897dee6","308be13c0593b2e073e54d1d6a3fd08eb3e2d7ed957db9d85fe284249897dee6","b56c8cb8493a363645b1c579799f57ad2e3e58da5124763ff62682fe0f54fbbe","0x8007A114","structural"
"0x80077cec",,,"1","1","46","2","1","1","0","0","0","direct_call","direct_call","1ade3c61b90460f2cf40f19c639865b70432a5d94b041fd52cbb2546bdba8216","1ade3c61b90460f2cf40f19c639865b70432a5d94b041fd52cbb2546bdba8216","ba00439248e9d779b04b711e939fab1cddc6cbf44e6b2474105452c4e2a68085",,
"0x80077da4",,,"1","1","30","31","0","1","1","0","0","direct_call+overlay","direct_call","475d1ce799c2e15dae94c87e04c46b6d6dd5b20636944c0385e335fddefff4d0","475d1ce799c2e15dae94c87e04c46b6d6dd5b20636944c0385e335fddefff4d0","c298331c2880def12c315571a5f7eb66e67ba3efafa4822d50992ee69f58e07a","0x8007A2AC","structural"
"0x80077e1c",,,"1","1","56","3","2","1","0","0","0","direct_call","direct_call","0ddbab1475cbef50e1ad886e6b5630880b60c17f3a5c3eea232d79bbdbe1f96a","0ddbab1475cbef50e1ad886e6b5630880b60c17f3a5c3eea232d79bbdbe1f96a","82c1513aadf87335419754031f8e6c75c75f840da8e9f8f5065805aa22083575","0x8007A324","structural"
"0x80077efc",,,"1","1","9","1","1","1","0","0","0","direct_call","direct_call","86974c045fc04a0c0279aca3c15ceec2572c674a85d0185d05ee8c01d191c993","86974c045fc04a0c0279aca3c15ceec2572c674a85d0185d05ee8c01d191c993","61159618a3aaa49023d18f300457cf8ecb96550a030f9faf98c97745b779443b","0x8007A404","structural"
"0x80077f20",,,"1","1","53","3","1","1","0","1","0","direct_call","direct_call+overlay","1094ba51e5610705214027b00ecb69a89f82a05e93b2d36b13c1acbfb12bf754","1094ba51e5610705214027b00ecb69a89f82a05e93b2d36b13c1acbfb12bf754","ac3e28146338e4a2583d42ac3c2cfb9b86e5ecfba907d6a43e611134271a740e","0x8007A428","structural"
"0x80077ff4",,,"1","1","421","1","4","1","0","0","0","direct_call","direct_call","b3719169598602aa5f09f47e85269ec4afdba65ae9af8b8440c414182ec4a9bf","b3719169598602aa5f09f47e85269ec4afdba65ae9af8b8440c414182ec4a9bf","27f4a61208e81c62de7577b740dbce346641c093b366aa8d1a397efa1d1a7e83",,
"0x80078688",,,"1","1","46","1","1","1","0","0","0","direct_call","direct_call","d91786086114335e96f8bb99b2a8eac05a6929553f379f7e260ec53076d1e262","d91786086114335e96f8bb99b2a8eac05a6929553f379f7e260ec53076d1e262","2071a762d182f6c2063a56732182e6da4f65234f52328779f41c85df4186d823","0x8007AB7C","structural"
"0x80078740",,,"1","1","41","2","0","1","0","0","0","direct_call","direct_call","d4465205f9553fc6be3dba80f887869e5d23fed140278b7b2ceb1622176f4427","d4465205f9553fc6be3dba80f887869e5d23fed140278b7b2ceb1622176f4427","f873e87907707cd816c70f583cb32890e450925b83b5f0232a000337b90c510e",,
"0x800787e4",,,"1","1","185","4","4","1","0","0","0","direct_call","direct_call","4c787cb16a28442fb580ddad7991fe09181ccef7d5127975ba9d412be1332e5f","4c787cb16a28442fb580ddad7991fe09181ccef7d5127975ba9d412be1332e5f","204755117d652ecffc4c4c5cf747dc495fcc9453351a55d13a97b0613e4379cf","0x8007AD28","structural"
"0x80078ac8",,,"1","1","43","28","1","1","0","0","0","direct_call","direct_call","ad22a7bf8b9fc560e4727358b460ff2805c3ba4174ac0a166dc641502f3e610e","ad22a7bf8b9fc560e4727358b460ff2805c3ba4174ac0a166dc641502f3e610e","323dc4d1cd199b58ac5053e40900ca6cd2582d722d89586d03ba7baee63a34ea","0x8007B00C","structural"
"0x80078b7c",,,"1","1","42","0","1","1","0","0","0","prologue_only","prologue_only","64a42ce9da6618b7bb269794cb52c372e6cd414f9e5caa45aa89c115eb6a6b15","64a42ce9da6618b7bb269794cb52c372e6cd414f9e5caa45aa89c115eb6a6b15","0e394a0faf33b9ad3b86e1e7385c74d2062986bcec4afe9262392e50b86560d7","0x8007B0C0","structural"
"0x80078c24","PlayerObject_Handler","confirmed","1","1","78","0","2","1","0","0","0","prologue_only","prologue_only","5cafad43a956bdffdbecdc0425af4de8efbbc873348419121387e556264f875c","5cafad43a956bdffdbecdc0425af4de8efbbc873348419121387e556264f875c","c288bf065960de954c2e94cd5753ff6a31262b4e54a477c8fd5c56c15da064d3","0x8007B168","structural"
"0x80078d5c",,,"1","1","347","2","5","1","1","1","0","direct_call+overlay","direct_call+overlay","f2a0cadfe4dea63a8817f0e88a9fc1bd589c4d8d50e8b559ef9c5e7a9d5bbe18","f2a0cadfe4dea63a8817f0e88a9fc1bd589c4d8d50e8b559ef9c5e7a9d5bbe18","e5827b711862b9835b68dd091a0d3c0ac2f0a57ef8372cf2394e691b9c8de551",,
"0x800792c8",,,"1","1","59","3","2","1","0","0","0","direct_call","direct_call","f017e25d2ebc54f8b72765f4ca1faf9fd9499bf8bb10f13d3329977b7e1cdb83","f017e25d2ebc54f8b72765f4ca1faf9fd9499bf8bb10f13d3329977b7e1cdb83","fdcc8c8a6946849083109947b40a0463c04e21588503e5eef0bab3e3b616ebc2","0x8007B83C","structural"
"0x800793b4",,,"1","1","72","2","3","1","0","0","0","direct_call","direct_call","231fee1618dba7ff0519d32b30e4bd26248f9ed49c48543b5eeef300318bfa01","231fee1618dba7ff0519d32b30e4bd26248f9ed49c48543b5eeef300318bfa01","44230ebedab170c1d049f0e1f5b77c1e34e3b6ea83753c40df0f7d032321dcd4",,
"0x800794d4",,,"1","1","129","4","4","1","0","0","0","direct_call","direct_call","eef40ac4d0189da5431c26bd4985d580db9b719178aab85305c2ac7594b35727","eef40ac4d0189da5431c26bd4985d580db9b719178aab85305c2ac7594b35727","69ef5da642d963bf54fd1a572f9f5e224f9abef6af44c0aa1057ce808fdda16a","0x8007BA60","structural"
"0x800796d8",,,"1","1","42","1","1","1","0","0","0","direct_call","direct_call","eeaa783a16a5596740e5c499e322259f0b407b2b40546eebefc1d04d1f65dd9c","eeaa783a16a5596740e5c499e322259f0b407b2b40546eebefc1d04d1f65dd9c","61ce4aed3186cf8ea446723cf5d9208cbc63f8d038292c8eca2613777ad2d4e5","0x8007BC64","structural"
"0x80079780",,,"1","1","255","5","7","1","1","0","0","direct_call+overlay","direct_call","01446ebb0fb722421efc7a197af51218799d31cba5e49757837bd550784ac5a3","01446ebb0fb722421efc7a197af51218799d31cba5e49757837bd550784ac5a3","4cb84c082cc985dbdea938e953a964be97e1355f2000b7e61f9e76fe20ae3626",,
"0x80079b7c",,,"1","1","72","1","4","1","0","0","0","direct_call","direct_call","f164f28ccf364b0966c490c443d59d80048aa0a471d5f179605cc63c47483a0f","f164f28ccf364b0966c490c443d59d80048aa0a471d5f179605cc63c47483a0f","8b5a35877c256aad047586abf8e331345f9123a1105d0bbfb52d21038fd8aa2f","0x8007C108","structural"
"0x80079c9c",,,"1","1","45","3","0","1","0","0","0","direct_call","direct_call","132e577d25bd5b7f6d050c0e6c4c597eae1e181431c1cacc7cb1a09263ac02f4","132e577d25bd5b7f6d050c0e6c4c597eae1e181431c1cacc7cb1a09263ac02f4","a0c80b30e1407b1ae114526b01b9d341357e6a7e5565a08c5c0908ee8eeb4061","0x8007C228","structural"
"0x80079d50",,,"1","1","75","7","1","1","0","0","0","direct_call","direct_call","3a9c611d5332beb2dd6a53622a32204882a4015f2fd841089ccfa1a63a750568","3a9c611d5332beb2dd6a53622a32204882a4015f2fd841089ccfa1a63a750568","123d85d2aa13f0e0526ccaa7182dc41b14accab2e3b0e6dfc961f4fc9842dd40","0x8007C2DC","structural"
"0x80079e7c",,,"1","1","40","11","1","1","0","0","0","direct_call","direct_call","e3ad4ec581361fd8f1080e28048e8eba925b57d61fba036ef1ec230cde8d75f0","e3ad4ec581361fd8f1080e28048e8eba925b57d61fba036ef1ec230cde8d75f0","77cf948533862da0ef7ea76edfc20c7009aa691af7d3de313b518d2d108b193d","0x8007C408","structural"
"0x80079f1c",,,"1","1","17","2","0","1","0","0","0","direct_call","direct_call","fb1382ee50deda56316ca9808c456839d6a058ebce6a590c64eaf3a9f5ff6c4a","fb1382ee50deda56316ca9808c456839d6a058ebce6a590c64eaf3a9f5ff6c4a","bce20e4a09a38653f50e2d149b9328123026a710e6ab14d54c0a215d902d376e","0x8007C4A8","structural"
"0x80079f60",,,"1","1","14","2","0","1","0","0","0","direct_call","direct_call","24d5902e5fdf8eee691064b8c035f6e97116aa1a4fc2b1b0da626ddab5e69412","24d5902e5fdf8eee691064b8c035f6e97116aa1a4fc2b1b0da626ddab5e69412","f4d9855303c20e871cfde7e57043b56fe5f028484d83a9a79271eb8b4e80e844","0x8007C4EC","structural"
"0x80079f98",,,"1","1","69","1","3","1","0","0","0","direct_call","direct_call","cb87bdafdd8d3044665343e6cdfa7b55604979fc51d8745a4585fd1898c503ad","cb87bdafdd8d3044665343e6cdfa7b55604979fc51d8745a4585fd1898c503ad","04c6e8085d103c4fcc4d20ffc3ba770d129d20a29321df1b7ccbe93b045c11f8","0x8007C524","structural"
"0x8007a0ac",,,"0","1","11","0","0","1","","1","0","","overlay","","085acbc6228ee8f9755a165b9292a1d2d794fc047078291159b7798a654d7a90","f8dfb2b7785784a979eb2508592be01faa178bbd27c2f6bfeb141f95b2fc914f",,
"0x8007a0d8",,,"1","1","31","4","0","1","0","0","0","direct_call","direct_call","7fc67ec110c4c3c74416c2a868ba5aa2e8096c385131881816833d375091be65","7fc67ec110c4c3c74416c2a868ba5aa2e8096c385131881816833d375091be65","43665ad52d141d413b05ff9f49ee228e97ee2e8ca1bca999b22419087ab8b273","0x8007C664","structural"
"0x8007a154",,,"1","1","59","2","1","1","0","0","0","direct_call","direct_call","d41263c1e47a4ba01a75e2cc2afe7ee373455b301b5a1f4f857c2fdf07d80ec3","d41263c1e47a4ba01a75e2cc2afe7ee373455b301b5a1f4f857c2fdf07d80ec3","5166fd7902adfeb7b827748c5ca78bb36405772aefc1c73b4ed2ff183c50ba60","0x8007C6E0","structural"
"0x8007a240",,,"1","1","528","2","4","1","0","0","0","direct_call","direct_call","b4ceb00788706d128841be6ffa0e355eb1fd4da53e173e21db984f8f46d17374","b4ceb00788706d128841be6ffa0e355eb1fd4da53e173e21db984f8f46d17374","335e7c550fc649804531236f41a0b4171200ae9b53ebcff37b61cfbc5da574a5",,
"0x8007aa80",,,"1","1","132","1","3","1","0","0","0","direct_call","direct_call","77be301740d72a1a7722cac9e5d38196bbf8fa2961e10c6dfad36ed4b9a39fcf","77be301740d72a1a7722cac9e5d38196bbf8fa2961e10c6dfad36ed4b9a39fcf","fc836a7cc22d1eb3da4e873dd39f32401c2e27befd17f70798cd85e4a6fa14e4","0x8007CFFC","structural"
"0x8007ac90",,,"1","1","41","1","1","1","0","0","0","direct_call","direct_call","2a9849aef74850064de7e409ef766396e99e320e3a73daa776771baa2406bcad","2a9849aef74850064de7e409ef766396e99e320e3a73daa776771baa2406bcad","7d6b73c61c80dd807ce55f1f70b22a7c844e35400aa6648e0ba4b30128ec2084","0x8007D20C","structural"
"0x8007ad34",,,"1","1","90","8","0","1","0","0","0","direct_call","direct_call","17f89b045d4417065afb33c6f9f04e06ae3492b989265bcb8f58cfa4fc53d35a","17f89b045d4417065afb33c6f9f04e06ae3492b989265bcb8f58cfa4fc53d35a","6bc9f2749b8c05d88c9ef0d2d56fb32f24ca0f84f253a75b762da6c09d791c8b","0x8007D2B0","structural"
"0x8007ae9c",,,"1","1","145","9","4","1","0","1","0","direct_call","direct_call+overlay","e1c0198f84c61414ff56def822739c616694b65bb6251b08da8dedc8585f1a13","e1c0198f84c61414ff56def822739c616694b65bb6251b08da8dedc8585f1a13","615b2c788a06de7c9403c084d0c97982f62d2abc9fdb684eec93a1da0ad72268",,
"0x8007b0e0",,,"1","1","33","1","2","1","1","1","0","direct_call+overlay","direct_call+overlay","bbba214d3cc3b94174d18b3fdcb8daa7760f02cc3aca1ab7198ebb38616f80c2","bbba214d3cc3b94174d18b3fdcb8daa7760f02cc3aca1ab7198ebb38616f80c2","78ceaece5c2bcc23a874f8b683c78f71d406ec6b16c0c7bf3fbd71af634e0fd3","0x8007D5FC","structural"
"0x8007b164",,,"1","1","45","1","1","1","0","0","0","direct_call","direct_call","5ddce8498a038ada05614e5cada83ca00bc09f97ac911681834981a7016cdaa8","5ddce8498a038ada05614e5cada83ca00bc09f97ac911681834981a7016cdaa8","5e69610d5f07d85eee20761d8481c8d5e67fb4bdccb73cc58a0935b4ce8ecc8d",,
"0x8007b218",,,"1","1","330","2","4","1","0","0","0","direct_call","direct_call","65eec5984887a140bc85992138a7ff10a85f20562d0d7e3a9020acf1bbaea452","65eec5984887a140bc85992138a7ff10a85f20562d0d7e3a9020acf1bbaea452","ff574d3435c513e39bcbfcd96ffd8f130330aa5ee071d377fd37148d7577d223","0x8007D718","structural"
"0x8007b740",,,"1","1","3","1","0","1","0","0","0","direct_call","direct_call","dc7fc95cab65951cf434fef78103434f455ff7b3b81c02b031f236eb56a5e3de","dc7fc95cab65951cf434fef78103434f455ff7b3b81c02b031f236eb56a5e3de","b2ec30029d4d6763d6fc413025f5f0f33dd2f5ab1a58504fd594116e176a7f0d",,
"0x8007b74c",,,"1","1","173","2","2","1","0","0","0","direct_call","direct_call","097ae2cc3750e620fb8397fdbdfef2f19994976c75f4ca9f9afe5537c0ab131b","097ae2cc3750e620fb8397fdbdfef2f19994976c75f4ca9f9afe5537c0ab131b","ed3839ce2e5cb38a7475e007e3440597dd7c862a27d0e39181a7f2aba3aeb1d6","0x8007DC4C","structural"
"0x8007ba00",,,"1","1","13","1","0","1","0","0","0","direct_call","direct_call","5e0e56d7d10e511a911218c16f664e0bbb3de98ad561196a783b3da792f96996","5e0e56d7d10e511a911218c16f664e0bbb3de98ad561196a783b3da792f96996","0fe8813a9192099075cb5c210dde9b1ad08cd362efb930bda81ec20285d67f99","0x8007DF00","structural"
"0x8007ba34",,,"1","1","75","3","5","1","0","0","0","direct_call","direct_call","9d4f20f471c32b04490593ce60998b5a198bc6347e905ed927b4a764a147c293","9d4f20f471c32b04490593ce60998b5a198bc6347e905ed927b4a764a147c293","0c11468a9e8329e65ad2456f172ff66d5842026028f162ff0a2331a7a05f3531",,
"0x8007bb60",,,"1","1","34","4","2","1","0","0","0","direct_call","direct_call","833fb5829e69fb6ccca571e92505e2215b787e95d18f7c300cd0b6fb0937eea5","833fb5829e69fb6ccca571e92505e2215b787e95d18f7c300cd0b6fb0937eea5","4dc61de802e69946525b3438abc04ea901dca756baaeb8f84da7fe0b9a26c384","0x8007E0A4","structural"
"0x8007bbe8",,,"1","1","50","12","3","1","0","0","0","direct_call","direct_call","05957338eb21846208de1bf1038e758b0b2ec445ff44c2e15ce94893ccad2e62","05957338eb21846208de1bf1038e758b0b2ec445ff44c2e15ce94893ccad2e62","e0d16cda7d4e12d2eb4ce2fddaa66b7b13a33b619af1c676fc9cc00e6586563b",,
"0x8007bcb0",,,"1","1","358","2","3","1","0","0","0","direct_call","direct_call","6ef9d843d77c9af23f377b2240a10402f1a835f9187a24c9f9a6dac27fafb873","6ef9d843d77c9af23f377b2240a10402f1a835f9187a24c9f9a6dac27fafb873","1a9067986cfd10c66be47b473c33a20c1d8ae92eab662ea74c8947d3eec77ad6","0x8007E228","structural"
"0x8007c248",,,"1","1","15","0","1","1","0","0","0","prologue_only","prologue_only","2f5c4f4f063b7321198829595b87d6668ee5d6f4da037a7482695765007a7518","2f5c4f4f063b7321198829595b87d6668ee5d6f4da037a7482695765007a7518","efade28ef1e8fe4d589ae7ee07915fee696178c36ecea3d83f5bef6316f9c3b3","0x8007E7C0","structural"
"0x8007c284",,,"1","1","11","4","1","1","0","0","0","direct_call","direct_call","239423e3517fb70e93e765a4abb8fa909d3924438e3ae3dc546c0c01e09e5e49","239423e3517fb70e93e765a4abb8fa909d3924438e3ae3dc546c0c01e09e5e49","473e454a1d379bb619899a6c50266d12f54ae9212d956e4d60c96cb4f3f1674b",,
"0x8007c2b0",,,"1","1","23","8","1","1","0","0","0","direct_call","direct_call","6a5805b9110928764c55928741129220367736de73c78fef76126dc06e64bbc4","6a5805b9110928764c55928741129220367736de73c78fef76126dc06e64bbc4","5542c1205c39dfafe4121ecf4da9790cb9613eda80d22f8f7c6c4bd5e21e9eb3","0x8007E85C","exact"
"0x8007c30c",,,"1","1","19","2","1","1","0","0","0","direct_call","direct_call","2c8c0a42d7ae003ac3958081eade826acaa429d68e4b591b8aa593dc06a0bfa8","2c8c0a42d7ae003ac3958081eade826acaa429d68e4b591b8aa593dc06a0bfa8","743aed763ad4e2d802ae9c34e5f34ebaa80650e39be0cf27c9a38a1f9e1d14b7","0x8007E8B8","exact"
"0x8007c358",,,"1","1","17","0","1","1","0","0","0","prologue_only","prologue_only","c4fb1d624db81c75fb09cae8929989f9eeb8cd819da3af604c2562f448b2aa5e","c4fb1d624db81c75fb09cae8929989f9eeb8cd819da3af604c2562f448b2aa5e","5cf09725973870f2ccfdac0f643e3878052bb53b3ba419e7987452ab642f99f3",,
"0x8007c39c",,,"1","1","17","0","1","1","0","0","0","prologue_only","prologue_only","7cfe6c8aca790cdd33ad574253b21fa75260c136d9713b99f3515d715904e3d2","7cfe6c8aca790cdd33ad574253b21fa75260c136d9713b99f3515d715904e3d2","5cf09725973870f2ccfdac0f643e3878052bb53b3ba419e7987452ab642f99f3",,
"0x8007c3e0",,,"1","1","52","0","3","1","0","0","0","prologue_only","prologue_only","8fa519026b88311ae6cd2da9ae605fbecb2ebc4bbc892476d2a0b1174d708360","8fa519026b88311ae6cd2da9ae605fbecb2ebc4bbc892476d2a0b1174d708360","dab2c22ec38244f14590f030cf619f8517f54bd8177ceee88eec0568e45f3f72","0x8007E98C","structural"
"0x8007c4b0",,,"1","1","41","0","2","1","0","0","0","prologue_only","prologue_only","5a8dcb301476a48b1925ef6b6fb211c2802995cbd7544200332b15ac8846a854","5a8dcb301476a48b1925ef6b6fb211c2802995cbd7544200332b15ac8846a854","0939d6b07b1c2a83003f430aa7c53f4f170bb089e206d46f02c7b8c65bedb7cd","0x8007EA5C","structural"
"0x8007c554",,,"1","1","35","0","1","1","0","0","0","prologue_only","prologue_only","135f536031678f3ab429ca868f82acb0e7443dfe02e3d0336444abbf61a05ff2","135f536031678f3ab429ca868f82acb0e7443dfe02e3d0336444abbf61a05ff2","7c17936f419a018b73b7f88c6cc8093d2459b9cb27243ce33d72ec476fd3277d","0x8007EB00","structural"
"0x8007c5e0",,,"1","1","24","7","0","1","0","1","0","direct_call","direct_call+overlay","aac82de5268a1089fd4f4e85de448acac52364e48c8e7156ca5b9624b593a055","aac82de5268a1089fd4f4e85de448acac52364e48c8e7156ca5b9624b593a055","1f343da98619dafb82f071b72d2bcdbdefb0599928248afef944e6f493519a94","0x8007EB8C","structural"
"0x8007c640",,,"1","1","88","2","1","1","0","0","0","direct_call","direct_call","645c28e0b9efa73997f6a8fadce32d1496d4cc88555f1a0e1aaf9503adad9c43","645c28e0b9efa73997f6a8fadce32d1496d4cc88555f1a0e1aaf9503adad9c43","687c2a29ee86a71edd1c6298f0853101fdb2a3ca58f5b270ab735d8d6dfb6784","0x8007EBEC","structural"
"0x8007c7a0",,,"1","1","16","3","1","1","0","0","0","direct_call","direct_call","1fe14f507e3dfe55c138acb3dc089cd8f0a5b9f6b26dfa3e61dfc16bc5a317c3","1fe14f507e3dfe55c138acb3dc089cd8f0a5b9f6b26dfa3e61dfc16bc5a317c3","9e894b31696a237fe65ad4d2bfa9dbd9035293964dadd6543c2ff423b6a247f6","0x8007ED4C","structural"
"0x8007c7e0","ActorEquippedItem_Assign","confirmed","1","1","126","3","5","1","0","0","0","direct_call","direct_call","1a68b32b4a79a20e997dc62ae96470885eb22cf4f9a4b8d86818ac04a878bf2b","1a68b32b4a79a20e997dc62ae96470885eb22cf4f9a4b8d86818ac04a878bf2b","7fbceaa539742d8510256a1a909e74990226472dbd93ec5d8afaaff102b865e7","0x8007ED8C","structural"
"0x8007c9d8",,,"1","1","62","2","1","1","0","0","0","direct_call","direct_call","11fdb3c420bff3b41f0d8cab14475079fac8b09ade14abae8d6cb8358bd72b55","11fdb3c420bff3b41f0d8cab14475079fac8b09ade14abae8d6cb8358bd72b55","fe4e48c2c1c4fc1d3ca4a49eeb7d06cda2753201438805a018e241bfeeb118e2","0x8007EF84","structural"
"0x8007cad0",,,"1","1","143","1","9","1","0","0","0","direct_call","direct_call","fb73c1562f5267e6d4fa0559a3d155071a3f784f32ecc836000ecd5a8422b52f","fb73c1562f5267e6d4fa0559a3d155071a3f784f32ecc836000ecd5a8422b52f","fbdef0c3d7510474a0e6c8fdf34a66319f20758062244fa425da8b01a2a721dc","0x8007F07C","structural"
"0x8007cd0c",,,"1","1","153","0","9","1","0","0","0","prologue_only","prologue_only","c359fbb480724b1e8d4801b327e407fb48bf7fb6177a90256537f90bf95cbecf","c359fbb480724b1e8d4801b327e407fb48bf7fb6177a90256537f90bf95cbecf","f30135cd9095f8d1b34945a845a9b1afd2e0a6fa4e0b5a9ffc7be197f1175f5c","0x8007F2B8","structural"
"0x8007cf70",,,"1","1","71","0","4","1","0","0","0","prologue_only","prologue_only","ab8efa1d84cb0f62c9575756b69e41a4b1860cd104dd61d7f7bf2fed39d33d48","ab8efa1d84cb0f62c9575756b69e41a4b1860cd104dd61d7f7bf2fed39d33d48","75626f708c0b7f805cf2a4a10c01807b212b8d8b7f0b19c724ba0b60c01601a0","0x8007F51C","structural"
"0x8007d08c",,,"1","1","79","0","3","1","0","0","0","prologue_only","prologue_only","c9f7d8d07bbe8f23d13c3fd7388c128a75d6ca8f5889421d2475ac6018fa3a7d","c9f7d8d07bbe8f23d13c3fd7388c128a75d6ca8f5889421d2475ac6018fa3a7d","086763b1b235809e10ebf6bdadc540856f9724c9e5e2a5b0d4fd0afc0edae9ff","0x8007F638","structural"
"0x8007d1c8",,,"1","1","104","5","1","1","0","0","0","direct_call","direct_call","768f83ec6a6be0b2b64fc189779e99b89007fee560348d89deff4e8f65fc6b41","768f83ec6a6be0b2b64fc189779e99b89007fee560348d89deff4e8f65fc6b41","f60ca9536f83eedbd7fcacefdcb62185e54224dd155244de173310042afc4b45","0x8007F774","structural"
"0x8007d368",,,"1","1","39","0","2","1","0","0","0","prologue_only","prologue_only","5564e46d554763923e70b434f83f25dd124b7b3b5a6b70489a38d40a465d558b","5564e46d554763923e70b434f83f25dd124b7b3b5a6b70489a38d40a465d558b","b03a8f9b53ceb3d68aeef4d1ebbc220dfa27606d75daaf0706b521fef115543a","0x8007F914","structural"
"0x8007d404",,,"1","1","27","2","1","1","0","0","0","direct_call","direct_call","5622c01490ea90200ee730e39b53143d2af7068266e791e139fac1f0f3c5dfc1","5622c01490ea90200ee730e39b53143d2af7068266e791e139fac1f0f3c5dfc1","7322c76acbd368a9e8894f243079eb3bae33379ffa9dce31348f9c3c1203e344","0x8007F9B0","structural"
"0x8007d470",,,"1","1","69","0","4","1","0","0","0","prologue_only","prologue_only","f6d8ecbc1b929e45570f7875bb8cbb3197c0c576551326f75036312d48734be7","f6d8ecbc1b929e45570f7875bb8cbb3197c0c576551326f75036312d48734be7","3488f338e023083dd632bdf75a6313bbef1c90b85a535ea184cd5173d67085f3","0x8007FA1C","structural"
"0x8007d584",,,"1","1","10","0","0","0","0","0","0","prologue_only","prologue_only","6064d283bb4929fb5a50eb38eb71afbcf94a412ac6c0a30e8f91238d66de27df","6064d283bb4929fb5a50eb38eb71afbcf94a412ac6c0a30e8f91238d66de27df","8a9d7909dfbf024b6c3c91f9a08d955205d22a76214647264d467f75f1339b5f",,
"0x8007d5ac",,,"1","1","75","1","4","1","0","0","0","direct_call","direct_call","f8a2aeb6004b49efc10c0d3b716b67c9338122d8a157a5aaa2099991b3312333","f8a2aeb6004b49efc10c0d3b716b67c9338122d8a157a5aaa2099991b3312333","d9b00b2d8c7e6fddfb7e5006d132990fe8ca033743b083643f865eecd6733744",,
"0x8007d6d8",,,"1","1","75","0","5","1","0","0","0","prologue_only","prologue_only","0e99e3f79f48b1f72297881df297c647e4e2be0a8592f8732b33f3aefff10210","0e99e3f79f48b1f72297881df297c647e4e2be0a8592f8732b33f3aefff10210","39cfaad9789775ca80d86e63e5d30538b5bc966efc7a1cf68471f5b26dcb66c5",,
"0x8007d804",,,"1","1","102","0","3","1","0","0","0","prologue_only","prologue_only","8563897cffdb4473f154c15d816ef7b7f72104b738ed0a71afba9e6fe951c403","8563897cffdb4473f154c15d816ef7b7f72104b738ed0a71afba9e6fe951c403","768691db6f13d7a622fc1178472973f59227d0d3b6fe50b968e144a93fb62afb","0x8007FDB0","structural"
"0x8007d99c",,,"1","1","80","0","3","1","0","0","0","prologue_only","prologue_only","1f6adfda63692ebe966576a53472ec8caae6fdf5fe8baac4febf784e62e3f29e","1f6adfda63692ebe966576a53472ec8caae6fdf5fe8baac4febf784e62e3f29e","d2e09f4f3c4ff5643bf5369925d445e9b08e268d23a871d3ad8653f0b69ad5fa","0x8007FF48","structural"
"0x8007dadc",,,"1","1","75","0","3","1","0","0","0","prologue_only","prologue_only","d3ba0babd716ee843f961c00e6d01959f1c0e9ed2510968326108b3d548912af","d3ba0babd716ee843f961c00e6d01959f1c0e9ed2510968326108b3d548912af","1fdb27e90f6e794bd85f803e2ab7b1faf18923d60f96764826f1d207d6a95096",,
"0x8007dc08",,,"1","1","30","3","1","1","0","0","0","direct_call","direct_call","e0d675264ef13f0d7995a37956bf676c875f02fdaf9764280b9a0cb4ad33aecd","e0d675264ef13f0d7995a37956bf676c875f02fdaf9764280b9a0cb4ad33aecd","2742b978cb9aa4006cdafbdd74314e03b21ac33ebe23b7ef8462261a57e9634c","0x800801B4","structural"
"0x8007dc80",,,"1","1","370","2","10","1","0","0","0","direct_call","direct_call","93cae628296ade912f3a631aab310ae76936e1a70778d98bf9207e255f386b57","93cae628296ade912f3a631aab310ae76936e1a70778d98bf9207e255f386b57","d2e348fe7db2eef9331c33d035ff3638005f0766b26c10519b012664539d2aef",,
"0x8007e248",,,"1","1","118","1","5","1","0","0","0","direct_call","direct_call","874ed3734a1f805cf12066552c124365f5d5271360692c5d42547b45e20e8ccf","874ed3734a1f805cf12066552c124365f5d5271360692c5d42547b45e20e8ccf","e0cd7a4234822f6f575ee498d38b5f24152aefe6ca81954fa66f1ff3d3ef4271",,
"0x8007e420",,,"1","1","482","1","10","1","0","0","0","direct_call","direct_call","29d25f328b2a2f9c53edf649802b5de5817d8d0a045773f5a37f3b8b159d8d14","29d25f328b2a2f9c53edf649802b5de5817d8d0a045773f5a37f3b8b159d8d14","89e33e1fdfc05d266aefbb52c05b72cbb5f400347da9f1ce93dcb939d5c559de",,
"0x8007eba8",,,"1","1","110","1","5","1","0","0","0","direct_call","direct_call","411e73d737024203eeb0bb5e5b192fd354f634015574cc07d2a2a0208b783ff6","411e73d737024203eeb0bb5e5b192fd354f634015574cc07d2a2a0208b783ff6","59ed378876d0b3bb2b92079db330eab4dbb337789a3c425f89f67f40afc796ec","0x80081174","structural"
"0x8007ed60",,,"1","1","987","1","17","0","0","0","0","direct_call","direct_call","e8aacb61a80d84ec2ace6cf41cde22a87d22221594e2d2c2682f4d4a6c778c54","e8aacb61a80d84ec2ace6cf41cde22a87d22221594e2d2c2682f4d4a6c778c54","697243bfce8d0535fbd0c377dabe66e22dfb4f74e9803f73cb5dfdf98921cc1c",,
"0x8007fccc",,,"1","1","257","1","4","0","0","0","0","direct_call","direct_call","300cdb6ac20ca46b1126cdf98ab53e2254b4e28778b43c62bbc6ceb592532890","300cdb6ac20ca46b1126cdf98ab53e2254b4e28778b43c62bbc6ceb592532890","1e0de7ed2884202276afd55b41e7b54ff1231a3f8fd7ff0761a6b91c84357585",,
"0x800800d0",,,"1","1","40","1","1","1","0","0","0","direct_call","direct_call","fa8328d36de00843b45f0e3d16232f3192c325b3791370257adc6c60412410f4","fa8328d36de00843b45f0e3d16232f3192c325b3791370257adc6c60412410f4","c45252ebdc4e5b8183da16f1b4e4459b750caa92a5d70413dd57f36c3c41fabc",,
"0x80080170",,,"1","1","22","8","0","1","0","0","0","direct_call","direct_call","3d84c30247ad1b1d42f0bec5169a75013ee51db9c22fa5f8f7b5446af904f68c","3d84c30247ad1b1d42f0bec5169a75013ee51db9c22fa5f8f7b5446af904f68c","ddf02cdf2442bf3ba785818d5f4fa0d0204e07739e722ad58d9ab1052b115532","0x80082750","structural"
"0x800801c8",,,"1","1","7","2","0","1","0","0","0","direct_call","direct_call","2cfdd94f1117c70cb48a6e8adcd58a5339011fca767ae317fceb5db24f946b81","2cfdd94f1117c70cb48a6e8adcd58a5339011fca767ae317fceb5db24f946b81","6a0d001f12604fae1b5ddd0d0403214e856a75c66d2790611c3505c4cd2f0d63","0x800827A8","structural"
"0x800801e4",,,"1","1","41","2","2","1","0","0","0","direct_call","direct_call","5b3665f30b95190e66325ade85833f815df0c476b9ffeb631e820f5d04edaf1c","5b3665f30b95190e66325ade85833f815df0c476b9ffeb631e820f5d04edaf1c","e8ee3848fbd0dca35227cf8920cacb0bd1ca38367711f43d65cba3125eb40122","0x800827C4","structural"
"0x80080288",,,"1","1","43","2","4","1","0","0","0","direct_call","direct_call","6b089646fd9f9c9a38ae30779e554c75b27018e16251dba72f74da239f6bcbef","6b089646fd9f9c9a38ae30779e554c75b27018e16251dba72f74da239f6bcbef","45656d311754549da8a725aed9b8d0968da4405e2d3149e718f3d8795729fec5","0x80082868","structural"
"0x80080334",,,"1","1","12","1","0","1","0","0","0","direct_call","direct_call","9d296e9a6296849111c5e47dd37556a80ab4929da82988cce5dd7fe488420a8a","9d296e9a6296849111c5e47dd37556a80ab4929da82988cce5dd7fe488420a8a","80732abfc372fa7e7cdef74a9139390721183f28dbec56da13455f508bb6c677","0x80082914","structural"
"0x80080364",,,"1","0","12","0","0","1","1","","0","overlay","","22549782e651ced6d83a9baa5c369056ca6b5a1daa8d4d28c046c930c63f5234","","4c1f624e077436748d0d4b614f32496185a9642f95cb463d43be47bb500f2bb1",,
"0x80080394",,,"1","1","37","1","0","1","0","0","0","direct_call","direct_call","59a9decffad5cff3645bf608f1b79f4d4a28a9ac5528540f5c8c26c17a7e4caa","59a9decffad5cff3645bf608f1b79f4d4a28a9ac5528540f5c8c26c17a7e4caa","8c4c5346211973c7a5446643685dbcbba4aef1ac14a58edb5d9aa59c8127cf28","0x80082944","structural"
"0x80080428",,,"1","1","36","1","0","1","0","0","0","direct_call","direct_call","1a6a1349078a31799a573aca53275045690cd8957a3cd888f5cecdd00889d7cf","1a6a1349078a31799a573aca53275045690cd8957a3cd888f5cecdd00889d7cf","35a48d1c9bc7165d206eb2e78e38133b9e502293ac1259254d2f63fbabcfc6a3","0x800829D8","structural"
"0x800804b8",,,"1","1","81","1","1","1","0","0","0","direct_call","direct_call","b73ab74f6bfc3487dd261772eb6b4cedb6a1e54c017c18749dc356051bb6146b","b73ab74f6bfc3487dd261772eb6b4cedb6a1e54c017c18749dc356051bb6146b","2e7c4e6ef721803129dfdfa8c58f177fff16a2050f10903888f03f8bee526f29","0x80082A68","structural"
"0x800805fc",,,"1","1","80","2","3","1","0","0","0","direct_call","direct_call","e67718fa39118ef0dae38c3fed96aa0d525f34ff50168bc10fc9f4ac4e2c0247","e67718fa39118ef0dae38c3fed96aa0d525f34ff50168bc10fc9f4ac4e2c0247","c4da2ae3e2d07ea1190154ad1be577e492695d2abc234e7a0adef847c2814dfa",,
"0x8008073c",,,"1","1","49","1","2","0","1","0","0","direct_call+overlay","direct_call","8595ad80c75894e721cd2760956f23af51c9daecdfb8a425919d8498747526f4","8595ad80c75894e721cd2760956f23af51c9daecdfb8a425919d8498747526f4","463412b1592fd29a6fe7c868115db6b4d847998a8e2187912a9261938331578c",,
"0x80080800",,,"1","1","152","1","6","1","0","0","0","direct_call","direct_call","05cc298f8940e1b9788ec4fe70acb9b19494f47c84adac338b4a62af4dfacb0c","05cc298f8940e1b9788ec4fe70acb9b19494f47c84adac338b4a62af4dfacb0c","4587666d239d72511bef9152844f41b5b0e8e135e4d3a3c8c73b03b1bfcb3f31",,
"0x80080a60",,,"1","1","39","2","1","1","0","0","0","direct_call","direct_call","4a3bbb02cc328a35ba926b4beb755d6baacec1cdf7988a19aa15f1e6ecf63d7f","4a3bbb02cc328a35ba926b4beb755d6baacec1cdf7988a19aa15f1e6ecf63d7f","2206067dc8f4fc049ffb42d464b5c1b10463cbc1bf8ebaf27e6d6abff222c63e","0x80083018","structural"
"0x80080afc",,,"1","1","198","1","2","1","0","0","0","direct_call","direct_call","a29607c8d9f6f2e5e9c4fe50b8ea8d1db5d5eaecb6b5b9cdf5e6209b55cbc70d","a29607c8d9f6f2e5e9c4fe50b8ea8d1db5d5eaecb6b5b9cdf5e6209b55cbc70d","d03a18b85f3b1fa1a04f865437ea5b2da0d72e0e28d474dde141a9dc4e994fa8","0x800830B4","structural"
"0x80080e14",,,"1","1","15","2","1","1","0","0","0","direct_call","direct_call","eaf5c8624c8b5e554f360ba46a36babc5f72556790c8962f41905235e54fc751","eaf5c8624c8b5e554f360ba46a36babc5f72556790c8962f41905235e54fc751","db9e762658520f94d1357c466749af76868266b9d4ed44a1aa9b1dc2e4afb98c",,
"0x80080e50",,,"1","1","12","2","0","1","0","0","0","direct_call","direct_call","9be8c88f4d0f1f967157e8001dd51967a410d7e11350ace02904668f86881117","9be8c88f4d0f1f967157e8001dd51967a410d7e11350ace02904668f86881117","62d52898a8df56681a85b087868a630ea383cacb9756dbee43c0184b30495cee","0x80083440","structural"
"0x80080e80",,,"1","1","18","1","1","1","1","1","0","direct_call+overlay","direct_call+overlay","be39753f4c493605d43d2241c994b66cf8f98f9d8c82628aca160f1c1e8f46d2","be39753f4c493605d43d2241c994b66cf8f98f9d8c82628aca160f1c1e8f46d2","3c968779c0304bb3d14fc5f460ebfff1472cd05e425202be47fb8dd5a1fe982e","0x80083470","structural"
"0x80080ec8",,,"1","1","19","1","1","1","0","0","0","direct_call","direct_call","54ec4098653e87bcc47b8d9d1b6ad8a16507771e2fac66530093bfa6d4dce967","54ec4098653e87bcc47b8d9d1b6ad8a16507771e2fac66530093bfa6d4dce967","3b5013ff969e3a4ac374945f3cd78f9c4ca2e9eb50cec1b6dbcd11aab3e8e1a8","0x800834B8","structural"
"0x80080f14",,,"1","1","10","3","0","1","1","0","0","direct_call+overlay","direct_call","fc0a70865429c75586bf5b5cd7883d4ed444523edb2c21b730bc2fb5259682ee","fc0a70865429c75586bf5b5cd7883d4ed444523edb2c21b730bc2fb5259682ee","06ccd70096304ff4e2cbff76e98f4795017cfbddb32ff8010c6e1e1b11a7284c","0x80083504","structural"
"0x80080f3c",,,"1","1","12","2","0","1","1","0","0","direct_call+overlay","direct_call","46546515caab7a5c95cb15ec33b17fbea0c0ca03d0f12009d7a8ddc02be4d8a2","46546515caab7a5c95cb15ec33b17fbea0c0ca03d0f12009d7a8ddc02be4d8a2","751ccfc3b741f7ea24b9c9d3f52af8e4d864656dda9fe2dc4997d2df8a251fb0","0x8008352C","structural"
"0x80080f6c",,,"1","1","202","1","4","1","0","0","0","direct_call","direct_call","add4057c4d12bec22bb5ff3a8ec1589f201d529c4ac4cfc3e49f0b745729051c","add4057c4d12bec22bb5ff3a8ec1589f201d529c4ac4cfc3e49f0b745729051c","0bd4e2a1e73d9ca418004eacaf56180c6e5285290fbf9ec284ccde7ffef7ffb5",,
"0x80081294",,,"1","1","92","1","2","1","0","0","0","direct_call","direct_call","5656a52bde7cc41e8983113e7e9fc4033b40d72394b288310c442aea0a5f1b3b","5656a52bde7cc41e8983113e7e9fc4033b40d72394b288310c442aea0a5f1b3b","3ba7bfb6354c205a9eb2461519a0410e8f6c9247e68053048c6584e50544643d",,
"0x80081404",,,"1","1","112","1","2","1","0","0","0","direct_call","direct_call","ee7a5190529b0ffa6d6b107be765ea664ab8860c0e0aed479efcda41dacd9890","ee7a5190529b0ffa6d6b107be765ea664ab8860c0e0aed479efcda41dacd9890","44dbae6d62c1404615ef879fea525347aa7451daa4f832ef7a992e5780a6f664",,
"0x800815c4",,,"1","1","51","1","3","1","0","0","0","direct_call","direct_call","3894a876b7e04711d4e2332ae2b170198a53b6b9e50fe100be029909831ab748","3894a876b7e04711d4e2332ae2b170198a53b6b9e50fe100be029909831ab748","7a4e7e829697616d2f42e80967c7088a6efca7db66e47659b795918f3eb4f87e","0x80083BAC","structural"
"0x80081690",,,"1","1","523","2","12","1","0","0","0","direct_call","direct_call","187846c86e0a42316acaf4779cb0c1d7971bb6834813169ca6a288ba7bca5fb8","187846c86e0a42316acaf4779cb0c1d7971bb6834813169ca6a288ba7bca5fb8","dc08e0aaeae365fafe3630cc12d839dbaa68ed6822d42f83f78463b2f0e8cc75",,
"0x80081ebc","ActorDamageReaction_Process","strong","1","1","174","1","8","1","0","0","0","direct_call","direct_call","23a1138ac1962e95a5168a49eb5ab5e0fb004d33505ea166221de0d571ac8ead","23a1138ac1962e95a5168a49eb5ab5e0fb004d33505ea166221de0d571ac8ead","610f2277cffd72e6320380b7e9d5b6cb934dab0b9e198ef7c7393e21f51041e0","0x800844B8","structural"
"0x80082174","ActorDeathReaction_Process","strong","1","1","182","1","7","1","0","0","0","direct_call","direct_call","69376a754062663e6f02296fad1978b6424386180eaa633dd5e4caf875f10f7d","69376a754062663e6f02296fad1978b6424386180eaa633dd5e4caf875f10f7d","6f1588d220916cdae76267a0655c1032cbf57bbcb5eea832dc3522336a471cd4","0x80084770","structural"
"0x8008244c","ActorObject_Handler","confirmed","1","1","661","0","14","1","0","0","0","prologue_only","prologue_only","60ae8fcefa8df0114762e2048916357743ebb1c6a5881208293ac86d5f1925a6","60ae8fcefa8df0114762e2048916357743ebb1c6a5881208293ac86d5f1925a6","b7226ebde2f9d566b89069e2a3a1d3f41ce0275c86bdda2757d201e621e2bd5d",,
"0x80082ea0",,,"1","1","80","1","0","1","0","0","0","direct_call","direct_call","a517a8e502e3d9c63affa0cddd91c4f45ddbb69b545a480be687e30717cf65a1","a517a8e502e3d9c63affa0cddd91c4f45ddbb69b545a480be687e30717cf65a1","3c8cde91596cf5a749464940343c96702c8b79513e199cec43e5549c6535c60c","0x80085494","structural"
"0x80082fe0",,,"1","1","344","1","2","1","0","0","0","direct_call","direct_call","bec6ca408e3a0fd3df0d964fb1f323c880ffbc559c92521141061fa1c9e64fcc","bec6ca408e3a0fd3df0d964fb1f323c880ffbc559c92521141061fa1c9e64fcc","12385874b3ca2c2a9afb674726b188e2fe7615241c90a0ef547cefd1688e5775",,
"0x80083540",,,"1","1","15","3","0","1","1","1","0","direct_call+overlay","direct_call+overlay","22eff500d1601050ebde11de0ba31663daced4ee3a123a1a81887cb157b55174","22eff500d1601050ebde11de0ba31663daced4ee3a123a1a81887cb157b55174","1daadcb1d0e59cc901e94c74ee2d0753d7a2937c98c783e2a17ffcc3bbe5d7e3","0x80085B44","structural"
"0x8008357c",,,"1","1","4","1","0","1","0","0","0","direct_call","direct_call","3bb27222cbe96f8c42ea2809c9e006b930d2f155d56f32c7061834f4787b15c0","3bb27222cbe96f8c42ea2809c9e006b930d2f155d56f32c7061834f4787b15c0","9ba82d759a74ed6e068a2b41d68812d6fa2e99772a1b5b58a8cd959bdcd67d9e",,
"0x8008358c",,,"1","1","83","2","3","1","0","0","0","direct_call","direct_call","ab83c2192db5627e01e6c0c32e38e5937f1d0c876385de0bc7b84fce58d783b1","ab83c2192db5627e01e6c0c32e38e5937f1d0c876385de0bc7b84fce58d783b1","1f116c0dde4e551912fe1eb3e8586129c06bede3047d2d36975a659274288a9c","0x80085B90","structural"
"0x800836d8",,,"1","1","436","1","12","1","0","0","0","direct_call","direct_call","785cd2d0bfe1de1875ce3b5162e5cd1a5981fd98e795df81864d6a7d1baf9a6e","785cd2d0bfe1de1875ce3b5162e5cd1a5981fd98e795df81864d6a7d1baf9a6e","13c81b31da582b1c556d0f80957582e6d5a3b735acd08f5cae960f11c034d2fd",,
"0x80083da8",,,"1","1","363","1","13","1","0","1","0","direct_call","direct_call+overlay","0386703f99bfeed41767364ef798ad81a10558045c0fca4eb57ae461c731dca0","0386703f99bfeed41767364ef798ad81a10558045c0fca4eb57ae461c731dca0","bfa7ad1f647a3a2284515f2665fe6c38600ceb0c691b2a51dc61b2596e160b29",,
"0x80084354",,,"1","1","261","1","2","1","0","0","0","direct_call","direct_call","f41afe45eb28e506e4aa8454f6b633e505fb99a8e24f5c019b1706839744ecf2","f41afe45eb28e506e4aa8454f6b633e505fb99a8e24f5c019b1706839744ecf2","2f65670f518ccd8557793cfdd1aa3bdeac031cda461b451bdf64422f8e543d46","0x800868E8","structural"
"0x80084768",,,"1","1","48","6","0","1","0","0","0","direct_call","direct_call","a813635d78704a64002097193ad81257dc0034ad527b5ee82adf9a69054c952c","a813635d78704a64002097193ad81257dc0034ad527b5ee82adf9a69054c952c","0086109b4399d45508e86a86d54d3efa0737d49c09e70206f79542a57a105862","0x80086CFC","structural"
"0x80084828",,,"1","1","16","2","1","1","0","0","0","direct_call","direct_call","d7bcd7b0267a71dcf4742ca4f91fc0c6d59fcd69458fb924a6fc687df50e8c1b","d7bcd7b0267a71dcf4742ca4f91fc0c6d59fcd69458fb924a6fc687df50e8c1b","623f2f2b0b8ab506155daef423d3921955c1ac7014e08376604cb0a73a2a8220","0x80086DBC","structural"
"0x80084868",,,"1","1","2038","1","16","1","0","0","0","direct_call","direct_call","5112f06aec38b194076bdfbbcbc3791694d7aee4f420fad5c646deea3d20b137","5112f06aec38b194076bdfbbcbc3791694d7aee4f420fad5c646deea3d20b137","7f40922a085037f7a7895cb0c7d5e58dafe44dccae14821b5bb461542bc4ca1b",,
"0x80086840",,,"1","1","251","1","11","1","0","0","0","direct_call","direct_call","40891c81baf81183060c6222d93c2f96ddbbb6379ef740100e0107d54fa9cadf","40891c81baf81183060c6222d93c2f96ddbbb6379ef740100e0107d54fa9cadf","268448e79dab9b9bc78a51386bf4d527046d92b3c253a48d8803e13b6a69d001",,
"0x80086c2c",,,"1","1","9","2","0","1","0","0","0","direct_call","direct_call","bd61e2cbbd343421ceec07b1485bab80ee6df9099b7718a99ada0d1cbdf7c64a","bd61e2cbbd343421ceec07b1485bab80ee6df9099b7718a99ada0d1cbdf7c64a","83cf73e1844adb7f718df54068abdd6f8a1b404bbe2d59059625b19014236446","0x80089314","exact"
"0x80086c50",,,"1","1","44","1","2","1","0","0","0","direct_call","direct_call","c3f902f591ccb4e37b2d99bc897806e72fbda4a81aa96fc8bb4865df01bd9103","c3f902f591ccb4e37b2d99bc897806e72fbda4a81aa96fc8bb4865df01bd9103","064b3112e7afdf5c7d3ba5f7f439c4e70c777f9ed6f3b5ed19aab2e917f9d5a3","0x80089338","structural"
"0x80086d00",,,"1","1","19","1","1","1","0","0","0","direct_call","direct_call","4f7ba7dd020ac04aca9ff43820fa9d5a40ca911681d83762cc48b0517cdb306e","4f7ba7dd020ac04aca9ff43820fa9d5a40ca911681d83762cc48b0517cdb306e","819ac03ecddd00bdfe1671f9e57839a06e9cd28718e75b3475f3d420c5282425","0x800893E8","structural"
"0x80086d4c","Actor_Activate","confirmed","1","1","274","2","17","1","0","0","0","direct_call","direct_call","4af4c850420d53000f39a5cf65edce146f9218eeb338d4e09b6c698942f57c64","4af4c850420d53000f39a5cf65edce146f9218eeb338d4e09b6c698942f57c64","7b5a56611e0f3b38c366a93f2d414c670656cffd5e35dd2485414e1023ba8ce7",,
"0x80087194","Actor_Deactivate","confirmed","1","1","203","2","15","1","0","0","0","direct_call","direct_call","a3c240d3c4f81bfb67ca3f99d2b093d2cf41f23d8b16de5a1b93be6bd32a179f","a3c240d3c4f81bfb67ca3f99d2b093d2cf41f23d8b16de5a1b93be6bd32a179f","60efcf80da3b56ab07072cf3e32dc5aac4814c4d36a5d9ef8cfc39b8332d23f8",,
"0x800874c0",,,"1","1","22","4","2","1","0","0","0","direct_call","direct_call","91b726ba8d89bffb3f46e08daee2619bf6297bac71aa871ce4bdfd856ccb002e","91b726ba8d89bffb3f46e08daee2619bf6297bac71aa871ce4bdfd856ccb002e","9b822482abacb9a76f17da289a891ceba2e1a726d07b3f25a5e355cd8072edc2","0x80089B30","structural"
"0x80087518","Actor_ActivateAndDisplay","confirmed","1","1","41","1","2","1","0","0","0","direct_call","direct_call","dbbcf174ff3571fffcdba20939c6326064e541486331788174d0101dcca3f690","dbbcf174ff3571fffcdba20939c6326064e541486331788174d0101dcca3f690","1d906dad3b86ddf62ea6c12818aa814a423e15893e9d3ad97eb2273d0a8143b3",,
"0x800875bc",,,"1","1","2","2","0","1","0","0","0","direct_call","direct_call","6d64edf91449c1b17746c1ef18afa2eb25c70bdf1322ab3df5a2630993b7e2f1","6d64edf91449c1b17746c1ef18afa2eb25c70bdf1322ab3df5a2630993b7e2f1","6d64edf91449c1b17746c1ef18afa2eb25c70bdf1322ab3df5a2630993b7e2f1",,
"0x800875c4",,,"1","1","4","1","0","1","1","1","0","direct_call+overlay","direct_call+overlay","7b5e415043733ddc6a5f725897917b8f206876b227fda8af062bc94f04a2dd9c","7b5e415043733ddc6a5f725897917b8f206876b227fda8af062bc94f04a2dd9c","7b120344589226ea344d08a8f1d3dd1083f9840acb733b8dc1886385471f1374",,
"0x800875d4",,,"1","1","4","1","0","1","1","1","0","direct_call+overlay","direct_call+overlay","42930687cb3bc5129ef4d0e512cf6009df40a74787cd1f7bbf5889cb805e9fec","42930687cb3bc5129ef4d0e512cf6009df40a74787cd1f7bbf5889cb805e9fec","7b120344589226ea344d08a8f1d3dd1083f9840acb733b8dc1886385471f1374",,
"0x800875e4","ActorRuntime_AssignByte12AndReset","confirmed","1","1","40","1","1","1","0","0","0","direct_call","direct_call","54286477f9a98d74deccfed740d755e6f7e522968d116d8215dc5030564de38d","54286477f9a98d74deccfed740d755e6f7e522968d116d8215dc5030564de38d","a4555630ec82501692e96649db7e0a616218ad74549fec15558c1a03a2def44c","0x80089C74","structural"
"0x80087684",,,"1","1","16","1","0","1","1","0","0","direct_call+overlay","direct_call","9c291b55a2aa33486a4f88f9937608f8f59fc88cdd0c3534f848b8f30b6d4fb0","9c291b55a2aa33486a4f88f9937608f8f59fc88cdd0c3534f848b8f30b6d4fb0","799d1ab8904fa16a6525412a7c46e501690ad362b5ac5688e682a73d76c4695a","0x80089D14","exact"
"0x800876c4","ActorMode_ApplyScriptedTransition","confirmed","1","1","37","2","1","1","0","0","0","direct_call","direct_call","9ae898aa264d78bf6b47b28916aa51b8ac635aab9af2d3a869444342a884dcfc","9ae898aa264d78bf6b47b28916aa51b8ac635aab9af2d3a869444342a884dcfc","810f1d53f9cd8908a78069cc2623e4f122821a7eea81456a0226cbd4d564c077","0x80089D54","structural"
"0x80087758",,,"1","1","35","5","1","1","0","1","0","direct_call","direct_call+overlay","e1e591ee7acdc273e0fcbf47460a6b18f1848b5e75d31d785ef52a1e73ced4f1","e1e591ee7acdc273e0fcbf47460a6b18f1848b5e75d31d785ef52a1e73ced4f1","0d356607a02a34a49e626fe96323a6c0d4049ad6dda7954b2c4d811b5fffb1ba","0x80089DE8","structural"
"0x800877e4",,,"1","1","2","1","0","1","0","0","0","direct_call","direct_call","6d64edf91449c1b17746c1ef18afa2eb25c70bdf1322ab3df5a2630993b7e2f1","6d64edf91449c1b17746c1ef18afa2eb25c70bdf1322ab3df5a2630993b7e2f1","6d64edf91449c1b17746c1ef18afa2eb25c70bdf1322ab3df5a2630993b7e2f1",,
"0x800877ec",,,"1","1","73","1","5","1","0","0","0","direct_call","direct_call","c0bcb4501528d45ebf56db64262665754194351b400561a06178e96f423e3d78","c0bcb4501528d45ebf56db64262665754194351b400561a06178e96f423e3d78","0b48deff0a2428d909a6147019efc5bc5995c71e0f4908a27b17db63a9853724","0x80089E7C","structural"
"0x80087910","ActorEventMode_Apply","confirmed","1","1","82","1","1","1","0","0","0","direct_call","direct_call","ed9e2cd330dc4627211a55e8be57f8804bf0755479fe8325db077d8048b95039","ed9e2cd330dc4627211a55e8be57f8804bf0755479fe8325db077d8048b95039","10fbef82ad41c3426d2fc2dd4b92adae6b6aaa4f58773011217e4df4e25f10a9","0x80089FA0","structural"
"0x80087a58",,,"1","1","44","2","0","1","0","0","0","direct_call","direct_call","aa2142574c5d1f8687abc9f5c66909c668e9459219777c862308c3e301aa1c05","aa2142574c5d1f8687abc9f5c66909c668e9459219777c862308c3e301aa1c05","b5ca4c131a6ed3bf145bcaf64e30a7cb6b5b80b582238914581c9fc22098b985","0x8008A0E8","structural"
"0x80087b08",,,"1","1","14","1","0","1","0","0","0","direct_call","direct_call","a671c537ba7f27e218f635f55127d1e8b66deebc697943fef2bb665873ca08f7","a671c537ba7f27e218f635f55127d1e8b66deebc697943fef2bb665873ca08f7","0176a83560698ddb616ae996ea2f63ab055c6acc69f9754c38fb57e69979b16e","0x8008A198","structural"
"0x80087b40",,,"1","1","140","1","3","1","0","0","0","direct_call","direct_call","fc42a00311f26e0f0d275605e3223d7f34d159977f84b29df4c1cb5bbc33c314","fc42a00311f26e0f0d275605e3223d7f34d159977f84b29df4c1cb5bbc33c314","aee6a3320a2c697c0ff0c4662a62b2fda9b55e78006251faaf2d0e7ea27cc2af","0x8008A1D0","structural"
"0x80087d70",,,"1","1","5","5","0","0","0","0","0","direct_call","direct_call","11def3f27e3b8000cbcbb66298375820c2f990ab1942c76fc146f5c5982d56d3","11def3f27e3b8000cbcbb66298375820c2f990ab1942c76fc146f5c5982d56d3","cc34d945a1c39f3f03bf2f5e2c2439413bfeb757e85d342b1cccb4d24ca4695b","0x8008A400","exact"
"0x80087d84",,,"1","1","26","0","0","1","0","0","0","prologue_only","prologue_only","1f92cd18aef7523c61739c4bce5df3d0f1ae88051dfd399c5108f50011739c38","1f92cd18aef7523c61739c4bce5df3d0f1ae88051dfd399c5108f50011739c38","dbfce3d052dd3b3fcaeb96d6108d93b595b413aba43e5ab07945d19fc66c360a","0x8008A414","exact"
"0x80087dec",,,"1","1","183","1","3","1","0","0","0","direct_call","direct_call","8083b94f5668d09e6afdb8584d616218e437eb080d7c81c3bef5d816b6154e8c","8083b94f5668d09e6afdb8584d616218e437eb080d7c81c3bef5d816b6154e8c","3ae0b6306f00c82d22269126ca381c445a8078c038f2e974045e59e0e73f93af","0x8008A47C","structural"
"0x800880c8",,,"1","1","26","2","2","1","0","0","0","direct_call","direct_call","89e482469202aad001bc83c49618b03bad668a5504a23d25f1163f76e68daffd","89e482469202aad001bc83c49618b03bad668a5504a23d25f1163f76e68daffd","12416a58fb67f30ae2831b88ee8fc960c91a71f72bb9188fc118086207567315","0x8008A758","structural"
"0x80088130",,,"1","1","1114","4","22","1","0","0","0","direct_call","direct_call","19abea74e188a0d8ba3c795604084309086920020b69587eb1d4a41a2a6ecc69","19abea74e188a0d8ba3c795604084309086920020b69587eb1d4a41a2a6ecc69","5d7bd921a435b203bb2ca0898edd452e0ad55aa015836da5bbbbb0a84ca6eb11",,
"0x80089298","MissionActorDamageCallback_Set","confirmed","1","1","4","1","0","1","1","1","0","direct_call+overlay","direct_call+overlay","6ec5d7dc8f3f8492029148a1fad96f33311d533b3184c5b6476074eb779230c7","6ec5d7dc8f3f8492029148a1fad96f33311d533b3184c5b6476074eb779230c7","7b120344589226ea344d08a8f1d3dd1083f9840acb733b8dc1886385471f1374",,
"0x800892a8","MissionActorDeathCallback_Set","confirmed","1","1","4","1","0","1","1","1","0","direct_call+overlay","direct_call+overlay","3e8fdc0094a59205f0337357f514ead27546b3b02396c40eac9566b3c653966e","3e8fdc0094a59205f0337357f514ead27546b3b02396c40eac9566b3c653966e","7b120344589226ea344d08a8f1d3dd1083f9840acb733b8dc1886385471f1374",,
"0x800892b8",,,"1","1","7","1","0","1","1","1","0","direct_call+overlay","direct_call+overlay","ef242b4ddc8616b298043f69acbd239c322c7dc5ae425320c27b2e543dce8650","ef242b4ddc8616b298043f69acbd239c322c7dc5ae425320c27b2e543dce8650","266e204372f33eabef1418bc06550e4101508c49be542f195309879bd139dfbc","0x8008B8F4","structural"
"0x800892d4",,,"1","1","20","4","1","1","0","0","0","direct_call","direct_call","30ba35d33a06bc72503acfcc5ee18827087f28a975b49997b4f21bf47021c25c","30ba35d33a06bc72503acfcc5ee18827087f28a975b49997b4f21bf47021c25c","7db6eb4ad90787ce28423f13cf2b952c246ffac7d5f6866f55bbf3c1447f604a","0x8008B910","structural"
"0x80089324","ActorDeath_Finalize","confirmed","1","1","72","3","3","1","0","0","0","direct_call","direct_call","4b7f46f1f28b816fc623d9df17e637f768bd083d983fdfe86d2834f5a2e65a4d","4b7f46f1f28b816fc623d9df17e637f768bd083d983fdfe86d2834f5a2e65a4d","d70eacd78f1bf9e7c27d16c5d35f5f63a790d610ba61fa2a23788f567b041a40","0x8008B960","structural"
"0x80089444",,,"1","1","24","3","0","1","0","0","0","direct_call","direct_call","7ad5109009dd71d4d3be630e8d27c5dcca5636dc8ed58f397a4a49ff759f999d","7ad5109009dd71d4d3be630e8d27c5dcca5636dc8ed58f397a4a49ff759f999d","4a6a857117ba3933043d93b1e33ac92bef7552bfa13f382fd00e3340dc77d6f9","0x8008BA80","structural"
"0x800894a4",,,"1","1","1110","3","21","1","0","0","0","direct_call","direct_call","7946fb1c512177152afc666eb66e1e29fc1c17b54a05513fba25579392652a8a","7946fb1c512177152afc666eb66e1e29fc1c17b54a05513fba25579392652a8a","d9ce6a4c87f83c851170cd33c292db7b5559e5cbd86fed7fdd9639b3e0540895",,
"0x8008a5fc",,,"1","1","572","2","8","1","0","0","0","direct_call","direct_call","aee602c1c027ee98e22f81f0fbbc2e8c593a7e54f602ab006f642af3c90544da","aee602c1c027ee98e22f81f0fbbc2e8c593a7e54f602ab006f642af3c90544da","40cfd944a94664908a8e29ebb101fd5a753d63bcdaab07c6326d8dec84943090",,
"0x8008aeec",,,"1","1","58","2","2","1","0","0","0","direct_call","direct_call","ff66ddcb21997544c918ba168b135a51f88a58aa7968ebfa47d4bdb101a26f90","ff66ddcb21997544c918ba168b135a51f88a58aa7968ebfa47d4bdb101a26f90","471c6c1fe22c1a640442437c94eefba2994030abbed9151aba3e04da596e8537","0x8008D5F8","structural"
"0x8008afd4",,,"1","1","91","2","6","1","0","0","0","direct_call","direct_call","0100b3f1566a50f4764c06a3d6eef70330ea0404dc82e372bc70014ab5b25f28","0100b3f1566a50f4764c06a3d6eef70330ea0404dc82e372bc70014ab5b25f28","7af280b6779b28141f0c019c5075656c94a703a64bea518818c762332fb7f0eb",,
"0x8008b140",,,"1","1","66","3","2","1","0","0","0","direct_call","direct_call","4673de82266b5e10d722e9834692be37bee86729feb214dfe95839d300b664fc","4673de82266b5e10d722e9834692be37bee86729feb214dfe95839d300b664fc","10e78c914f8d69cd8087654e3cb9a5c6ef8a7c30c78773509cdde29dd2ba9a73",,
"0x8008b248",,,"1","1","24","1","2","1","0","0","0","direct_call","direct_call","26fdd80f186ca647f52549348fcc76dc2b695f453ff8bcf9c13645fbc8c54c72","26fdd80f186ca647f52549348fcc76dc2b695f453ff8bcf9c13645fbc8c54c72","b0dd20fedfc372861ad0ca21d5dad7cda3854624ec34c011875edc91babd4fe6","0x8008D9AC","structural"
"0x8008b2a8",,,"1","1","78","3","3","1","0","0","0","direct_call","direct_call","7f3fe77517a413614a028ea19e1c8a5bb64ef74a4975966a95fc1be5c2a5a551","7f3fe77517a413614a028ea19e1c8a5bb64ef74a4975966a95fc1be5c2a5a551","2b5538d01ae3722bd307c362dd987b3417ab29eadfaf33a4c89e67806900db6c","0x8008DA0C","structural"
"0x8008b3e0",,,"1","1","41","1","2","1","0","0","0","direct_call","direct_call","54c92595750fdbce6443fa82b5519046d5fd16bafc8d9760457ee873e8cdf6ea","54c92595750fdbce6443fa82b5519046d5fd16bafc8d9760457ee873e8cdf6ea","111e2eff2d5ca49b51c4d55cd467da38d65fa8c2262676948c66acf085428d81",,
"0x8008b484","ActorHealth_ApplyScriptedState","strong","1","1","357","25","6","1","0","1","0","direct_call","direct_call+overlay","a50ca2c1ae13ecd580cc920db943367187534cb384bd09f0912e73496ec17f05","a50ca2c1ae13ecd580cc920db943367187534cb384bd09f0912e73496ec17f05","7423410f5ce49b437f503571f1449fef733edd0905bd7a648c95fe9703933d96",,
"0x8008ba18",,,"1","1","47","3","2","1","0","0","0","direct_call","direct_call","55c91109fc9491256ccd4584e9d44e41c4b135a106c09dd71e0866274a16f9dd","55c91109fc9491256ccd4584e9d44e41c4b135a106c09dd71e0866274a16f9dd","4134f6ce38f8bb9e9ddd2c41d45c6a95df852a1ad82571fab98e9921e74cb2b3","0x8008E19C","structural"
"0x8008bad4",,,"1","1","30","3","1","1","1","1","0","direct_call+overlay","direct_call+overlay","548db67c8a38e1fe9680b2b1e0f625a48eb526b6e16e1f0f615079d339b9f8a5","548db67c8a38e1fe9680b2b1e0f625a48eb526b6e16e1f0f615079d339b9f8a5","d69b99639b7d568b7f572d95dcbea8f9d36ce1e85b8c87e95a920b0f08672f6e","0x8008E258","structural"
"0x8008bb4c",,,"1","1","69","1","2","1","0","0","0","direct_call","direct_call","ab22cf74be77966cf204b2b2cfd6e7aab35f5c2371364b1724f3e88da6b9a0d0","ab22cf74be77966cf204b2b2cfd6e7aab35f5c2371364b1724f3e88da6b9a0d0","c7454f461ef1a86617e11de715b0181c2612537ab239127b6141f61795d31319","0x8008E2D0","structural"
"0x8008bc60",,,"1","1","518","3","5","1","0","0","0","direct_call","direct_call","9c90d3367234b8766c42c8328ba2fb820b6625fc2e2a50f54fda77d1d7f40bd3","9c90d3367234b8766c42c8328ba2fb820b6625fc2e2a50f54fda77d1d7f40bd3","f9e58bcdb06e693bae948f2b08b5a55a3fa51758621ed164d4d1d5ce3b76da11","0x8008E3E4","structural"
"0x8008c478",,,"1","1","200","4","8","1","0","1","0","direct_call","direct_call+overlay","bcc069a4a40915dcc2b1325ad5219401321e5351d005aaaee5b23c5f6953d206","bcc069a4a40915dcc2b1325ad5219401321e5351d005aaaee5b23c5f6953d206","f96ce5ba53aaf7bae82ba9c5d360646754a4add75c0141fafab0dbec69d17453",,
"0x8008c798",,,"1","1","84","0","3","1","0","0","0","prologue_only","prologue_only","2a53712c01df6f7aa3cb5bd4da326762e37e455b6d073b71033bbd35b428a8b2","2a53712c01df6f7aa3cb5bd4da326762e37e455b6d073b71033bbd35b428a8b2","be750283b54128b8a5758970bbf4af9a51561662cff547aece77d8f9b873c912","0x8008EFC4","structural"
"0x8008c8e8",,,"1","1","111","3","6","1","0","0","0","direct_call","direct_call","f38f9d21f1f1be3298750e94bfbb7bf59db99d2d29a8b3b4f03d400f063cf153","f38f9d21f1f1be3298750e94bfbb7bf59db99d2d29a8b3b4f03d400f063cf153","267469bf7e209b53d725ca3f80c04c00d9cd1b23a396f6f5dacce6ba394a7844",,
"0x8008caa4",,,"1","1","22","1","5","1","1","1","0","direct_call+overlay","direct_call+overlay","37d21ea32408cba311bb05365381a8f8bd0e48f0384da9b23a07ec880bcaf9cc","37d21ea32408cba311bb05365381a8f8bd0e48f0384da9b23a07ec880bcaf9cc","b11736e94ce7a70c896a7cbb3e7025fd6ebb4e3701a4019905bc5731efd4ba90","0x8008F2E0","structural"
"0x8008cafc","SceneXaArchive_Open","confirmed","1","1","65","1","4","0","1","1","0","direct_call+overlay","direct_call+overlay","d1a2c0d2f030c4c4f01ab723cdf0ac1842e6fc76388f332a27c3e71bfb939b43","d1a2c0d2f030c4c4f01ab723cdf0ac1842e6fc76388f332a27c3e71bfb939b43","d564a0f92fd2dc112aa7594dfa450cdb5c037d537058a6118f84beb8a10828ba",,
"0x8008cc00",,,"1","1","15","1","2","1","0","0","0","direct_call","direct_call","f553abea2c0272b8b54c61cb34041c50cf069b35ee1e97a2eca00653ef351b00","f553abea2c0272b8b54c61cb34041c50cf069b35ee1e97a2eca00653ef351b00","e0d2249077b8d58cb0389acabaa2fd4e129ca9872f3d166214480a5c29474bd8",,
"0x8008cc3c",,,"1","1","10","3","1","1","1","1","0","direct_call+overlay","direct_call+overlay","580cfc31a5cd87ae8655dcef27a769b0194f4d1029ab5e29aaf9fd25f4591850","580cfc31a5cd87ae8655dcef27a769b0194f4d1029ab5e29aaf9fd25f4591850","4b71207c210fde1c93c39aafa21e51d82cf1d3c546ce2a00126db6e2327fec1b","0x8008F478","structural"
"0x8008cc64",,,"1","1","3","4","0","1","1","1","0","direct_call+overlay","direct_call+overlay","c0d510ee2dfa02cca19c14ef1452cb187f1dfc912aec681d1a7f4ff23ee205a3","c0d510ee2dfa02cca19c14ef1452cb187f1dfc912aec681d1a7f4ff23ee205a3","18872c310d9449ee1efa6bd81e381275032e20f50f79660637b0c64e05fcabe3","0x8008F4A0","structural"
"0x8008cc70",,,"1","1","18","11","1","1","1","1","0","direct_call+overlay","direct_call+overlay","3d8385f23975876c4638077254ec1ea5f7e342ecbfe6df46308d9c1b44b1c9a9","3d8385f23975876c4638077254ec1ea5f7e342ecbfe6df46308d9c1b44b1c9a9","7b14c6bde1402eea80cd636f31ea41789e6f7e0d9a983043def991bc2ff1e857","0x8008F4AC","structural"
"0x8008ccb8",,,"1","1","5","7","0","1","1","1","0","direct_call+overlay","direct_call+overlay","627738ec8a80cbaeb0646ad50f28a42f103da208bfb9e0fc3231783c954945e6","627738ec8a80cbaeb0646ad50f28a42f103da208bfb9e0fc3231783c954945e6","d4326108445338d66e7ec5f46d5dd5ea6132d286eae8dfe59e5e005ab4250ca8","0x8008F4F4","structural"
"0x8008cccc",,,"1","1","10","2","2","1","0","0","0","direct_call","direct_call","f342aa43586ca2ed3bea8a98371af97cbd6b51a438ea138d80ce07317418c2c9","f342aa43586ca2ed3bea8a98371af97cbd6b51a438ea138d80ce07317418c2c9","8207e1fd24dacb7260ce065f47ab0599198659613c29f3c9eb01211937a60b1b",,
"0x8008ccf4",,,"1","1","55","2","2","1","0","0","0","direct_call","direct_call","aca57d732663a392b3545de709f508e826db57e6bedd56bfca29a8be64815a60","aca57d732663a392b3545de709f508e826db57e6bedd56bfca29a8be64815a60","0e835c91a70fa7929e38c8dbcf2f8c6fd0e4a2b11ebd5c528a0bbf827ca5d839","0x8008F530","structural"
"0x8008cdd0","SpatialSound_Start","strong","1","1","275","5","4","1","0","0","0","direct_call","direct_call","cfb629befa77a5bf22734d10e6b5c6ff17a1d5cbb33d0e3307cb7a500f20ec7f","cfb629befa77a5bf22734d10e6b5c6ff17a1d5cbb33d0e3307cb7a500f20ec7f","ef0eb617c783a24aa725b54a9dcef31aeca821f2f3f628868caf8dca0be5a420","0x8008F60C","structural"
"0x8008d21c","SoundSceneCue_Play","strong","1","1","167","69","3","1","1","1","0","direct_call+overlay","direct_call+overlay","1df2cf36eddbdb34a8c804106f89619fa987f4cafeb8f834411b9a7f05235218","1df2cf36eddbdb34a8c804106f89619fa987f4cafeb8f834411b9a7f05235218","a051f64c3e8d668096fe3dcdfb4947d368fa9e9eba28216782d30f6e79fa3945",,
"0x8008d4b8",,,"1","1","57","9","2","1","1","1","0","direct_call+overlay","direct_call+overlay","da19116eff3c0985d0e299d9a908d805e880ed31387154b02a8336430be22bea","da19116eff3c0985d0e299d9a908d805e880ed31387154b02a8336430be22bea","95386dac2661ed69065f3b6739f931b70297271919773083c18119d229096c19","0x8008FCD8","structural"
"0x8008d59c",,,"1","1","55","3","3","1","0","0","0","direct_call","direct_call","1df5901977f958debcdd90acf59e63a94e18287c48d139133c5a119f2463d5bd","1df5901977f958debcdd90acf59e63a94e18287c48d139133c5a119f2463d5bd","0cb843be22001b1a9a6b355ae15062f34e99ae54d4ccfe9bb8aedd57ca3fcc9d","0x8008FDBC","structural"
"0x8008d678",,,"1","1","48","1","3","1","1","0","0","direct_call+overlay","direct_call","eb07720039049fede68f6b32437d0fda3538b01ed468eb8a33a048162b690e06","eb07720039049fede68f6b32437d0fda3538b01ed468eb8a33a048162b690e06","0295ec810cf3b0e65c61d2e394b9f131cdb5964fd654a0765deb8b6c24998ef2","0x8008FE98","structural"
"0x8008d738",,,"1","1","11","1","1","1","0","0","0","direct_call","direct_call","d985b7b517f0bbb269d4f25aed7232bd1b6d7291ff6f7364b0794facb133a7c4","d985b7b517f0bbb269d4f25aed7232bd1b6d7291ff6f7364b0794facb133a7c4","5ccbe6acec4af63be4b7a58f0bcfb038319875dcbb4000998f870d3fb134b7c5","0x8008FF58","structural"
"0x8008d764",,,"1","1","15","1","1","1","0","0","0","direct_call","direct_call","4f208084ccbeb3c5dbf5bb8f466b8c1a37dfa60ec32d0387547939280bdb6425","4f208084ccbeb3c5dbf5bb8f466b8c1a37dfa60ec32d0387547939280bdb6425","d2e08c3be032cdcc37e5001f69715b5d63ec927039cf4d19a82d71f5611dd71b",,
"0x8008d7a0",,,"1","1","25","1","3","1","1","1","0","direct_call+overlay","direct_call+overlay","6ed05f129c1903d35ba584f11f84446a695a175e6de263706b735fabd68dd0e3","6ed05f129c1903d35ba584f11f84446a695a175e6de263706b735fabd68dd0e3","eee7d4b20ce327a7637200f582b3a40e04dd781c32232bd07bc28eea9990127f","0x8008FFC4","structural"
"0x8008d804",,,"1","1","8","7","1","1","1","1","0","direct_call+overlay","direct_call+overlay","edf2c27bd0c439165a726e69d214634fa4779c362b31107137da103fb4c8aa3b","edf2c27bd0c439165a726e69d214634fa4779c362b31107137da103fb4c8aa3b","42540c3d7dff0d499382f560092c9fa3ba0c20d923c680cd0712e84b0d88d4c1","0x80090028","structural"
"0x8008d824",,,"1","1","4","1","0","1","0","0","0","direct_call","direct_call","cf6606ed0cddd060b00df4ad085848fb7721631c1a328dcebaedb1f685b562b3","cf6606ed0cddd060b00df4ad085848fb7721631c1a328dcebaedb1f685b562b3","91171af7b4cca0e18490c1d8fb59a2ca8da03a35a2b315784bcffa5a4df97ff8","0x80090048","structural"
"0x8008d834",,,"1","1","18","0","1","1","0","0","0","prologue_only","prologue_only","842534ac2954b42b5a846bd28177c45166ac809cfa24a93645dc575fbc072c83","842534ac2954b42b5a846bd28177c45166ac809cfa24a93645dc575fbc072c83","93a3de33e9f7f6e96a9f833275099a089cbaedc198abd4fe0330367dad9637a3","0x80090058","structural"
"0x8008d87c",,,"1","1","11","1","1","1","0","0","0","direct_call","direct_call","cced9cee88f020da85b4ce20c85aa8fd02c8e638dfdaf2eea2d6210c770b1735","cced9cee88f020da85b4ce20c85aa8fd02c8e638dfdaf2eea2d6210c770b1735","5666d43a5ffd0a34781f99ee116447300dc9b0763ca2100766ca9bdc09a26b10","0x800900A0","structural"
"0x8008d8a8",,,"1","1","168","0","11","1","0","0","0","prologue_only","prologue_only","1615945a7986813d9a5dcd7ed60150c28a50ff492f4878e9dd99d71a33299ade","1615945a7986813d9a5dcd7ed60150c28a50ff492f4878e9dd99d71a33299ade","11842c89c197e3e032997c70cce4134e370d9be3fd17c8eb051b61b1bf836929","0x800900CC","structural"
"0x8008db50",,,"1","1","37","0","1","1","0","0","0","prologue_only","prologue_only","302f4823e18fb56c24b8b4efa4425b34269f259aae675d71123a47b69c90bbb2","302f4823e18fb56c24b8b4efa4425b34269f259aae675d71123a47b69c90bbb2","d9dffe34984cb16454c24b72f9ba1695d2c5c5b7ba9899db6c387d12f0f644ef","0x80090374","structural"
"0x8008dbe4","SceneSpeech_Start","strong","1","1","223","8","10","1","1","1","0","direct_call+overlay","direct_call+overlay","86ce329f26f613d033f35df5e742bcfa7c5a4226680f8531e429e24d520b8602","86ce329f26f613d033f35df5e742bcfa7c5a4226680f8531e429e24d520b8602","04f4db2eba9ca56859483ff6dd78c27f1dd70a940db7800aa41b39e60b213afe",,
"0x8008df60","SceneSpeech_Stop","confirmed","1","1","34","15","1","0","1","1","0","direct_call+overlay","direct_call+overlay","fc4745c588f31f5e17cbba01624953353c5958a2cdd162cf5e0a504554106eb6","fc4745c588f31f5e17cbba01624953353c5958a2cdd162cf5e0a504554106eb6","d0d2f902e9dc3409910f60f7928958f20e95aac90d90734745cb7a32a2840e1a",,
"0x8008dfe8",,,"1","1","26","1","3","1","0","0","0","direct_call","direct_call","fd3ad77127db3e7061fc1cc231b4f46521fcbe81fed6489f64b2aebff6da00fa","fd3ad77127db3e7061fc1cc231b4f46521fcbe81fed6489f64b2aebff6da00fa","9eb33c903997dfadcbf8c3f102e9ad407d8c0c34504602d616c281acb68310b6",,
"0x8008e050",,,"1","1","20","6","2","1","0","0","0","direct_call","direct_call","bd5af45e2bb228990257d500b632a01ef9b03ffaf370dea6fb578c0af6a56300","bd5af45e2bb228990257d500b632a01ef9b03ffaf370dea6fb578c0af6a56300","198c52690cf0ee2692a425d78b523dd31130954fe1cef87f55edc74bbf2857f1","0x80090894","structural"
"0x8008e0a0",,,"1","1","43","2","4","1","1","1","0","direct_call+overlay","direct_call+overlay","37c769f9c570cc9481451c0e2ce339a5418faf83b901349a074130e375d57c53","37c769f9c570cc9481451c0e2ce339a5418faf83b901349a074130e375d57c53","511a0c1796fdc8640f2056df1c39da52bf59e23453e09bb138b73c1ed96e7bb8","0x800908E4","structural"
"0x8008e14c",,,"1","1","18","2","0","1","1","1","0","direct_call+overlay","direct_call+overlay","e63968ee7b73e95179298d40976a0a4aa80c5a82d9ced20beb574796e0877795","e63968ee7b73e95179298d40976a0a4aa80c5a82d9ced20beb574796e0877795","dc143aa2a9db4b2f6d066eaa29c5ec876b4d9ceec23807ef73f77cee1e635fbb","0x80090990","structural"
"0x8008e194","ObjectInteractionCompletion_Arm","confirmed","1","1","27","2","1","1","0","0","0","direct_call","direct_call","7e0f72a6067d39790bbb236ab3f5dfda0ca239ff296fbe874d801b194cae9ef4","7e0f72a6067d39790bbb236ab3f5dfda0ca239ff296fbe874d801b194cae9ef4","83b0a8f3961eb07a99ae4149a84c0a3b9c7fc1421f560176e8448ac1917cd50b","0x800909D8","structural"
"0x8008e200",,,"1","1","11","1","1","1","0","0","0","direct_call","direct_call","5f5b58c3933552d60566ddce33de30891b62cd503fad6b52dea376612c6cc486","5f5b58c3933552d60566ddce33de30891b62cd503fad6b52dea376612c6cc486","e455862fe9411d02877575e1064e68269aa5ddeef490f659ed4e7ec643a34568","0x80090A44","structural"
"0x8008e22c",,,"1","1","61","1","2","1","0","0","0","direct_call","direct_call","9e1331b4ec96ed77cf74528736c1a5e25e88e79e158686ca8729b552cd9bbb65","9e1331b4ec96ed77cf74528736c1a5e25e88e79e158686ca8729b552cd9bbb65","80e877d032cb2ba05230d9e2536ca0fd792cd8c006da99143a6fade27ef405a9","0x80090A70","structural"
"0x8008e320",,,"1","1","6","1","0","1","0","0","0","direct_call","direct_call","1f3bb85af456c414c65a66b5eb11d7e5d5e263a8dac22c3bf02cb4af12f292b6","1f3bb85af456c414c65a66b5eb11d7e5d5e263a8dac22c3bf02cb4af12f292b6","495837db861e326ab428eba071b12f39b6eee6256639985aff0e17446ab9a36c","0x80090B64","structural"
"0x8008e338",,,"1","1","14","1","1","1","1","0","0","direct_call+overlay","direct_call","04f2cf0ff70ac4e5fd449ea2ce1fd3a90cf73a6771fe747dddd2b9cafbc6fdd7","04f2cf0ff70ac4e5fd449ea2ce1fd3a90cf73a6771fe747dddd2b9cafbc6fdd7","82f1d97e874c4455657cb30217c2ffca29844f01e9e74a58f047b3246ae076e3","0x80090B7C","structural"
"0x8008e370",,,"1","1","54","1","4","1","0","0","0","direct_call","direct_call","c61d338cae599cff0b443798ee5d612e0898f384b7adb8abd8d5e5d78c07353d","c61d338cae599cff0b443798ee5d612e0898f384b7adb8abd8d5e5d78c07353d","b2ba2713cd5a5128c5656ed2e567832558e5c4aa5fb6f702d1b6058ecf8ad94b","0x80090BB4","structural"
"0x8008e448",,,"1","1","8","2","1","1","1","1","0","direct_call+overlay","direct_call+overlay","51685430ac5e649e836d2ad8e2ce73a95fb83ad29f5f0988602c77392705fa43","51685430ac5e649e836d2ad8e2ce73a95fb83ad29f5f0988602c77392705fa43","1f81e3bf0f85e0606d6d313ce130446d9e05ef96751109cb7de1efde0a6202c6",,
"0x8008e468",,,"1","1","21","1","2","1","0","0","0","direct_call","direct_call","ac401f0d97eafa310eb8f8aff003a11770069c26786a4950a5b96931c1de9f6d","ac401f0d97eafa310eb8f8aff003a11770069c26786a4950a5b96931c1de9f6d","3e80f9c040360c5b5a9c315c09973424aa179d0007afc1043a9e6aa3a98a3286","0x80090CAC","structural"
"0x8008e4bc",,,"1","1","220","1","3","1","0","0","0","direct_call","direct_call","7f322bd8a31dceda4041b8020cfc638877a5e9c3b53effc73afb886fece575f8","7f322bd8a31dceda4041b8020cfc638877a5e9c3b53effc73afb886fece575f8","66b99b361c3e576c5630c3ec4f7431a49ed97acdfa22a4b9da1adb7325444189","0x80090D00","structural"
"0x8008e838",,,"1","1","13","1","1","1","0","0","0","direct_call","direct_call","eb42e714dca97673c12fb2f0f3da17673a8fc2408d7d1e96a41f2f9aa6885506","eb42e714dca97673c12fb2f0f3da17673a8fc2408d7d1e96a41f2f9aa6885506","6964db34d163f1640566f39586f40fc122f65d6842f065bc35871ca0daa7554d","0x8009107C","structural"
"0x8008e878",,,"1","1","70","1","3","1","0","0","0","direct_call","direct_call","0d9eb4183fda8856a111d9187668acfd477f0d4f4d34dc70274155d244c4fb48","0d9eb4183fda8856a111d9187668acfd477f0d4f4d34dc70274155d244c4fb48","ff52b0ac573f737439fc9d04dfa42e5e5ab61696dcc8b3122ecebf0f6a8387bb","0x800910BC","structural"
"0x8008e990",,,"1","1","64","1","3","1","0","0","0","direct_call","direct_call","991b48626d8c9240bbcd4c3ab389dfe7bbe1d2315b67ccbf391bc797166c8c73","991b48626d8c9240bbcd4c3ab389dfe7bbe1d2315b67ccbf391bc797166c8c73","4d1a055e26502afbd944fc4e0861a8d06863e329b49faf0107dbb5bead177aeb","0x800911D4","structural"
"0x8008ea90",,,"1","1","10","2","0","1","0","0","0","direct_call","direct_call","b04a39c2706f7679805a9ddfc3a36782a5684579656bbcdb76f449b5e5a32325","b04a39c2706f7679805a9ddfc3a36782a5684579656bbcdb76f449b5e5a32325","26d967269f9bbbb6768b3fd8f44b8efde3ae648d42bf4965aaebc8dacc494115","0x800912D4","structural"
"0x8008eab8",,,"1","1","12","3","0","1","1","1","0","direct_call+overlay","direct_call+overlay","f2fa1005e6249299258f1f54d23d30afc34c92818eb3f189c0955343c1d4879f","f2fa1005e6249299258f1f54d23d30afc34c92818eb3f189c0955343c1d4879f","bee7670b5c08b271d8516d27d4ccef69f2b5009766d937cc57ef86fc16d78914","0x800912FC","structural"
"0x8008eae8",,,"1","1","17","1","2","1","0","0","0","direct_call","direct_call","805f20f6b4a70ed1ac06b97476b2bad429391602157d358e3209bd0a561960e6","805f20f6b4a70ed1ac06b97476b2bad429391602157d358e3209bd0a561960e6","172f986af30b19a1bc825e89d16ea3e5c00f94af2f5f944519157b2fd9b89747","0x8009132C","structural"
"0x8008eb2c",,,"1","1","43","1","2","1","1","1","0","direct_call+overlay","direct_call+overlay","4bbfa05475986505079b5df862fe47ea42a45f360d928769b1172d819ede6bd7","4bbfa05475986505079b5df862fe47ea42a45f360d928769b1172d819ede6bd7","12c8ba44f424723f891a95d83946227927c6b590bde7dc17b76da6ff026b738a",,
"0x8008ebd8",,,"1","1","29","1","1","1","0","0","0","direct_call","direct_call","8fa188aebe9e0ce48e7be1106b90e07da226894d1a0ec1eb9a5c00021f57ecb9","8fa188aebe9e0ce48e7be1106b90e07da226894d1a0ec1eb9a5c00021f57ecb9","dd10fee87385befa071a18c536ed8840fd0eaa35e99fdb03a3138a93c2d85372","0x8009141C","structural"
"0x8008ec4c",,,"1","1","21","1","1","1","0","0","0","direct_call","direct_call","324335d4d58c4c84289ef0104a1c6778a0fee72304e465a911a213b5098afc59","324335d4d58c4c84289ef0104a1c6778a0fee72304e465a911a213b5098afc59","252e05ccc28b447872ca713fb92e3d1b2e1c5c840de06627714ef64e41059edc","0x80091490","structural"
"0x8008eca0",,,"1","1","100","1","2","1","0","0","0","direct_call","direct_call","b389eb8af0b5f398bd71663aa4e0c4955a0db6dd338a859e016efdf420044687","b389eb8af0b5f398bd71663aa4e0c4955a0db6dd338a859e016efdf420044687","fa37bcb35205a31be4cb751719b93e24fb2e4cfe699804141c406d29678a4c0b","0x800914E4","structural"
"0x8008ee30",,,"1","1","26","2","3","1","0","0","0","direct_call","direct_call","ca6193b18e7a51251f43676e87a7936c3bd4fd2a615f2c395a40c91ac0075404","ca6193b18e7a51251f43676e87a7936c3bd4fd2a615f2c395a40c91ac0075404","1709854f5e48eb39a888dd4ed0c7720c45bfffd6fdce4b7a6c58d2ff5c085ccc","0x80091674","structural"
"0x8008ee98",,,"1","1","184","1","6","1","0","0","0","direct_call","direct_call","5c37f36e145b006dfa463bbc5337156a1fc2bbd3d202a6e0a1494286cf62bf82","5c37f36e145b006dfa463bbc5337156a1fc2bbd3d202a6e0a1494286cf62bf82","262ccd990292ed0d30c8d042647f760cb6bc966a3255291963233ef22a8077bc","0x800916DC","structural"
"0x8008f178",,,"1","1","48","5","0","1","1","1","0","direct_call+overlay","direct_call+overlay","b5546cdb8208940eb8b37c0800af2453464926fd5166a5c1c669f2975e09a0f7","b5546cdb8208940eb8b37c0800af2453464926fd5166a5c1c669f2975e09a0f7","6d2fb644004649755791d74dd25108efa0cd849102e2d26bff58c916f6d79b19","0x800919BC","structural"
"0x8008f238",,,"1","1","195","2","5","1","0","0","0","direct_call","direct_call","cf1cb76d8a64807602cd5d06f636173e2ecf1cd33ef01bcd1ee7f2895757a1ce","cf1cb76d8a64807602cd5d06f636173e2ecf1cd33ef01bcd1ee7f2895757a1ce","d12abc48635166850565fac6aefef2de59f5e0d6284259683d984d13d4a9bdca","0x80091A7C","structural"
"0x8008f544",,,"1","1","184","4","5","1","0","0","0","direct_call","direct_call","e2f985a66434b5118f83798c6ab76f81b78cc63cc7d8c798e6ddbceffab70016","e2f985a66434b5118f83798c6ab76f81b78cc63cc7d8c798e6ddbceffab70016","ecd6870c57c08c7cbd7819b2345c1324f2afe4511fa698f2a95b68070a670b20","0x80091D88","structural"
"0x8008f824",,,"1","1","8","1","1","1","1","1","0","direct_call+overlay","direct_call+overlay","f4e91439f0ef593c0b35ea157ed8b62c628ad30bf2b071a0fc5c9aa7a59fb7fc","f4e91439f0ef593c0b35ea157ed8b62c628ad30bf2b071a0fc5c9aa7a59fb7fc","896a4fdecbebe54724dfb4eb52e3ed8cdb3f2157b64b0ef3fa6d7d0db668083e",,
"0x8008f844",,,"1","1","13","1","0","1","1","1","0","direct_call+overlay","direct_call+overlay","666a8596dc6fd7625e44c7809be64bf235a34e4bbcba027d5b6a8b9ff6875f74","666a8596dc6fd7625e44c7809be64bf235a34e4bbcba027d5b6a8b9ff6875f74","6adf28df0ab4bea5fdd8d812515b92e45d7a84f18b9808da345cd683d7faf8c6","0x80092088","structural"
"0x8008f878",,,"1","1","8","1","0","1","1","1","0","direct_call+overlay","direct_call+overlay","233fb8a7735114ef6077b0f3989bb55d420dbab8ede2be22d9e35d57d9a588c9","233fb8a7735114ef6077b0f3989bb55d420dbab8ede2be22d9e35d57d9a588c9","4d6ede7aeb58c81748b82b3aac2c982a0b6ae0b501107f34d07d818e5b617889","0x800920BC","exact"
"0x8008f898",,,"1","1","10","2","0","1","0","0","0","direct_call","direct_call","4a959e231b03969e98633a003e675a6dba6e48d4a8370bf58c2485eed005e8d1","4a959e231b03969e98633a003e675a6dba6e48d4a8370bf58c2485eed005e8d1","3aaad3ba72020a9032902b06c3d863bd6fac36340e274d52c48bb8291197710d","0x800920DC","exact"
"0x8008f8c0",,,"1","1","11","2","0","1","0","0","0","direct_call","direct_call","5b7d1b4a01c9d2adc9362f7b23362cb0f8dce7d6d1bf4b2e5aefb6cdff3421e0","5b7d1b4a01c9d2adc9362f7b23362cb0f8dce7d6d1bf4b2e5aefb6cdff3421e0","3a7bb2e1fcb6e90c2f0e211044f13bb96b268c1d3151c648a57c2d34a8b63003","0x80092104","exact"
"0x8008f8ec",,,"1","1","7","1","0","1","0","0","0","direct_call","direct_call","c9b8ff3e39f4044e385238d90682304ea53fe6444288b333a8600ce469eae01f","c9b8ff3e39f4044e385238d90682304ea53fe6444288b333a8600ce469eae01f","d991ae2302f30b583e829d0fc8058b115da7f3a2902ed6d085368db89f2553ee","0x80092130","exact"
"0x8008f908",,,"1","1","29","2","1","1","0","0","0","direct_call","direct_call","8bfca924df8085f81f81fb568942d4bb30959d1bd610656f36f9c705a3a8f635","8bfca924df8085f81f81fb568942d4bb30959d1bd610656f36f9c705a3a8f635","ef495e086f589a1773d20a703eceaf052be1267cf6f0470d9ad359f981e397c7","0x8009214C","structural"
"0x8008f97c",,,"1","1","68","1","4","1","0","0","0","direct_call","direct_call","e0a3d5f6faad0636e6a4b2cb979f3a0d68fa992f65579b3edd49bfa2dd086a5d","e0a3d5f6faad0636e6a4b2cb979f3a0d68fa992f65579b3edd49bfa2dd086a5d","489f9f7922e6edda8b06fec98bde9324234dc8eb9eb63af2dad961d94b1f1a9d","0x800921C0","structural"
"0x8008fa8c",,,"1","1","28","2","2","1","1","1","0","direct_call+overlay","direct_call+overlay","7a84421fb40e55c14ae4a44d2a67c80dc254603054cbf83c56f611acdae34216","7a84421fb40e55c14ae4a44d2a67c80dc254603054cbf83c56f611acdae34216","60a8fd1b1110163247566df13a39a870ec4490d61ce6cbf6961a148c974e40e9","0x800922D0","structural"
"0x8008fafc",,,"1","1","42","2","0","1","0","0","0","direct_call","direct_call","1b9c9d27700d0e285203b47a2273cac81cb4cfb225bb59cb7c924387d5834bef","1b9c9d27700d0e285203b47a2273cac81cb4cfb225bb59cb7c924387d5834bef","bcf42f1da53df235bf1fb85976a47d795141ef1412e4e6d54e17daff5bd304d2","0x80092340","structural"
"0x8008fba4",,,"1","1","30","10","0","1","1","1","0","direct_call+overlay","direct_call+overlay","7b887616d5c838c9e0ea9b733a45c01ef5b1d75ed0762079ff6f203d5402fab9","7b887616d5c838c9e0ea9b733a45c01ef5b1d75ed0762079ff6f203d5402fab9","34b74cc7c13b83516d854095ec524a9552b29835d974ebfdc36e695f65d8c9da","0x800923E8","structural"
"0x8008fc1c",,,"1","1","270","3","2","1","0","0","0","direct_call","direct_call","81ee93b2b7462e17514990db019c50da1738199261fce9555760d0b8e36021e8","81ee93b2b7462e17514990db019c50da1738199261fce9555760d0b8e36021e8","8d0ad692ef53d558527f6e522ba8792bd75fcb05551521d06ac747a72a2d7a44","0x80092460","structural"
"0x80090054",,,"1","1","108","1","0","1","0","0","0","direct_call","direct_call","dcdb1e96938fcc325212466acf95ce48e1e4a54ba0ab1c98e5b15e88439c0bf1","dcdb1e96938fcc325212466acf95ce48e1e4a54ba0ab1c98e5b15e88439c0bf1","74931bb3fdabb99b91c51bf0d01facbfe9c4b0181c4f68b31d3da42b8b87c6ef","0x80092898","structural"
"0x80090204",,,"1","1","57","3","1","1","0","0","0","direct_call","direct_call","9b6107b5ada720c0a46f4e23ba08a8c9f5bf022930c70acdff29fc27d1224f10","9b6107b5ada720c0a46f4e23ba08a8c9f5bf022930c70acdff29fc27d1224f10","622a9929aa06a492d934e50e8ed7c09e81ae21be194d03ef24070f1f9532133e","0x80092A48","structural"
"0x800902e8",,,"1","1","513","1","10","1","0","0","0","direct_call","direct_call","4320963579c9613c9f4867add353ee5377bb5da9a0231c8f4b54f41ca86e335c","4320963579c9613c9f4867add353ee5377bb5da9a0231c8f4b54f41ca86e335c","b8243e7c2c974fae9f5c7992aefdc6fe34d077e5e1439168e76973a5957ce930","0x80092B2C","structural"
"0x80090aec",,,"1","1","270","0","5","1","0","0","0","prologue_only","prologue_only","4f2534fb8e7df29f10ba279526f75e64c8b3eed85d93d75abd845259d3580749","4f2534fb8e7df29f10ba279526f75e64c8b3eed85d93d75abd845259d3580749","c13cbe136118e712420392e9ea109f117d47f46dca5e23a1a27b87b2116fd707","0x80093330","structural"
"0x80090f24",,,"1","1","168","2","4","1","0","0","0","direct_call","direct_call","eeffaf197f5d73946dce8eaa179fdc781b4bf8836db88f0b7b06d0e74e42b74d","eeffaf197f5d73946dce8eaa179fdc781b4bf8836db88f0b7b06d0e74e42b74d","05d0ac1a6b8e280d9c9c2546442d9e5cb93537c1fa1893f2d6a62b757cd60ff8","0x80093768","structural"
"0x800911c4",,,"1","1","23","1","2","1","0","0","0","direct_call","direct_call","d0fa19af3eb00f519ab6123bc3037811e4a0a04014f1c269d769151edae6fb40","d0fa19af3eb00f519ab6123bc3037811e4a0a04014f1c269d769151edae6fb40","7bbbc2dcbbd62398be7c1f66c31a317f586ff1ed5a89ecbc5f4283b3132b5b53","0x80093A08","structural"
"0x80091220",,,"1","1","8","1","1","1","0","0","0","direct_call","direct_call","cbf61e2e79521b3334b90cefad601b06d67bb058f2d3b3bd0d50323cc31197a9","cbf61e2e79521b3334b90cefad601b06d67bb058f2d3b3bd0d50323cc31197a9","896a4fdecbebe54724dfb4eb52e3ed8cdb3f2157b64b0ef3fa6d7d0db668083e",,
"0x80091240",,,"1","1","191","3","1","1","0","0","0","direct_call","direct_call","9fcd31cd5c6e6ed8516e5436568601f875eeb904776f1a74173d90081a87d480","9fcd31cd5c6e6ed8516e5436568601f875eeb904776f1a74173d90081a87d480","49e5fcd39fafce493ce56e357a9350c41254073aaa3d4dd572f382d3fce14889","0x80093A84","structural"
"0x8009153c",,,"1","1","53","2","0","1","0","0","0","direct_call","direct_call","7f1b27a59252986c0e4b6d7e8211ffaef02e038689f36d0620ebf5d61a91e1a3","7f1b27a59252986c0e4b6d7e8211ffaef02e038689f36d0620ebf5d61a91e1a3","4fd8d2b5a6f690d0c0ef62d9a3fbeb0231b2ad6cc1972151753e38d15afd5634","0x80093D80","exact"
"0x80091610",,,"1","1","327","4","4","1","0","0","0","direct_call","direct_call","057dcee063c4be9d3e87bbe548ed2b63519632c4938b38d574a96dfee798c75d","057dcee063c4be9d3e87bbe548ed2b63519632c4938b38d574a96dfee798c75d","cea863e874d86e390e1b686f8cd62cb95e18180d8a60cb5e52681d94dadab553","0x80093E54","structural"
"0x80091b2c",,,"1","1","21","1","0","1","0","0","0","direct_call","direct_call","f9a16f1816e1552ce8fd96d90ff3d2fd23b03f4f87c485832896fd9cf6edc786","f9a16f1816e1552ce8fd96d90ff3d2fd23b03f4f87c485832896fd9cf6edc786","c4b0f1a7438445abef52777be295c035f39b9b64472fd78f5f12275a14807919","0x80094370","exact"
"0x80091b80",,,"1","1","7","1","0","1","0","0","0","direct_call","direct_call","5cd8cd5a9ed359b23d037592edfaecc420851c06c4aa2dd00741e722fcc86ed1","5cd8cd5a9ed359b23d037592edfaecc420851c06c4aa2dd00741e722fcc86ed1","eb8bffca7df7d87bcb65de6e41c21ee01fb28dfe02b9241bc2aea81bf3edd326","0x800943C4","exact"
"0x80091b9c",,,"1","1","164","1","1","1","0","0","0","direct_call","direct_call","90220d5c73916367a1ea827010e3b9b2ebc2fa9fe9a3724fc81c9adb7b930e2a","90220d5c73916367a1ea827010e3b9b2ebc2fa9fe9a3724fc81c9adb7b930e2a","a20ababb640fbbcfdc995ffacaf1f75f27a3dd27733fa0ab6f11d8a2423794a3","0x800943E0","structural"
"0x80091e2c",,,"1","1","198","1","6","1","0","0","0","direct_call","direct_call","dee577ce8b2f79475d08ce8e43783c720bfea08b9a0db5b48dd753013eed54f1","dee577ce8b2f79475d08ce8e43783c720bfea08b9a0db5b48dd753013eed54f1","61242f5387930c0717bd0d2f22e28b684ff6bc204ad32758df6695bf3a27d3f8","0x80094670","structural"
"0x80092144",,,"1","1","371","1","2","1","0","0","0","direct_call","direct_call","d89465ef769749d8a9263b6feabd9e2727a3f558db1299b924abf1b15d9c3aeb","d89465ef769749d8a9263b6feabd9e2727a3f558db1299b924abf1b15d9c3aeb","1ee4181079af67cc629f9363e8c6c2ddd0c7d53cdfc2d77151aa610bc054eca4","0x80094988","structural"
"0x80092710",,,"1","1","260","1","1","1","0","0","0","direct_call","direct_call","ea242b2f9801bd96f938a4ddaec925ea1b04ba9dfa1018561a7c71d0f6702159","ea242b2f9801bd96f938a4ddaec925ea1b04ba9dfa1018561a7c71d0f6702159","299c4fac460974549d7b0b8638c631e0c781941307170b8f393f358e2186e38c","0x80094F54","structural"
"0x80092b20",,,"1","1","303","1","1","1","0","0","0","direct_call","direct_call","556a2d17075591fe64444e9387d32fce22b87c09083121c8ab78467dff522843","556a2d17075591fe64444e9387d32fce22b87c09083121c8ab78467dff522843","a428646a70e78cf81b6a43c7b6e2aa18c7597dd473dd8ecb0be2e62aea066560","0x80095364","structural"
"0x80092fdc",,,"1","1","228","2","10","1","0","0","0","direct_call","direct_call","dc227da9d8f1b7cc13fc57e002c028d1cebcf0c40b7ecc30d468ae7e195bc8a9","dc227da9d8f1b7cc13fc57e002c028d1cebcf0c40b7ecc30d468ae7e195bc8a9","5352147fd750ed48e48fba5a228bc3a5031437f22586f31ffa687217201eabd3","0x80095820","structural"
"0x8009336c",,,"1","1","82","1","2","1","0","0","0","direct_call","direct_call","6154d6617fc11167616549225716a2fbd9a3cb63cc58045a77e094b95c0cced4","6154d6617fc11167616549225716a2fbd9a3cb63cc58045a77e094b95c0cced4","818671f5db5dd91674370a0438445f9ee9ada02c1023854c61fb8e192c8b087a","0x80095BB0","structural"
"0x800934b4",,,"1","1","31","1","1","1","0","0","0","direct_call","direct_call","a86d5007528ae980915aadb63dd0966fd7cd88042f8ddadb84aea7726b622730","a86d5007528ae980915aadb63dd0966fd7cd88042f8ddadb84aea7726b622730","b9cae128347fd09ed5906dbffa31e47bbb30aa09f573fae8a40f2d0911b9c8a9","0x80095CF8","structural"
"0x80093530",,,"1","1","364","1","6","1","0","0","0","direct_call","direct_call","70e7f8dcbe97b8fb5e11d3a8d2cd0affb56d09831bf23e2fdd0b5fde42dbec3f","70e7f8dcbe97b8fb5e11d3a8d2cd0affb56d09831bf23e2fdd0b5fde42dbec3f","05285870245647a1d77821c14518b1f6bfec52729c304db0e97c577d656a6522","0x80095D74","structural"
"0x80093ae0",,,"1","1","16","1","2","1","0","0","0","direct_call","direct_call","e364fa252ba1272ce4592927969244ae41808f8021941408af14bea3bb10b2c7","e364fa252ba1272ce4592927969244ae41808f8021941408af14bea3bb10b2c7","d371375cb41f4f0ded556a3980134080a485e91c3dede1289641e9536a3e50e8","0x80096324","structural"
"0x80093b20",,,"1","1","101","1","8","1","0","0","0","direct_call","direct_call","dd89bf93a5cac05aafc59582e70c2d76cdad176e609bdee3b09b99191bfe3476","dd89bf93a5cac05aafc59582e70c2d76cdad176e609bdee3b09b99191bfe3476","289099197ec48464b616893e5409daecb3c2192b13ad87ed069094a4519ae921","0x80096364","structural"
"0x80093cb4",,,"1","1","988","2","13","1","0","0","0","direct_call","direct_call","aa272e540c81cd61831edd08d73d4a9c5cf247f1ea7af8f278c460f29df92765","aa272e540c81cd61831edd08d73d4a9c5cf247f1ea7af8f278c460f29df92765","ca357f04acb2c17ef4a3e3df1eb70c2af463a671af240f8a2e95c0e4c286898e",,
"0x80094c24",,,"1","1","150","1","4","1","0","0","0","direct_call","direct_call","56a2fa430620f93e5944b3461fadf4bea9aef8d0f5fa9522cead3944d8fc9d86","56a2fa430620f93e5944b3461fadf4bea9aef8d0f5fa9522cead3944d8fc9d86","0a6033fbee5b1ac52eb2073013fbbd02ed1bf73eb9526a81d3134c5e81e28da7","0x8009736C","structural"
"0x80094e7c",,,"1","1","822","1","7","1","0","0","0","direct_call","direct_call","63e8a4cb4814baf9f8394960fbbe96fdad9da4a320786fb927e824b33707e81c","63e8a4cb4814baf9f8394960fbbe96fdad9da4a320786fb927e824b33707e81c","096e79bca11513c101c7c82ced2916f7304c5447fa06cb47c07afa2591c8f691","0x800975C4","structural"
"0x80095b54",,,"1","1","194","1","1","1","0","0","0","direct_call","direct_call","15d3a2cfbf58783711cf1b62577a30d63f2965a9e03e5a7cf0eccf488799782d","15d3a2cfbf58783711cf1b62577a30d63f2965a9e03e5a7cf0eccf488799782d","6a3eb7968eb172a17da1ff68ad654f00caa41c886790cddae4ef05ac80b58f4b","0x8009829C","structural"
"0x80095e5c",,,"1","1","541","1","5","1","0","0","0","direct_call","direct_call","9807e8b86221407cb9488cdc15474a55ff528345e5325ee3ba53dc409008d370","9807e8b86221407cb9488cdc15474a55ff528345e5325ee3ba53dc409008d370","cd811d3bfc21a38111e332aba8cb600d1534595b824604f1377e1e2246296194","0x800985A4","structural"
"0x800966d0",,,"1","1","131","3","2","1","0","0","0","direct_call","direct_call","26a5586c9914e69040173d245181ab12fee6a6e47674fba27a3c6fe51b90bbaf","26a5586c9914e69040173d245181ab12fee6a6e47674fba27a3c6fe51b90bbaf","79a416366c725784e43b4a5d4d8eb3928c3b434b32e62cd891e6707402ef2977","0x80098E18","structural"
"0x800968dc",,,"1","1","21","1","2","1","0","0","0","direct_call","direct_call","b0b38ccf89a8b104b4e02dfea37250f7104ec262ee0b8b19ab1c84fdb432adec","b0b38ccf89a8b104b4e02dfea37250f7104ec262ee0b8b19ab1c84fdb432adec","e292747cc991516a15ba69753a680ab1a59b087914be597d7263931df6656228","0x80099024","structural"
"0x80096930",,,"1","1","61","1","3","1","0","0","0","direct_call","direct_call","72a6f730d0ef8aa77d615062d4d602b98e420dac246393b47b2c39d5874c2f6a","72a6f730d0ef8aa77d615062d4d602b98e420dac246393b47b2c39d5874c2f6a","fa848bdbe21dd70e9bbfa247854c2db5b4914ab435ef54d751fba901be274d95","0x80099078","structural"
"0x80096a24",,,"1","1","173","1","2","1","0","0","0","direct_call","direct_call","b743009ebefaac488ea253eb28c14d4380a0a171520543b83333e798af83c3a9","b743009ebefaac488ea253eb28c14d4380a0a171520543b83333e798af83c3a9","a0a20dd03700b9274d9d54fe36b53a175f4373c8c62ab58039d1da10e82ed17c","0x8009916C","structural"
"0x80096cd8",,,"1","1","413","2","9","1","0","0","0","direct_call","direct_call","a4ecffbc9ab165b5c1057f76c73d3c1f3ed37eefa3693ad7680e8d1ff7001234","a4ecffbc9ab165b5c1057f76c73d3c1f3ed37eefa3693ad7680e8d1ff7001234","09955c9f3b8f8d1c76b758f27007a4c363691fe820b367d7a7644a7e908d92b1","0x80099420","structural"
"0x8009734c",,,"1","1","20","2","0","1","0","0","0","direct_call","direct_call","18442d222c31c60c77eb3a6cc5d974f71292636b9b78f06b40fc57572029ee05","18442d222c31c60c77eb3a6cc5d974f71292636b9b78f06b40fc57572029ee05","774013b2ed8ef48df8f4d6308464d574f6903100702fb43999edd68743404794","0x80099A94","structural"
"0x8009739c",,,"1","1","51","2","1","1","0","0","0","direct_call","direct_call","5b137e8eb62e21d9b0fce00a4067380d2c10a122502c4997149ec888c2ef1ebb","5b137e8eb62e21d9b0fce00a4067380d2c10a122502c4997149ec888c2ef1ebb","3ee15fdb16994e38c6a97ca5ccbde296f8f335721b35c7e87cff069995d58521","0x80099AE4","structural"
"0x80097468",,,"1","1","37","2","0","1","0","0","0","direct_call","direct_call","b75eb6f4347070e281cc0e72aba10835f391733e804832f92af9fb350823a58d","b75eb6f4347070e281cc0e72aba10835f391733e804832f92af9fb350823a58d","cd9374cea85bfe56eedc07a3f6ba8da444b847ee5afd251a90c2f2720b62e25d","0x80099BB0","structural"
"0x800974fc","ObjectEvent_Queue","strong","1","1","22","4","1","1","1","1","0","direct_call+overlay","direct_call+overlay","f867f8141b4f2209bbdf6e4e5f398046ea3388845377f006f3a9d85d7dd7a471","f867f8141b4f2209bbdf6e4e5f398046ea3388845377f006f3a9d85d7dd7a471","6043b835e8f6033fdb73525a68240874db53c52eee6dc3433430944dfdf6c617",,
"0x80097554",,,"1","1","22","0","1","1","0","0","0","prologue_only","prologue_only","9b6656abb67cca30e34c3973fcf04c6f3c5da26100708d6e669fe74e3f4e0f26","9b6656abb67cca30e34c3973fcf04c6f3c5da26100708d6e669fe74e3f4e0f26","6043b835e8f6033fdb73525a68240874db53c52eee6dc3433430944dfdf6c617",,
"0x800975ac",,,"1","1","20","3","0","1","1","1","0","direct_call+overlay","direct_call+overlay","38bca0f4721cadf780c6f4d179f4bcb5422fd5b83076528240e8eeeb0e9251ce","38bca0f4721cadf780c6f4d179f4bcb5422fd5b83076528240e8eeeb0e9251ce","ca4f1ad0d049073253910642a98fa9bc565fcaf487e38064b4a3172764f2ee56","0x80099DC4","exact"
"0x800975fc",,,"1","1","8","5","0","1","1","1","0","direct_call+overlay","direct_call+overlay","949c4943a7b5b3ca885e7544aee65a5c7dbf763e33d47bd2b1ff94a993f1f3b7","949c4943a7b5b3ca885e7544aee65a5c7dbf763e33d47bd2b1ff94a993f1f3b7","c5315e6d950e720fcebfc2a2d9fe83b0cdb4f026bed7befa67e4227cc92a357a","0x80099E14","exact"
"0x8009761c",,,"1","1","10","3","1","1","1","1","0","direct_call+overlay","direct_call+overlay","6c1a0ab62a8777cf047d30cf837fb9b415a0b6f2eb6439c05abb21e0bf463ded","6c1a0ab62a8777cf047d30cf837fb9b415a0b6f2eb6439c05abb21e0bf463ded","428c7665f5e71d31289b36e05c9cb0fdb1e6b5e2842c438ab5702ff7ba0e8f46",,
"0x80097644",,,"1","1","10","0","1","1","0","0","0","prologue_only","prologue_only","181c873e63e6b5da4f00c0150962ef70ac36cc23fd3c6e92d4dde68d086cf5a9","181c873e63e6b5da4f00c0150962ef70ac36cc23fd3c6e92d4dde68d086cf5a9","428c7665f5e71d31289b36e05c9cb0fdb1e6b5e2842c438ab5702ff7ba0e8f46",,
"0x8009766c",,,"1","1","115","1","1","1","1","1","0","direct_call+overlay","direct_call+overlay","fd3986bdee2f81b98a9fa0f8836f8aa72ccab82f95bb23dfd3746336277a947a","fd3986bdee2f81b98a9fa0f8836f8aa72ccab82f95bb23dfd3746336277a947a","a8d68b9b404430eb63e5998f13a878f7a903f36844363b85cbee3b2afbc741ee","0x80099E84","structural"
"0x800978b8",,,"1","1","247","0","2","1","0","0","0","prologue_only","prologue_only","3cb10eb3c089c0c68eaea3d28bbee1fc53d0c428a291bce4ad566b868a1ddc0d","3cb10eb3c089c0c68eaea3d28bbee1fc53d0c428a291bce4ad566b868a1ddc0d","35422d7ed76ddcc985ed1946070c5096ed4902b0121444c3d2e3d7c90b5abaf2","0x8009A0D0","structural"
"0x80097c94",,,"1","1","278","1","3","1","0","0","0","direct_call","direct_call","7e3264db0061e0ad34221073c59af5287ba539e6d5a5296d45193263134bd7ec","7e3264db0061e0ad34221073c59af5287ba539e6d5a5296d45193263134bd7ec","1dedf78a68104a35e0e5d583a61bdb85c8986d46d61420ddc2e35b69ffeff9ad","0x8009A4AC","structural"
"0x800980ec",,,"1","1","191","2","2","1","0","0","0","direct_call","direct_call","ca8cfaab8879b5815a92357cabe0374717b695ac5c0bf13fe55112865d51e2d0","ca8cfaab8879b5815a92357cabe0374717b695ac5c0bf13fe55112865d51e2d0","9b84fa6f70008dce0b36fb0e4d4addd148a692b242891854834e455bf8ca6323",,
"0x800983e8",,,"1","1","8","1","1","1","0","0","0","direct_call","direct_call","bc7054706a98adeb0699c307b6ffbd42ae75d828110ce60fcbbda1d65b64a59d","bc7054706a98adeb0699c307b6ffbd42ae75d828110ce60fcbbda1d65b64a59d","9cf1e4d3a8c6aa33b5366ecad1a4135523257fca6e23275e7a6424708a2315ac",,
"0x80098408",,,"1","1","129","3","3","1","0","0","0","direct_call","direct_call","d18e048224acc10eed93912d5bf493f23936c2bb300ad7b4981748468bc4714d","d18e048224acc10eed93912d5bf493f23936c2bb300ad7b4981748468bc4714d","a0c76d14ff2fee2781edc66813d3170506107ad685ae8516e5f5e35c5b5015eb","0x8009AC28","structural"
"0x8009860c",,,"1","1","146","1","0","1","0","0","0","direct_call","direct_call","3d77deaf3e33f66025dea898297d3861b64cb20731fa332f444fd478e476463f","3d77deaf3e33f66025dea898297d3861b64cb20731fa332f444fd478e476463f","5ae698fa53a2a90fe5703dfb3ed679d6850a0e68c8170a89693be526fca4e6bd","0x8009AE2C","structural"
"0x80098854",,,"1","1","252","2","0","1","0","0","0","direct_call","direct_call","ca910e86765c4899a648e1749b8e6d69f45963e16ad525c10c419a9343d88a72","ca910e86765c4899a648e1749b8e6d69f45963e16ad525c10c419a9343d88a72","1cb44a6496b07d71da96c33f8ee7b7a594b1670b4f075824b8f3b3415cd0afa8","0x8009B074","structural"
"0x80098c44",,,"1","1","15","7","1","1","1","1","0","direct_call+overlay","direct_call+overlay","cdf7d41164c24ea341c94224f577de45ef6b905ef04e762618356e7a88c137b3","cdf7d41164c24ea341c94224f577de45ef6b905ef04e762618356e7a88c137b3","cbcc1fea4129f81d98180603b63f3055dfb3a00e79c2adc3db4627925bff1eed","0x8009B464","structural"
"0x80098c80",,,"1","1","51","1","1","1","0","0","0","direct_call","direct_call","b8b7e21edb66dfa89d5dbe59d1658aaf9be4aaea21622546fa32aa6f9cf51648","b8b7e21edb66dfa89d5dbe59d1658aaf9be4aaea21622546fa32aa6f9cf51648","571ae02ee9dd84152b5d552f9f05ae2a5bd39e631965db54ced999872a0c6053","0x8009B4A0","structural"
"0x80098d4c",,,"1","1","88","2","0","1","0","0","0","direct_call","direct_call","0fa340c9ac95222f3e3e5b5a98bae8122da9e85841bd8a42c77bd66543579b37","0fa340c9ac95222f3e3e5b5a98bae8122da9e85841bd8a42c77bd66543579b37","ad8f4049db68bff485112f5f737293f1cb246a29b9eaf5868bca6fcc6b5d1ee7",,
"0x80098eac",,,"1","1","91","1","4","1","0","0","0","direct_call","direct_call","86c8714826e70932451cb3e897a0b729de12fd171fbe43672a480a7c51259729","86c8714826e70932451cb3e897a0b729de12fd171fbe43672a480a7c51259729","e92056204f55f802b25e26ccd01dd1c6709b4feefae63b406a24e1e13a715664","0x8009B638","structural"
"0x80099018",,,"1","1","379","1","10","1","0","0","0","direct_call","direct_call","474962ab7e07d57bd569c26deb211be8abc69260f6fccc3cd3a92dae0ec257b4","474962ab7e07d57bd569c26deb211be8abc69260f6fccc3cd3a92dae0ec257b4","bccfe982b200bab888d62ba7849b904e34616682fe759fb72f65a23abb1be634",,
"0x80099608",,,"1","1","94","12","2","1","0","0","0","direct_call","direct_call","5f01d30b52dbf480ffba2a4bda46ed56d2bcd5f89f9b49efaa2972c54c0486c7","5f01d30b52dbf480ffba2a4bda46ed56d2bcd5f89f9b49efaa2972c54c0486c7","f3e9dd8ddef40d885befb5ed62099bfa191171aa4e7e7f1f33b33bd4c45d5585","0x8009BDF0","structural"
"0x80099788",,,"1","1","383","3","1","1","0","0","0","direct_call","direct_call","2d371a976314ff717f6cf526954aa0adec9f092c58a4298a58eb8b0aa899a09e","2d371a976314ff717f6cf526954aa0adec9f092c58a4298a58eb8b0aa899a09e","c58d55acea7d109f60bc167e620ecd1678249e12f8a6e5f95aa91d71eed94505","0x8009BF70","structural"
"0x80099d84",,,"1","1","76","5","0","1","0","0","0","direct_call","direct_call","342b0add2f651168582dcee10e9161496bce8a36ac74712438e2346034f9182f","342b0add2f651168582dcee10e9161496bce8a36ac74712438e2346034f9182f","3779c72d018a152327b16272bd213b4f3ae6049fadd86605d145f48d2b571953",,
"0x80099eb4",,,"1","1","15","2","0","1","0","0","0","direct_call","direct_call","5a1178a901c0acb7df54f99459aa2475216263871eb4a8a9e1d7607e39fbba38","5a1178a901c0acb7df54f99459aa2475216263871eb4a8a9e1d7607e39fbba38","604db80e0e30e298febcaae8113c80344185ca5d54316868e5a761df636604c8",,
"0x80099ef0",,,"1","1","30","1","0","1","0","0","0","direct_call","direct_call","12ba1bd3a06a37d0025dd7fe30e6df3c1ee39846903c5f0ee23699058482c5aa","12ba1bd3a06a37d0025dd7fe30e6df3c1ee39846903c5f0ee23699058482c5aa","0ffdbf7720f7a99a92ec01f241d94d857138c7f8021147d9f7a1c6445cb887b4",,
"0x80099f68",,,"1","1","109","3","0","1","0","0","0","direct_call","direct_call","b7e5cd298606b6bfa29e9f32d252be6222567022c22cbbaf015a30ca76d9025b","b7e5cd298606b6bfa29e9f32d252be6222567022c22cbbaf015a30ca76d9025b","bb0be86cb1194263f3fce7bac143f007d17dea8ca02f7d61eec4ff54064eafe8",,
"0x8009a11c",,,"1","1","137","1","1","1","0","0","0","direct_call","direct_call","75ce7365561a7d0d19a68cf0ff4c9bb728c2acf222f6bd0235e621d664a24818","75ce7365561a7d0d19a68cf0ff4c9bb728c2acf222f6bd0235e621d664a24818","c03d3402ec844ad81ee414e27d374abd9e3c7e71b5e9af37ecc7a0f0c79a9d6a","0x8009C904","structural"
"0x8009a340",,,"1","1","204","2","6","1","0","0","0","direct_call","direct_call","85db37e3cf4b9a13f3d20e7197eb3db28f2311ba319a1a2dc3abba333ecd9fd8","85db37e3cf4b9a13f3d20e7197eb3db28f2311ba319a1a2dc3abba333ecd9fd8","c06e5b8b214dab6d5c6d2a3f5aa567e811054ed67819e3d3147f5502033a6f07","0x8009CB28","structural"
"0x8009a670",,,"1","1","92","1","2","1","0","0","0","direct_call","direct_call","bb8e4f1ac8aff6829d4ac787971ea59cd5419175aed0d9723bee25e2c22660f3","bb8e4f1ac8aff6829d4ac787971ea59cd5419175aed0d9723bee25e2c22660f3","4a9a000fa4121f182a5246a68a9a8208fce38bb73eaf7a647d81c2dbd93f5290","0x8009CE58","structural"
"0x8009a7e0",,,"1","1","159","2","12","1","0","0","0","direct_call","direct_call","00f5e25529f9e8980d6cc5e9c18efef101f45c52184afb1354dfb75d7234cf94","00f5e25529f9e8980d6cc5e9c18efef101f45c52184afb1354dfb75d7234cf94","743a3096a1b13ecac73ad87df77ab7d759012139f469672f38cd50491f8ba071","0x8009CFC8","structural"
"0x8009aa5c",,,"1","1","142","1","2","1","0","0","0","direct_call","direct_call","8662d133acd5285f6bfa87e44c1649408a077b6da0df8064b1992f7806e6f3c3","8662d133acd5285f6bfa87e44c1649408a077b6da0df8064b1992f7806e6f3c3","1ce1dd2a702db2934f7a7da424856e85b6102c648567af4439d3f4ab824b96c4","0x8009D244","structural"
"0x8009ac94",,,"1","1","123","1","1","1","0","0","0","direct_call","direct_call","5ec629a8d649d951c6cab742cf78ebba0dce0c94c031cdca87078bb9e8a6b9d6","5ec629a8d649d951c6cab742cf78ebba0dce0c94c031cdca87078bb9e8a6b9d6","cfb76ab151ef70611f97a26dc736544f47aca292c06d6d81d89e328a37ff56f7",,
"0x8009ae80",,,"1","1","66","2","2","1","0","0","0","direct_call","direct_call","80702009fb91e2918966e6da5909ca3968e0d7cb297c912ddc0f02a3f569c9c5","80702009fb91e2918966e6da5909ca3968e0d7cb297c912ddc0f02a3f569c9c5","10992a5c11f172d56c22912a622215e2a9b53458ce5972aedba127a48850bf34",,
"0x8009af88",,,"1","1","16","1","0","1","0","0","0","direct_call","direct_call","420c0ab9096ff03588cadda7ed12a98cba7321ab690d7068dce98f3d6cc9d02b","420c0ab9096ff03588cadda7ed12a98cba7321ab690d7068dce98f3d6cc9d02b","0198cd518acca2eab787e5d7b216187b82f42480564cba6ab8ef1c21fdc0b33c","0x8009D8A0","exact"
"0x8009afc8",,,"1","1","110","1","1","1","0","0","0","direct_call","direct_call","2ae701d5b54fe4918b7bf912384e405e69582dadcaf8f036a15814e4f74b5b1a","2ae701d5b54fe4918b7bf912384e405e69582dadcaf8f036a15814e4f74b5b1a","344c31f38ded943108818028d1cf381e72d2fef7a1a427aa27c03fd97150c93e","0x8009D8E0","structural"
"0x8009b180",,,"1","1","910","1","4","1","0","0","0","direct_call","direct_call","8767770c9e96c4d765029ff04327e6f16803bb4cf42f45dfc8c1ad0a2d4952b9","8767770c9e96c4d765029ff04327e6f16803bb4cf42f45dfc8c1ad0a2d4952b9","16ee1b74a5cef20b11a1b8a34566db2e9eeb93702fd845b0013c9ed3856c0165","0x8009DA98","structural"
"0x8009bfb8",,,"1","1","35","1","0","1","0","0","0","direct_call","direct_call","55e0adedae0692350b8d7d74776cedf6793d6e95d89b28276c41d0907f7b6d6d","55e0adedae0692350b8d7d74776cedf6793d6e95d89b28276c41d0907f7b6d6d","b26fdd7f372d7f3bb49715f965e009d7c3eb6ac8e063453b4dd516b236dfd1ca",,
"0x8009c044",,,"1","1","466","1","9","1","0","0","0","direct_call","direct_call","7b288a64243ddbf15248cbf3b1a627227c7e1205116d001fae67014d1c5a982f","7b288a64243ddbf15248cbf3b1a627227c7e1205116d001fae67014d1c5a982f","434a79bb0d1099403edf643f715186a9db0c70553f27c91a7a6c3c164c9989e7",,
"0x8009c78c",,,"1","1","14","2","0","1","0","0","0","direct_call","direct_call","71073699d2c771c33e80e04cd338fcd1496fdf579aa58cff15dc56ae0c50c019","71073699d2c771c33e80e04cd338fcd1496fdf579aa58cff15dc56ae0c50c019","cedd49b058c4aeba4ee31433520ef95bb1ff9d9c501400b7b0c31d426ef5931a","0x8009F0E8","exact"
"0x8009c7c4",,,"1","1","81","2","0","1","0","0","0","direct_call","direct_call","b8c7ae78c9bfa32e8873752d474a0fc3374f75d86d83ea987459efe5835c7d0c","b8c7ae78c9bfa32e8873752d474a0fc3374f75d86d83ea987459efe5835c7d0c","8fb7e72c9fb4cb44dbc90a310ae9581fc7f8006e596738f4679a73b4e1fcf1e5","0x8009F120","structural"
"0x8009c908",,,"1","1","81","1","3","1","0","0","0","direct_call","direct_call","c4e79f5772421d3c75895b3913c79182c00a24bd70345884651e9d095b55ea89","c4e79f5772421d3c75895b3913c79182c00a24bd70345884651e9d095b55ea89","c23b7bdffa9d10498f398329fdf0efc75b53fded8f663c86bef610ead8e4dd41","0x8009F264","structural"
"0x8009ca4c",,,"1","1","67","2","3","1","0","0","0","direct_call","direct_call","1ca9c70cbe812d5beee0a2e5ea717b3b8ea967df9f0f004cfff1076caa9a518c","1ca9c70cbe812d5beee0a2e5ea717b3b8ea967df9f0f004cfff1076caa9a518c","6dd042b6a63c3dbb1b657367f1d3a7e6c6e0d7c9f9ee1c1b9c525cd065caa413","0x8009F3A8","structural"
"0x8009cb58",,,"1","1","62","10","0","1","0","0","0","direct_call","direct_call","bc23d911c3665b88862410d0695a630b225e1793dec3de00306c9b60753ab421","bc23d911c3665b88862410d0695a630b225e1793dec3de00306c9b60753ab421","8f4445a52da6cdf16417f8afe87f900d21e060f552bd6bcb5cd7c3eb188dfa08","0x8009F4B4","exact"
"0x8009cc50",,,"1","1","61","7","0","1","0","0","0","direct_call","direct_call","da105875958cd1bec92b22246af487e99ef561e11b0b7cad87e0842ee73d9238","da105875958cd1bec92b22246af487e99ef561e11b0b7cad87e0842ee73d9238","d57a7def2c03fe730dc6d26efcccc7ae69be64d3d9cf885cb2bfc0e0b7090098","0x8009F5AC","exact"
"0x8009cd44",,,"1","1","62","5","0","1","0","0","0","direct_call","direct_call","edb61d145302b78f0309405d0bbae11f91e0b941d1c78ee6cf5949064d4c56fe","edb61d145302b78f0309405d0bbae11f91e0b941d1c78ee6cf5949064d4c56fe","1e85d7edb88ad9a267a830d91ee0576e3ef8132c954f6b66a1b7175faa04706b","0x8009F6A0","exact"
"0x8009ce3c",,,"1","1","62","1","0","1","0","0","0","direct_call","direct_call","9b3e91f51775552da85d2645f68d140b22195f393d23ff9901d9ffcadc6449ab","9b3e91f51775552da85d2645f68d140b22195f393d23ff9901d9ffcadc6449ab","d19ffde28c531b98eb1047322f5fbe16ad82c2cb9ff06c178552570566054118","0x8009F798","exact"
"0x8009cf34",,,"1","1","62","1","0","1","0","0","0","direct_call","direct_call","31851a5b44bb1a9b93974b28e33db09f3bc5512a9b1229045103af22db9915e2","31851a5b44bb1a9b93974b28e33db09f3bc5512a9b1229045103af22db9915e2","48de99ca61cb7686ec1f29644fd5571be6334bbaf943238faadc5912a171375b","0x8009F890","exact"
"0x8009d02c",,,"1","1","2879","2","20","1","0","0","0","direct_call","direct_call","959baadea681d0e33db9569cd341e82580ae6792a2911154a7ccc3fa7e3591c3","959baadea681d0e33db9569cd341e82580ae6792a2911154a7ccc3fa7e3591c3","ac10aa6a5e48fc79b468f8135061ec43c2556e9cf963e42ead0dff2513ca8e1c","0x8009F988","structural"
"0x8009fd28",,,"1","1","288","1","0","1","0","0","0","direct_call","direct_call","f256ed39608e842d508f7c283303812b74de1d5bdff33c4b05f005e0d0d102d9","f256ed39608e842d508f7c283303812b74de1d5bdff33c4b05f005e0d0d102d9","69ce6159e53f7676d4ca177a329b489c90a2e513bb9e9e81ca7e773c678c1641","0x800A2684","structural"
"0x800a01a8",,,"1","1","259","2","5","1","0","0","0","direct_call","direct_call","4913e8f9dfc1db35fc473efedab4cb81629a1194b126ccb1cbf98928acb5c9ce","4913e8f9dfc1db35fc473efedab4cb81629a1194b126ccb1cbf98928acb5c9ce","1536607a15bc7378b6c7af757fad84124430d895b72eb14c20bdb64932debc1b",,
"0x800a05b4",,,"1","1","9","1","0","1","1","1","0","direct_call+overlay","direct_call+overlay","f3fbdb69a4596691e046d75b2484615fea1eccad537a66b5b7e963b4ef1fd4b8","f3fbdb69a4596691e046d75b2484615fea1eccad537a66b5b7e963b4ef1fd4b8","d99b0c214ee83e2ff8e840d20c148e535e9281f07448e6b7756cb6ef22e47460","0x800A2F20","structural"
"0x800a05d8",,,"1","1","100","4","0","1","0","0","0","direct_call","direct_call","27213c5bf67fdd4ed49bdc4734102e451f726c5d7c1c22992a4dc32003a8da9f","27213c5bf67fdd4ed49bdc4734102e451f726c5d7c1c22992a4dc32003a8da9f","24ab182f0def3a706043e3b333ed103482e00864da5b2252e04574078ff5aa37","0x800A2F44","structural"
"0x800a0768",,,"1","1","161","3","3","1","0","0","0","direct_call","direct_call","5c4e70cfb8cbe988f41e871a719da91d7d94b765a93137194a020afdbc316957","5c4e70cfb8cbe988f41e871a719da91d7d94b765a93137194a020afdbc316957","3c2f498b5047bb34c95422648d4f8603c6c2cd0ec8008d70f985598b19a45a59","0x800A30D4","structural"
"0x800a09ec",,,"1","1","42","2","1","1","0","0","0","direct_call","direct_call","1c775a4e69193754326c56b38da77e24b622f4a58cf7dce6b73c20657d349d64","1c775a4e69193754326c56b38da77e24b622f4a58cf7dce6b73c20657d349d64","f370b0ed2aa43772b1384c8aa3756fd1f5b19392153fb0f7b5fdb3a7497b1722","0x800A3358","structural"
"0x800a0a94",,,"1","1","58","1","2","1","0","0","0","direct_call","direct_call","88d77687158131068fc00d596044fd4407f74746e9e63c05883c16b3705bb5be","88d77687158131068fc00d596044fd4407f74746e9e63c05883c16b3705bb5be","f0a5890143eba134d475de72b67d6a8b68a63d47a7a937fc5535befdf74209e7","0x800A3400","structural"
"0x800a0b7c",,,"1","1","22","1","1","1","0","0","0","direct_call","direct_call","ed46ca9b6f68f2b2b4083bbca94a108b79a88771af2ef696248e762239f02bc7","ed46ca9b6f68f2b2b4083bbca94a108b79a88771af2ef696248e762239f02bc7","9b1682b7ce000411539f275332c0b9c6567a2dcb7755b6f83ffd551220bd372d","0x800A34E8","structural"
"0x800a0bd4",,,"1","1","48","3","0","1","0","0","0","direct_call","direct_call","5e189e1b3658402d597acf583fef690cb38cba3339068eb1d388408adf6735f2","5e189e1b3658402d597acf583fef690cb38cba3339068eb1d388408adf6735f2","e557146763eed47a01b7e742ccfef598fbc4eab7b1d4a777a069a08d091c3c07","0x800A3540","exact"
"0x800a0c94",,,"1","1","174","3","2","1","0","0","0","direct_call","direct_call","e1a6b8b2cf19af3c144188b96a1900ebe14ba05f38e97ab5e09e90d7ae6d5503","e1a6b8b2cf19af3c144188b96a1900ebe14ba05f38e97ab5e09e90d7ae6d5503","2b43fa1102c1437e834ddbb5b1713ab316578fac837e50bed926d00a55a07cc6","0x800A3600","structural"
"0x800a0f4c",,,"1","1","284","2","6","1","0","0","0","direct_call","direct_call","273e0c075c534a1768d07357b6a1ab4c6e96ef3a98f288c6622d42c4f979bc99","273e0c075c534a1768d07357b6a1ab4c6e96ef3a98f288c6622d42c4f979bc99","a7087433bee9c2ab63aac44cf1cbe4317a9e7b002a0466dcb5d33b282784664d",,
"0x800a13bc",,,"1","1","482","2","8","1","0","0","0","direct_call","direct_call","af1c64320dc2b82c360fa218b3e5521a2de5065501a5440b87dd718f44fe5ad5","af1c64320dc2b82c360fa218b3e5521a2de5065501a5440b87dd718f44fe5ad5","895881e37b58903bb227e49a9e6530b5c732b0d474b9f34c05100b0c59a1efe1",,
"0x800a1b44",,,"1","1","69","0","1","1","0","0","0","prologue_only","prologue_only","b28eac2f41e0492a8c23ea2a134bca439e9e1546c95de5070a270db97933ea5c","b28eac2f41e0492a8c23ea2a134bca439e9e1546c95de5070a270db97933ea5c","b6696cc34653a2a221970121828c382236eba18bbcf3bff7e9a5789b661dd1de","0x800A44CC","structural"
"0x800a1c58",,,"1","1","35","2","0","1","0","0","0","direct_call","direct_call","55e0adedae0692350b8d7d74776cedf6793d6e95d89b28276c41d0907f7b6d6d","55e0adedae0692350b8d7d74776cedf6793d6e95d89b28276c41d0907f7b6d6d","b26fdd7f372d7f3bb49715f965e009d7c3eb6ac8e063453b4dd516b236dfd1ca",,
"0x800a1ce4",,,"1","1","57","2","2","1","0","0","0","direct_call","direct_call","9cbb183651ef2b28109988012838447f7f3ac3fce6e4cfb7cf5965dff31a3a2f","9cbb183651ef2b28109988012838447f7f3ac3fce6e4cfb7cf5965dff31a3a2f","899b4419ed1356656e702042400fd0bc8668b475de81523c35247deac422b155",,
"0x800a1dc8",,,"1","1","31","2","0","1","0","0","0","direct_call","direct_call","e53c91076448b5e5537a649be393139e38da1b887c414ae5ad1e4f059d15aac6","e53c91076448b5e5537a649be393139e38da1b887c414ae5ad1e4f059d15aac6","78e108af86ac0931a532d65beb5d5989d7fe3e9189908f5473fd3ca48bdebf7a","0x800A4764","structural"
"0x800a1e44",,,"1","1","186","1","2","1","0","0","0","direct_call","direct_call","87532894b23850b3e7c7d0d9479b0a16c36f38cdcab151dee1281847e996bee3","87532894b23850b3e7c7d0d9479b0a16c36f38cdcab151dee1281847e996bee3","a75116697007e00a0b772bafd779defc08c90df43f9036f083401213b85ca03f","0x800A47E0","structural"
"0x800a212c",,,"1","1","34","4","3","1","1","1","0","direct_call+overlay","direct_call+overlay","cf80e38c9f23d47728c2aae926c177e2edfaf2bb6739d8987cc3ba0dd2af504e","cf80e38c9f23d47728c2aae926c177e2edfaf2bb6739d8987cc3ba0dd2af504e","69d82eab144d32afc985860df8a8afc6c6941646dae044d1177e8a73a1ac1255",,
"0x800a21b4",,,"1","1","78","3","4","1","1","1","0","direct_call+overlay","direct_call+overlay","47eb8748a1c256e89fba352c5c4b8a6f9586f6650af7916bee0f0be5a2e121ab","47eb8748a1c256e89fba352c5c4b8a6f9586f6650af7916bee0f0be5a2e121ab","db44680477da7606a2dd470dbc86b7e2751b97d68d1743684e4a9376719a1115","0x800A4B70","structural"
"0x800a22ec",,,"1","1","29","1","0","1","0","0","0","direct_call","direct_call","32c4f757e5690aab17d7f100b419e27b696b84fa1b3c5c9cab59ff87a10b85e2","32c4f757e5690aab17d7f100b419e27b696b84fa1b3c5c9cab59ff87a10b85e2","15abd66ab7a44558ca2cab5d21a3c983c07ad04966174e8db0fff6c1cecf324a","0x800A4CA8","structural"
"0x800a2370",,,"1","1","71","2","5","1","1","1","0","direct_call+overlay","direct_call+overlay","40c7eb3a63276d6a40ff1e11289eeb157573381fc02ee17dc328107b819deb2a","40c7eb3a63276d6a40ff1e11289eeb157573381fc02ee17dc328107b819deb2a","89613c7999df4262421f7a154dd7afd8e2884af498247d0bfc9d0446867288ac","0x800A4D2C","structural"
"0x800a248c",,,"1","1","54","1","1","1","0","0","0","direct_call","direct_call","b7e457f5017c92073631a9294ebffd9ac9bf29e88fc9c8296086e303606ec188","b7e457f5017c92073631a9294ebffd9ac9bf29e88fc9c8296086e303606ec188","3365336d34954d2eb6c3629abc6a28099aa01c8ca100587c100704612156f73c","0x800A4E48","structural"
"0x800a2564",,,"1","1","27","2","0","1","0","0","0","direct_call","direct_call","042da442d5638f5d10ebfb0945d09f4773e2caca8beeb7f4bc2ad2df6a59f6ba","042da442d5638f5d10ebfb0945d09f4773e2caca8beeb7f4bc2ad2df6a59f6ba","8b5e84218cef1676bf529b970f3bfaf29dd0a66dd8789faebbf84f1f6c9a20a8","0x800A4F20","structural"
"0x800a25d0",,,"1","1","125","2","0","1","0","0","0","direct_call","direct_call","836bf8f7381128e40643dab6afcdf11655c375167b8fcd123d08faf8fdf60a90","836bf8f7381128e40643dab6afcdf11655c375167b8fcd123d08faf8fdf60a90","23b2884f1832c7ccc3ec5f70ee0064c670bfb2b9ccf92cffafa3882fe5ff6f80","0x800A4F8C","structural"
"0x800a27c4",,,"1","1","619","3","15","1","0","0","0","direct_call","direct_call","29842b537d8c02dda78a756ddbe22d5bfafe5c63e5eb02063ff7980f218be627","29842b537d8c02dda78a756ddbe22d5bfafe5c63e5eb02063ff7980f218be627","7536d78a73a2b365d533c2d971cda2dfb9ea297ece2a13fa1b12dce563d66642",,
"0x800a3170",,,"1","1","7","5","0","0","0","0","0","direct_call","direct_call","0e124eefda82edbaa4cc715b4c69458e87ea2f4dd7392f8c2e09f33457dbf74a","0e124eefda82edbaa4cc715b4c69458e87ea2f4dd7392f8c2e09f33457dbf74a","18ec10837b21bd6bc71e802f5ab1021c1a56637ace9842db5444fb8b91226151","0x800A5C1C","structural"
"0x800a318c",,,"1","1","36","0","0","1","0","0","0","prologue_only","prologue_only","8b1b43f8c0333d31872bda078649e8a4e9032c89c4c8b799adab9a645bf9289f","8b1b43f8c0333d31872bda078649e8a4e9032c89c4c8b799adab9a645bf9289f","0051b8f259f878e26560674e3482e19d34e32b049773471b3c639ae9b1b7166b","0x800A5C38","structural"
"0x800a321c",,,"1","1","9","1","1","1","0","0","0","direct_call","direct_call","3ebc4f604d6dddfe82328ecd4412d8d61c5b2cad38ba5eda32312b9b4b309eba","3ebc4f604d6dddfe82328ecd4412d8d61c5b2cad38ba5eda32312b9b4b309eba","1801ecf1c7b26ce37d1578081be82e57e15c6e642370764eb36cf49e54cac093","0x800A5CC8","structural"
"0x800a3240",,,"1","1","14","2","1","1","0","0","0","direct_call","direct_call","4c70ee277c25e28cf8c211b2c4c97812b6611ed3c09203603c208d52795a805b","4c70ee277c25e28cf8c211b2c4c97812b6611ed3c09203603c208d52795a805b","8413748c806710be3cdec112b949b39d59bb4cd1eba3892ae0e9c34f637beea6","0x800A5CEC","structural"
"0x800a3278",,,"1","1","102","2","2","1","1","1","0","direct_call+overlay","direct_call+overlay","32e03c19d73dc9aa07534b61abde3ac28eed55ce8754e13e4fd7c42dd34d0517","32e03c19d73dc9aa07534b61abde3ac28eed55ce8754e13e4fd7c42dd34d0517","aa239e0ec401c61677ca08b6ca581427ac76b1351a6459141b2dca63ef3f8228","0x800A5D24","structural"
"0x800a3410",,,"1","1","160","3","4","1","0","0","0","direct_call","direct_call","796d3845a4b17fad12f93ccefaef17e8cd5842073f121d80631416ce18ff5a08","796d3845a4b17fad12f93ccefaef17e8cd5842073f121d80631416ce18ff5a08","80acb1ca00f92a7e7a676f1ba3f91f7db7e71f6ad4595520aad87919e69a6918","0x800A5EBC","structural"
"0x800a3690",,,"1","1","64","5","2","1","1","1","0","direct_call+overlay","direct_call+overlay","493e5800c967d9382561d4ffb3054dc5e94d04b7fbd98c787211e48b1e7e5cd5","493e5800c967d9382561d4ffb3054dc5e94d04b7fbd98c787211e48b1e7e5cd5","d1200d1c7c4e48b88f80fcd5069579f1bc212f72ce9794a2de1ad5f41c342a75","0x800A613C","structural"
"0x800a3790",,,"1","1","11","1","1","1","0","0","0","direct_call","direct_call","bfe8a6424f131234b81a90aa2656d53b53c217c77d7506cff38da11d1ca5d8b4","bfe8a6424f131234b81a90aa2656d53b53c217c77d7506cff38da11d1ca5d8b4","f68ff96171a24e94f592fede8eea083dc7ce1a38946d1d26537529f463718780",,
"0x800a37bc",,,"1","1","11","1","1","1","0","0","0","direct_call","direct_call","8d8e962e098a9c6898818f5e483a40f5cf0b389795aae5c114cb80dffd507cfe","8d8e962e098a9c6898818f5e483a40f5cf0b389795aae5c114cb80dffd507cfe","f68ff96171a24e94f592fede8eea083dc7ce1a38946d1d26537529f463718780",,
"0x800a37e8",,,"1","1","30","2","5","1","0","0","0","direct_call","direct_call","462f9d44950953500f08a016f676212293104d795c18c479ad5b83286e192299","462f9d44950953500f08a016f676212293104d795c18c479ad5b83286e192299","2d1f6274a5a3bc35ec47c8dbd8ec040c00e99a7c66f7bc5bbf7b55383d38ec3b",,
"0x800a3860",,,"1","1","45","1","3","1","0","0","0","direct_call","direct_call","a715df56cda848209d426c523ba5e9fdb0cd1ddb00164aa3a34b8e44dff91d9f","a715df56cda848209d426c523ba5e9fdb0cd1ddb00164aa3a34b8e44dff91d9f","ab14815a53447b4ea00bf973236dd664242e51b7c4c7c0121a84bbf4ae53c83d","0x800A631C","structural"
"0x800a3914",,,"1","1","44","1","2","1","0","0","0","direct_call","direct_call","8965b84c592ae91cafe95e2ba4762abcb78e4dd13d458617fa27836fc89aa23d","8965b84c592ae91cafe95e2ba4762abcb78e4dd13d458617fa27836fc89aa23d","dde4ff68fd3909c5f54d7a081627123829aef14c4c85d2c7f0f4181a451a8bfb",,
"0x800a39c4",,,"1","1","15","1","1","1","0","0","0","direct_call","direct_call","f2252731c9a3a900115582a456c4924b497489c0a27cd4bf9cb2068ba433ba3b","f2252731c9a3a900115582a456c4924b497489c0a27cd4bf9cb2068ba433ba3b","805824ba1fcb227adb9e71e403371788e90313d307205f706b23ac2dbb1a2d91","0x800A648C","structural"
"0x800a3a00",,,"1","1","43","3","1","1","1","1","0","direct_call+overlay","direct_call+overlay","b504178d35dceccb2648bc6bbc69a15341ed2074b41823a30411d2abc54cfa50","b504178d35dceccb2648bc6bbc69a15341ed2074b41823a30411d2abc54cfa50","ce418bcc7951db03dd3ce2c16c9e2491c901aab212102de57cce055a2deccb2a","0x800A64C8","structural"
"0x800a3aac",,,"1","1","57","1","2","1","0","0","0","direct_call","direct_call","745d0489504ec296251ce8cb236951d103d228e7406fbe1dca07390b63c81871","745d0489504ec296251ce8cb236951d103d228e7406fbe1dca07390b63c81871","267615997925be929eff35dd299207bbf5199d48c81f2bc305069b0dbbb28071","0x800A6574","structural"
"0x800a3b90",,,"1","1","22","3","0","1","1","1","0","direct_call+overlay","direct_call+overlay","bc54ac2e8960bc62bff478db6998283490e44a28fd293d855c8760d34f0e2c99","bc54ac2e8960bc62bff478db6998283490e44a28fd293d855c8760d34f0e2c99","8dda89dd1fcac82896d1448f4c9f4b310f2c279dc824fd372afd29013efb66fe","0x800A6658","structural"
"0x800a3be8",,,"1","1","77","3","2","1","0","0","0","direct_call","direct_call","ffe77476c05468249117593426e841000a66e24e7fe8fae6ec527df987309299","ffe77476c05468249117593426e841000a66e24e7fe8fae6ec527df987309299","1d1b1c78ac534e494594274590ab3248f73c814dfe652be3ca43731455326a27","0x800A66B0","structural"
"0x800a3d1c",,,"1","1","23","0","0","1","0","0","0","prologue_only","prologue_only","746e4796583355128a846660c1a0bb2014ca4c1892493179f983e25ddcf2b3e7","746e4796583355128a846660c1a0bb2014ca4c1892493179f983e25ddcf2b3e7","d11aa18d080f1348c7fbe2e4d845e5fac41295934c8ca4856a9f58c778edc872","0x800A67E4","structural"
"0x800a3d78",,,"1","1","16","2","1","1","0","0","0","direct_call","direct_call","f229ac76ee6f238b6fb4975ff6e0f0e832802e7824a0f35cb8428ced8a62bd42","f229ac76ee6f238b6fb4975ff6e0f0e832802e7824a0f35cb8428ced8a62bd42","eb86f75e47ed1401d129480393d946620043f2a9b4cf51b584102c857fcb7d5b","0x800A6840","structural"
"0x800a3db8",,,"1","1","45","1","3","1","0","0","0","direct_call","direct_call","5afe3302ea939411c0664f2085b251575ea48fe05614c6d028953029a2a4be91","5afe3302ea939411c0664f2085b251575ea48fe05614c6d028953029a2a4be91","d66c2459dc179f99cd4751c9dbd82e15dfebb00adbfc3a6d7a1185e864181e23","0x800A6880","structural"
"0x800a3e6c",,,"1","1","25","3","1","1","0","0","0","direct_call","direct_call","ef7418753a0c82f44cbb18fbd4ae9041c9862e1a35b8104d4de4c8019ba4a695","ef7418753a0c82f44cbb18fbd4ae9041c9862e1a35b8104d4de4c8019ba4a695","47649d9bbae4ca0c3b31694f5dd0258cea843eac92234eb8773fab4eba5e3e61","0x800A6934","structural"
"0x800a3ed0",,,"1","1","26","8","1","1","1","1","0","direct_call+overlay","direct_call+overlay","76b47bc9d98f1d4ba1a37c1b9a3580cbf03406b85abe4731dbed8eb8f1bd28df","76b47bc9d98f1d4ba1a37c1b9a3580cbf03406b85abe4731dbed8eb8f1bd28df","fc4b5722020e353e4143a7b8f733fc2138e5689fb4c9448301b61a523f8e93ef",,
"0x800a3f38",,,"1","1","22","4","2","1","1","1","0","direct_call+overlay","direct_call+overlay","a4419d4a34d98e6d38c6b7a7d5ed882a37f3c9aa84b974765374d48bb9098d1c","a4419d4a34d98e6d38c6b7a7d5ed882a37f3c9aa84b974765374d48bb9098d1c","1a4a00e7d2e1993327273efe9c8e0632f1f0593700f1a886c73e2d71fa685a02","0x800A6A18","structural"
"0x800a3f90",,,"1","1","50","3","2","1","1","1","0","direct_call+overlay","direct_call+overlay","5b4d10f348c31076f1fe7b0e2fbdd2a536b020068a6599a50c59cb3bd53f3e93","5b4d10f348c31076f1fe7b0e2fbdd2a536b020068a6599a50c59cb3bd53f3e93","8e1779b5bbe7a9f83371cd5650f1e1346546a178e764d836512d4963b7b9512a","0x800A6A70","structural"
"0x800a4058",,,"1","1","26","3","1","1","0","0","0","direct_call","direct_call","2fa476084ffd13a10d2adbf4096314d6ecbdf4a0865b1552e0d74d70c6f6efd0","2fa476084ffd13a10d2adbf4096314d6ecbdf4a0865b1552e0d74d70c6f6efd0","8799a4c0dc8b33d0f55c617c102e05a25573112dcf846a0887a07c46b9f27ba1","0x800A6B38","structural"
"0x800a40c0",,,"1","1","19","2","2","1","1","1","0","direct_call+overlay","direct_call+overlay","54d594ca88acf72186c2a3fff9e2567db0bd39622c03f614106a29a3641de4bf","54d594ca88acf72186c2a3fff9e2567db0bd39622c03f614106a29a3641de4bf","cd360052250dc635bce37b8ee1e96656c3be051ad54a052fe4a9574f742efd88","0x800A6BA0","structural"
"0x800a410c",,,"1","1","18","1","2","1","0","0","0","direct_call","direct_call","3410961de2a69717688af5c02f05785f94aab26b8a88375ed6a6fae103a848a2","3410961de2a69717688af5c02f05785f94aab26b8a88375ed6a6fae103a848a2","a711583a13ff5a433ce3e2dd557d9b28d08b01a53c550d04fd3c1d475661308e","0x800A6BEC","structural"
"0x800a4154",,,"1","1","22","1","2","1","0","0","0","direct_call","direct_call","ffd91ed9638beff5e0706cfafc37b2199948887ede06785bcb667fa8a40d1f45","ffd91ed9638beff5e0706cfafc37b2199948887ede06785bcb667fa8a40d1f45","4600a1b8b159b7aa708fc1eca8d253fead8ac7e4dfad67de5382d778f41832b8","0x800A6C34","structural"
"0x800a41ac",,,"1","1","169","2","10","1","1","1","0","direct_call+overlay","direct_call+overlay","4849991262df54596f198e95637133e231afa054cfc61b84e903cc329610b3a1","4849991262df54596f198e95637133e231afa054cfc61b84e903cc329610b3a1","a44cffc8d04079d4c0e6b72b41d46d3216899c044a5ac30f3af9b5d2d702d340",,
"0x800a4450",,,"1","1","68","3","3","1","1","1","0","direct_call+overlay","direct_call+overlay","2538b6b3c0c032c35ff6e3339d4fbeb491abae3533517ba906551b51ffa84535","2538b6b3c0c032c35ff6e3339d4fbeb491abae3533517ba906551b51ffa84535","d24bb8a19e97d8b5a5f4d890f3be610d7f5e4d46014e81b2e5424e91d1586e39","0x800A6E9C","structural"
"0x800a4560",,,"1","1","300","8","14","1","1","1","0","direct_call+overlay","direct_call+overlay","0532a199fa1ea2cea4152643eda0c4310ad79ac3dbbcea9240c1bc222742d33d","0532a199fa1ea2cea4152643eda0c4310ad79ac3dbbcea9240c1bc222742d33d","55acb1491278c5592cef20e0b24cff6e30e25074b6bd611c9d7a71942a2be769","0x800A6FAC","structural"
"0x800a4a10",,,"1","1","24","5","1","1","0","0","0","direct_call","direct_call","4c42fe44a87fcd4ead0bc60901148ad353fd413b5965fa1a89e92f2371e10233","4c42fe44a87fcd4ead0bc60901148ad353fd413b5965fa1a89e92f2371e10233","537387e92c8e818e81f4358a8d81ab1321f00458d6c867195ee381f7e1c1762e","0x800A745C","structural"
"0x800a4a70",,,"1","1","5","8","0","1","1","1","0","direct_call+overlay","direct_call+overlay","b3b490aefcc6f5362eb89c4213a68a315910c15c75b995af8a846f5ff1cd5d95","b3b490aefcc6f5362eb89c4213a68a315910c15c75b995af8a846f5ff1cd5d95","3cbcb2076497677869896fe79c2a305956c67a6508fcdf74cbeb2116d0aee77e","0x800A74BC","structural"
"0x800a4a84",,,"1","1","63","1","1","1","0","0","0","direct_call","direct_call","2d42bdb579232479967e0c20d6411f1fa0115f9536760991c1e0977bcc394271","2d42bdb579232479967e0c20d6411f1fa0115f9536760991c1e0977bcc394271","0f30b60dc0e4a9048b36d651de9c46e7bdf9c29a5e69c20d73c4f561c912bb10","0x800A74D0","structural"
"0x800a4b80",,,"1","1","56","1","2","1","0","0","0","direct_call","direct_call","506ecedb2e8af86ea8190fd4a736c5f2bb3cf92cabf76f88d6d5d70c664e139d","506ecedb2e8af86ea8190fd4a736c5f2bb3cf92cabf76f88d6d5d70c664e139d","96e2fad8183dde28c74534000acfee464aa5836955efe592b056208f1addaafa","0x800A75CC","structural"
"0x800a4c60",,,"1","1","495","1","5","1","0","0","0","direct_call","direct_call","672842ed0bcc41414250c6c386fc4e2ec5ca670783434747a20513c899f5f35a","672842ed0bcc41414250c6c386fc4e2ec5ca670783434747a20513c899f5f35a","3d5366e6d901b676b9df6c5cec5b4a21c50fa88ece165a1125e0c2db5642a0ef","0x800A76AC","structural"
"0x800a541c",,,"1","1","148","3","2","1","0","0","0","direct_call","direct_call","97ea87d20cf8cad781bf1cf642a57e0e02e24b9d2d3234a9433a4d84b4465f66","97ea87d20cf8cad781bf1cf642a57e0e02e24b9d2d3234a9433a4d84b4465f66","f00ba9843e5641686ff76c96aa47a7caf243ee74bb1e038d3a9821168dd77695","0x800A7E68","structural"
"0x800a566c",,,"1","1","43","7","3","1","0","0","0","direct_call","direct_call","d48a6a30bab99bde4397cf2104efc09154aec5aabd02f12f5fc63491407461da","d48a6a30bab99bde4397cf2104efc09154aec5aabd02f12f5fc63491407461da","33f0ce999b65367e529b45dcb42a5078d09294426de704088d4394eef947645e","0x800A8224","structural"
"0x800a5718",,,"1","1","16","24","0","1","0","0","0","direct_call","direct_call","f046c2d83f4639938fe319233c9177dd0609765bdaddf7683aec13deef886c81","f046c2d83f4639938fe319233c9177dd0609765bdaddf7683aec13deef886c81","654527aa76cbf8722de16165d31f6be5747a1bb018728c7aeb8a2b52950a182f","0x800A82D0","structural"
"0x800a5758",,,"1","1","85","6","0","1","0","0","0","direct_call","direct_call","2af1b0c196f58faa4156dd743b5821876ce736d8b819b687478fad24fc0277ad","2af1b0c196f58faa4156dd743b5821876ce736d8b819b687478fad24fc0277ad","6eb3ba2cdf82d76571d1f15780d5670e9cd04153c387c96c0a27c6d673cc4acf","0x800A8310","structural"
"0x800a58ac",,,"1","1","2","1","0","0","0","0","0","direct_call","direct_call","cfea443461817e411e5db585353e697fca8db8bafc3853a4c6d672e2824cf7f6","cfea443461817e411e5db585353e697fca8db8bafc3853a4c6d672e2824cf7f6","b694b484409c660c1bcc459ad95d5157dca4ac37bfa523412024dfdc27be02ad","0x800A8464","exact"
"0x800a58b4",,,"1","1","31","0","0","1","0","0","0","prologue_only","prologue_only","4ce0be087d5fa5873d3c001e427ec59a56a550b8e40447917e2b829f46dcb4aa","4ce0be087d5fa5873d3c001e427ec59a56a550b8e40447917e2b829f46dcb4aa","2f9c157894294de7b03fe077af9b8fd846726486b5c167f8792d6671972f5654","0x800A846C","exact"
"0x800a5930",,,"1","1","31","1","2","1","0","0","0","direct_call","direct_call","3c07d5ff148e888883ea980a584b3b2fc2256ed4c841d29b6a990edbfda00940","3c07d5ff148e888883ea980a584b3b2fc2256ed4c841d29b6a990edbfda00940","6a79b2a525b058199490be3de32c0cf1ad2398ffe5c6a2f3fbdd76492569be4a","0x800A84E8","structural"
"0x800a59ac",,,"1","1","84","4","2","1","1","1","0","direct_call+overlay","direct_call+overlay","6859178c27c64fb04925448b4c734554bd3e422bc39959bf843e95365b3d3ca7","6859178c27c64fb04925448b4c734554bd3e422bc39959bf843e95365b3d3ca7","b7a782e3c9fad7ee7f94bf084d055fc76f4e0366be2c57136c79a770d8378f15","0x800A8564","structural"
"0x800a5afc",,,"1","1","19","12","0","1","1","1","0","direct_call+overlay","direct_call+overlay","a02e029944c60510d8f37e13cb96495f127a1daaa9ddc2a988ca399ed361fc3f","a02e029944c60510d8f37e13cb96495f127a1daaa9ddc2a988ca399ed361fc3f","56a8732a7ea4a9ac3a249a1fa179054ec94b4492e26e3d93c248c9ddbb891b17","0x800A86B4","exact"
"0x800a5b48",,,"1","1","104","28","2","1","1","1","0","direct_call+overlay","direct_call+overlay","11cb7566a09417f2292569d8fc55d9d2b43b31e18f8d65fe90a2ab71a6ef1e69","11cb7566a09417f2292569d8fc55d9d2b43b31e18f8d65fe90a2ab71a6ef1e69","db64350db3448b639f6a547e15797399f29e5fe756a9aa73ff9cb22289d1224f","0x800A8700","structural"
"0x800a5ce8",,,"1","1","32","2","1","1","0","0","0","direct_call","direct_call","6605f81c31e2f06b4847b77876227bad55ea1317228c31a1cbe90fa4a72c6341","6605f81c31e2f06b4847b77876227bad55ea1317228c31a1cbe90fa4a72c6341","0a5ac3e971000c2463157e0a7313c3e46840eca1c55e7ed603a4523dbb60de4b","0x800A88A0","structural"
"0x800a5d68",,,"1","1","25","1","2","1","1","1","0","direct_call+overlay","direct_call+overlay","12f95e13576dfd5017848a26be40d01c580fe98e2f51301255c53d9af78cdac1","12f95e13576dfd5017848a26be40d01c580fe98e2f51301255c53d9af78cdac1","4ff1bc30a97ba135f2980a225aa270bc7fed10d32487ef21f99db61d12db791b","0x800A8920","structural"
"0x800a5dcc",,,"1","1","47","9","4","1","1","1","0","direct_call+overlay","direct_call+overlay","364b0c5dec378ffc89f01d37313765aa806037c11cc83ded28177dcf5bcb0827","364b0c5dec378ffc89f01d37313765aa806037c11cc83ded28177dcf5bcb0827","d7e645d5b3b9523cc3b812af3071ff1845b561ffebc5e1abeecf32faac9835a6","0x800A8984","structural"
"0x800a5e88",,,"1","1","43","23","0","1","1","1","0","direct_call+overlay","direct_call+overlay","a82fcfb2467f5d3ea8a54fee8fe54486307ebc44a90e219e4c27f86bcd0db357","a82fcfb2467f5d3ea8a54fee8fe54486307ebc44a90e219e4c27f86bcd0db357","f7e9ae1b1fb52b3358b333b393c0b2ce925f43f5d620e773a4710bbd960758c2","0x800A8A40","structural"
"0x800a5f34",,,"1","1","23","1","0","1","1","1","0","direct_call+overlay","direct_call+overlay","29d11678329f5b0ab2ece9dd834b15fb34cd1b10ede5ca5d4dfbc94ee0051bef","29d11678329f5b0ab2ece9dd834b15fb34cd1b10ede5ca5d4dfbc94ee0051bef","a12110a16cae815c5ef367c8fcc10554e765580b5212a626249285b676444e15","0x800A8AEC","structural"
"0x800a5f90",,,"1","1","17","22","0","1","1","1","0","direct_call+overlay","direct_call+overlay","b68f8f05713483be5350a1f2d00881b7d2b0a73a1c6791ef33ce6feca157bc27","b68f8f05713483be5350a1f2d00881b7d2b0a73a1c6791ef33ce6feca157bc27","17e638aec8a62c8ae4fd62dd28e86e5724fc00938cfe07d97323837905aef86a","0x800A8B48","structural"
"0x800a5fd4",,,"1","1","38","2","1","1","0","0","0","direct_call","direct_call","3aadbab5815d18925f1f7295d492f3196badd19e62efca86045214b3d9fe0e13","3aadbab5815d18925f1f7295d492f3196badd19e62efca86045214b3d9fe0e13","a6a48104e5b770fb8175a93603f09b57eb5a8ab501f673c1255f0be46b5dd8b3",,
"0x800a606c",,,"1","1","115","0","3","1","1","1","0","overlay","overlay","ccfca61f01606e82ff31484fcef13150f9b37867bcfb789311b857c7232c1858","ccfca61f01606e82ff31484fcef13150f9b37867bcfb789311b857c7232c1858","8be0c88fd5f2bd5f323fa4544da3ac39e20b38d1091afaca97c6e18e28378682","0x800A8C34","structural"
"0x800a6238",,,"1","1","22","2","0","1","0","0","0","direct_call","direct_call","087885a9c468acba931e5a37379159a2521dc558da58723d1ba512122af8e33a","087885a9c468acba931e5a37379159a2521dc558da58723d1ba512122af8e33a","2ea4beda365b44846e67c28e25fdfba7bbfbec82cae5dc5728ed4ea579c11648","0x800A8E00","exact"
"0x800a6290",,,"1","1","48","2","0","1","0","0","0","direct_call","direct_call","2cae5eb7ad0b76254e872241d09067708e3bcfacd07d0a773e607efd7472111e","2cae5eb7ad0b76254e872241d09067708e3bcfacd07d0a773e607efd7472111e","ffee396a0be93cc11fdaa7c8bb8b3d4dd0038dd664432e8683944fccf9c02d62","0x800A8E58","structural"
"0x800a6350",,,"1","1","484","4","7","1","0","0","0","direct_call","direct_call","86602c599071992937242540d987fc690ae230b4a697e40689f7f5fe8855da14","86602c599071992937242540d987fc690ae230b4a697e40689f7f5fe8855da14","aab25ee4f7fc14adaddb8ce41da40823204ac4c3b9900880ec89176604dad03d",,
"0x800a6ae0",,,"1","1","39","2","0","1","0","0","0","direct_call","direct_call","6b770810820db4114825c08de7ee33e32f97a2abd9193d41416e3964e74048e2","6b770810820db4114825c08de7ee33e32f97a2abd9193d41416e3964e74048e2","50f9843fc936aa6201788731e5936dc8aec933d3187a77c3be63681be4694643","0x800A96CC","exact"
"0x800a6b7c",,,"1","1","89","21","5","1","1","1","0","direct_call+overlay","direct_call+overlay","8f7859527759a9fe459335a9e2a6bbe92032f360597921701e3436c1977baec7","8f7859527759a9fe459335a9e2a6bbe92032f360597921701e3436c1977baec7","2a676647f89c17f53935ec352dcbc9147e9d5744a04da9353671cce57c0e7f25","0x800A9768","structural"
"0x800a6ce0",,,"1","1","214","1","6","1","1","1","0","direct_call+overlay","direct_call+overlay","aa8a7098e3bb841dd4d4059a3c29b299f45c07a905f913931f217415b8ffbfe5","aa8a7098e3bb841dd4d4059a3c29b299f45c07a905f913931f217415b8ffbfe5","e209cc51544d5cb57b0863a15205e7a65ea499f68ca26e96fb7cf0648c0680c1","0x800A98CC","structural"
"0x800a7038",,,"1","1","40","9","3","1","1","1","0","direct_call+overlay","direct_call+overlay","96662e64364373227f8ce1039d8549ddbea145427cf29019097ebbccaa48c153","96662e64364373227f8ce1039d8549ddbea145427cf29019097ebbccaa48c153","668d94c92be63b281e5da12191cb5c2233f0786949c51324651654c904c0460b","0x800A9C24","structural"
"0x800a70d8",,,"1","1","37","1","3","1","0","0","0","direct_call","direct_call","1ac3d5f5faf3c8f12caf6d5e5e05e7f50e08c5a2d0ff6f9ada292931e3fbc43f","1ac3d5f5faf3c8f12caf6d5e5e05e7f50e08c5a2d0ff6f9ada292931e3fbc43f","7bb0604679a3bdda9a2ad9b62b7bce498517ad7e8c4c399ba2792d960fbf01be","0x800A9CC4","structural"
"0x800a716c",,,"1","1","14","20","3","1","1","1","0","direct_call+overlay","direct_call+overlay","8c404bbe8ad2451beb5077ab31cc0f63d4b2d01e56664288e7f99fce00bca7d2","8c404bbe8ad2451beb5077ab31cc0f63d4b2d01e56664288e7f99fce00bca7d2","9540ca40fd627068c6b55f0eeaea527d06c2bcca51d1b6e51e635e601c825e2e","0x800A9D58","structural"
"0x800a71a4",,,"1","1","45","3","0","1","0","0","0","direct_call","direct_call","2f936f692ab7605bccf618688e698ba938389b7fb9af113ca9a30ce74fce3156","2f936f692ab7605bccf618688e698ba938389b7fb9af113ca9a30ce74fce3156","41918ef1cb0964445f3711454f477759db3f35aaf489f1d7b394bb91e2f48fe6","0x800A9D90","structural"
"0x800a7258",,,"1","1","30","19","0","1","0","0","0","direct_call","direct_call","e1ae6a4acc6a20eb572fb4f4a1660d207b5e695a398261b8917881a1e9c50a1a","e1ae6a4acc6a20eb572fb4f4a1660d207b5e695a398261b8917881a1e9c50a1a","2f6b982f58710d2376fd11c9f701bd44b63bd1d2c232c90d7bd85aa99df12fe6","0x800A9E44","structural"
"0x800a72d0",,,"1","1","15","0","1","1","1","1","0","overlay","overlay","0f057b09c14a7e56fb3f2921437d39d22cd9e0fea21da9606bca7622efd24863","0f057b09c14a7e56fb3f2921437d39d22cd9e0fea21da9606bca7622efd24863","ab7bf90a5e93a2635b585cdae38734181ccbb838f99fb50ce00223b0db517e9c","0x800A9EBC","structural"
"0x800a730c",,,"1","1","33","2","1","1","0","0","0","direct_call","direct_call","e3480b9379ed58effdcd7e8d49e7d3b6ebb41042a0007150fd7d34f823e06615","e3480b9379ed58effdcd7e8d49e7d3b6ebb41042a0007150fd7d34f823e06615","0c9ba61fa3b93c6a4825c1d4429bfcd4a5ff05221458c8a31edb7763d3b4123e","0x800A9EF8","structural"
"0x800a7390",,,"1","1","22","5","1","1","1","1","0","direct_call+overlay","direct_call+overlay","8f14ab0362bacfb04421ed5dd48903d306a20dc07e9cbf3c125630fdfea8d24d","8f14ab0362bacfb04421ed5dd48903d306a20dc07e9cbf3c125630fdfea8d24d","d865914f3caca05ca0d530ad8069fd2ec9ddca8eda1d59dd9a683a458e3a6f00","0x800A9F7C","structural"
"0x800a73e8",,,"1","1","18","4","2","1","1","1","0","direct_call+overlay","direct_call+overlay","35ad8f0372a89b71c088bd3eb8ddf7529d792aadd2f6d9d48b0244d233f9efe3","35ad8f0372a89b71c088bd3eb8ddf7529d792aadd2f6d9d48b0244d233f9efe3","ceb345a484f29d435d2d8eca468ff540691f9b1900060d392c9d409a20417bb5","0x800A9FD4","structural"
"0x800a7430",,,"1","1","33","7","2","1","1","1","0","direct_call+overlay","direct_call+overlay","7da3096ae8bbff603a9bb5c40f7ff2056a5177a3258dd8aae28e235737272209","7da3096ae8bbff603a9bb5c40f7ff2056a5177a3258dd8aae28e235737272209","e93aa38aca5f4d7a7db796c8d40e83a0f3ed143d4a3152701928cfb427922281","0x800AA01C","structural"
"0x800a74b4",,,"1","1","27","3","1","1","1","1","0","direct_call+overlay","direct_call+overlay","206ec2ad9fb9400c17b49f6de02d1540fea5c4b2df35b015998735a0c3df1058","206ec2ad9fb9400c17b49f6de02d1540fea5c4b2df35b015998735a0c3df1058","f4de93053336acf180842718c7b681eb1f99aae7f908e1a38fbbf66e6a986a60","0x800AA0A0","structural"
"0x800a7520",,,"1","1","106","4","1","1","0","0","0","direct_call","direct_call","aaec630dd41ca63983dd078ceefbbf8cea8c349dafe332743b9065d68e93723b","aaec630dd41ca63983dd078ceefbbf8cea8c349dafe332743b9065d68e93723b","7574ad2b161ecaf263155f5d7fd602b50310c2bba6ba49db3f3f219449066cd1","0x800AA10C","structural"
"0x800a76c8",,,"1","1","17","2","2","1","1","1","0","direct_call+overlay","direct_call+overlay","5b5032bc9aa7943739e2db543e4ecd676ae2a3fefea56208eb3774ed1b6642f7","5b5032bc9aa7943739e2db543e4ecd676ae2a3fefea56208eb3774ed1b6642f7","bb1a334dfe5d27f68978483ea5439e6da021b1e9421941469c4110b6b60cc0bd","0x800AA2B4","structural"
"0x800a770c",,,"1","1","109","1","1","1","0","0","0","direct_call","direct_call","573f572f3b50ee807202cdb872b076c11eded29394d375395f53df7101e0b33e","573f572f3b50ee807202cdb872b076c11eded29394d375395f53df7101e0b33e","ced7cf062180b4e1daa9de6bfb77a7b4d2e185b52d56284d27b9b4b0727ee533","0x800AA2F8","structural"
"0x800a78c0",,,"1","1","30","12","2","1","0","0","0","direct_call","direct_call","17d33c587b5fb5392c5e207bc57dfba587198c6fdd4c485d96d128d8b2253845","17d33c587b5fb5392c5e207bc57dfba587198c6fdd4c485d96d128d8b2253845","6a3cc1b43d001811d6598152262ba8f9b2a0d3c455a28e82c25f7a3f6e872235","0x800AA4F4","structural"
"0x800a7938",,,"1","1","12","4","0","1","0","0","0","direct_call","direct_call","d34239e0cae37aab1d0912b7942a4e342d0b471fd8d52d6fb6da6f767519617a","d34239e0cae37aab1d0912b7942a4e342d0b471fd8d52d6fb6da6f767519617a","33b844e4f6014c29f6e83020f52e75e25199b57e99b8bede22d79e92a6a96411","0x800AA56C","exact"
"0x800a7968",,,"1","1","68","1","2","1","0","0","0","direct_call","direct_call","9ca1433474e2db822277725c2b09a88164d78edbe8cce89e5064a114f3caabec","9ca1433474e2db822277725c2b09a88164d78edbe8cce89e5064a114f3caabec","246d6786995a0f4d2b0e9462575d809d97ef5d2fc4bbdd299972e278ecb4f31e","0x800AA59C","structural"
"0x800a7a78",,,"1","1","87","6","4","1","1","1","0","direct_call+overlay","direct_call+overlay","10a330c203e1d930a361f004aaacca73551b22d09fc387b076959b18ad32302e","10a330c203e1d930a361f004aaacca73551b22d09fc387b076959b18ad32302e","4f1ffdc20b2bc320ea58981417bc7f5c1e0ef401921224957f36ffd7dd39c2a0","0x800AA6AC","structural"
"0x800a7bd4",,,"1","1","271","2","8","1","0","0","0","direct_call","direct_call","a63ba09d549d60bbf2418657f14b3e55d749e3788833bd4e496acca57097e24a","a63ba09d549d60bbf2418657f14b3e55d749e3788833bd4e496acca57097e24a","e73b666d86c2bc178d4bad967e1b88cbeefba48399bb13ee5f5b41b97a761320","0x800AA808","structural"
"0x800a8010",,,"1","1","22","34","2","1","1","1","0","direct_call+overlay","direct_call+overlay","03ff727d818c07debee51a48348392376229dc7ba799f636dc5854c5e9d171f4","03ff727d818c07debee51a48348392376229dc7ba799f636dc5854c5e9d171f4","1685d19d206cc667038d5dfa969dcca14d3be5fe52c63f7b49773eeb970e4761","0x800AAC44","structural"
"0x800a8068",,,"1","1","247","31","9","1","1","1","0","direct_call+overlay","direct_call+overlay","96e5335381c9537108470ed7ff5cb4a4c949c8eccb3cec906f0b95be2dd522ef","96e5335381c9537108470ed7ff5cb4a4c949c8eccb3cec906f0b95be2dd522ef","69f756a3bd539498143dcf74717f9d36db83b7c016470b81aacddeafc7832817","0x800AAC9C","structural"
"0x800a8444",,,"1","1","29","1","0","1","0","0","0","direct_call","direct_call","e92e3598a06a310480acd205a7d879adc4ce4418560fd3926cfe8863b4c8efab","e92e3598a06a310480acd205a7d879adc4ce4418560fd3926cfe8863b4c8efab","b4093403cc73dacbc833075dd0361cc1a1e0702d0756a476bbb2944c35fd84ad","0x800AB078","exact"
"0x800a84b8",,,"1","1","184","1","1","1","0","0","0","direct_call","direct_call","1a1110c1a93b1011dbab16f6ca1c4a5e8867afa675b149e5f9d807ee5fcf3c93","1a1110c1a93b1011dbab16f6ca1c4a5e8867afa675b149e5f9d807ee5fcf3c93","7c5ebcb28a297a4be4c59e48ff025d879204d0fa4823c34875ab1281882bd49f","0x800AB0EC","structural"
"0x800a8798",,,"1","1","78","1","0","1","0","0","0","direct_call","direct_call","5d84b9577b3487515b5394c099a1faed18bf73b6d496afc4c00777942cb64e6e","5d84b9577b3487515b5394c099a1faed18bf73b6d496afc4c00777942cb64e6e","5f0ed555d4171615d38b1babe18dbfe6a90271d7f208344c85fb56ce65c6f395","0x800AB3CC","structural"
"0x800a88d0",,,"1","1","37","5","2","1","0","0","0","direct_call","direct_call","7812639dfb1d9aeffd9c7791d2e054baa8aecee2ebfe087b50d7294fa3b77943","7812639dfb1d9aeffd9c7791d2e054baa8aecee2ebfe087b50d7294fa3b77943","2af231c9ec16f1eea9066039edaf9786fb406921232d6fc40bbcfa5979dcc828","0x800AB504","structural"
"0x800a8964",,,"1","1","77","1","0","1","0","0","0","direct_call","direct_call","db468560021162888194c2b8a15a51e40372709bfc2f12ef554a116a8034ae3f","db468560021162888194c2b8a15a51e40372709bfc2f12ef554a116a8034ae3f","a3b87f2b99fdde601b2ac51f4409a11ccf78e6d6718a7da9d41b78ec386cc5d5","0x800AB598","structural"
"0x800a8a98",,,"1","1","99","2","1","1","0","0","0","direct_call","direct_call","d10c376d16cd880c99adcc430b7c9dcda9903029e1274987385259ec97b114ae","d10c376d16cd880c99adcc430b7c9dcda9903029e1274987385259ec97b114ae","f37d137ab95ba3b531a45ec96f2660c98c5c66fc21f14c3face83a3221e1da81","0x800AB6CC","structural"
"0x800a8c24",,,"1","1","116","2","0","1","0","0","0","direct_call","direct_call","903894c4a4daf559c32ed1b6d015b7eeba5044771e25d22d4e942217349200ff","903894c4a4daf559c32ed1b6d015b7eeba5044771e25d22d4e942217349200ff","18669976f0495a2b4ce83b4fbb30bc60702ac5135ef4c414ace2dd543be88434","0x800AB858","structural"
"0x800a8df4",,,"1","1","88","1","2","1","0","0","0","direct_call","direct_call","84d68070fe411d000417034bb1656c0f9c53a06ad775cdc99dafb81fe927ede4","84d68070fe411d000417034bb1656c0f9c53a06ad775cdc99dafb81fe927ede4","cbb8fedee38020f416d61c18065b53a1862d4f7f7ef9bcb83cd40b7d82e2bb75",,
"0x800a8f54",,,"1","1","226","1","1","1","0","0","0","direct_call","direct_call","af0a8365f9da23e0f1edb1d8f2621d0020eb8504990b2e98fa78d44308ab1776","af0a8365f9da23e0f1edb1d8f2621d0020eb8504990b2e98fa78d44308ab1776","4e6725a8bc52ca849899f5b5506609516c1f5ef666d04d757ca20772fb90a59b","0x800ABB88","structural"
"0x800a92dc",,,"1","1","289","1","5","1","0","0","0","direct_call","direct_call","e7ff62226a8c6e55c00912f1056f854df5613054a5babc55c8e344a75b4b104e","e7ff62226a8c6e55c00912f1056f854df5613054a5babc55c8e344a75b4b104e","b37505e11d5ebd8b2338d95ea0e0c64a0f7b978d6b9fff73ceb152885715ca79",,
"0x800a9760",,,"1","1","222","5","0","1","0","0","0","direct_call","direct_call","0ab44589e11dc0b682af17b0d6b827cc7184067966a23ffd9c9fa47d3f757ad5","0ab44589e11dc0b682af17b0d6b827cc7184067966a23ffd9c9fa47d3f757ad5","a66155b3cb735a129a9e95c577c8f88f247bad84cdb9be5b4c375a41cccb863b",,
"0x800a9ad8",,,"1","1","19","1","2","1","0","0","0","direct_call","direct_call","5b6c8206fc678c83bd26b9f97524aa08d434d35a1855390046461fbd167dde86","5b6c8206fc678c83bd26b9f97524aa08d434d35a1855390046461fbd167dde86","e1deff0662965579eb8cc92caa4b552c31ecfd0fde1272a937e1c6061ee6c9b7","0x800AC648","structural"
"0x800a9b24",,,"1","1","67","1","0","1","0","0","0","direct_call","direct_call","bb84fd01c158f9f475b39d9765ec04d873f61ce1c3c4c7fba4e8740f812f26bf","bb84fd01c158f9f475b39d9765ec04d873f61ce1c3c4c7fba4e8740f812f26bf","c2458fe158304b37ffb053e699c60b9ebd99c44c252bfd200b49b448c0c2aa4a","0x800AC694","structural"
"0x800a9c30",,,"1","1","30","5","0","1","0","0","0","direct_call","direct_call","984415276dd51ea9351a17973246e99c03cfdaf923b58f60c434a009a4b7fcef","984415276dd51ea9351a17973246e99c03cfdaf923b58f60c434a009a4b7fcef","b841ddbc95090a667965bdc68133ef0dd46cf7a16711894601ef770d9cf21fbe","0x800AC7A0","structural"
"0x800a9ca8",,,"1","1","17","2","0","1","0","0","0","direct_call","direct_call","cb8f49ccd8eec261c10ef41051795ae6235ccc5cfcb96ae82ad4b777055c65a7","cb8f49ccd8eec261c10ef41051795ae6235ccc5cfcb96ae82ad4b777055c65a7","0cbea1fb99470a96f41345607066caa77114e99ea5f03473008e71ee646b24d5","0x800AC818","structural"
"0x800a9cec",,,"1","1","10","1","1","1","0","0","0","direct_call","direct_call","61ab30f11435e7854667a2ee4b3227a882d86ef813bef2bfdb1d505c5fc1b85d","61ab30f11435e7854667a2ee4b3227a882d86ef813bef2bfdb1d505c5fc1b85d","c18eea4d8597af77fec3349fa0d7cc7c443582e6ad2ed645eff4cfd48d4e4674","0x800AC85C","structural"
"0x800a9d14",,,"1","1","66","1","4","1","0","0","0","direct_call","direct_call","a8e6faaa4e15c2d79fbfd8a7ad11197fee20cd03beab613d97be44cb33d3cc48","a8e6faaa4e15c2d79fbfd8a7ad11197fee20cd03beab613d97be44cb33d3cc48","b3b4065805b9dd191c2ed906836852277b8cd352337541d89f989a23f1871746","0x800AC884","structural"
"0x800a9e1c",,,"1","1","19","2","1","1","1","1","0","direct_call+overlay","direct_call+overlay","dc43487e2cd818d7cfa4181ece0de49bc960f5cba3059632dd9c05bac2836801","dc43487e2cd818d7cfa4181ece0de49bc960f5cba3059632dd9c05bac2836801","7d5e26c1a12e38378eb1640433b8ab38759b4c6d912f3d03f47f1445dabe90a6","0x800AC98C","structural"
"0x800a9e68",,,"1","1","14","1","0","1","1","1","0","direct_call+overlay","direct_call+overlay","a87c3b7abea61b2558e75775f34cf47db2575b98e3bf99e7d00fe8961e035753","a87c3b7abea61b2558e75775f34cf47db2575b98e3bf99e7d00fe8961e035753","e2d6b644da8ca30943460faae91467ebafa4ed9d709aaba9e0e31f5dbf934164","0x800AC9D8","structural"
"0x800a9ea0",,,"1","1","46","2","4","1","0","0","0","direct_call","direct_call","fb6854efaad9982c5c49cbddfb5c057a37bfee4597d3275faec9cfcd55f23048","fb6854efaad9982c5c49cbddfb5c057a37bfee4597d3275faec9cfcd55f23048","a367a22d4d5c272fa17103bf2eab5a25faa0517464aedc7c4160a227d47acd9b","0x800ACA10","structural"
"0x800a9f58",,,"1","1","27","2","4","1","0","0","0","direct_call","direct_call","33e82508d1b4771ec444dca9d1928b5081918f4480e065b6a686ce4dc316a327","33e82508d1b4771ec444dca9d1928b5081918f4480e065b6a686ce4dc316a327","a01ca1f2bcfce1fe31991aea93e3634f2be9a7836f775c51f7e9f691b4173075","0x800ACAC8","structural"
"0x800a9fc4",,,"1","1","51","1","1","1","1","1","0","direct_call+overlay","direct_call+overlay","e6bc0d1bfbad1f6f9c7529929f62b49dce29d60f5135a6b73086930fbd628d58","e6bc0d1bfbad1f6f9c7529929f62b49dce29d60f5135a6b73086930fbd628d58","dad0ab8d9b9d5ce98909941432862f7841b2d326b256cb675d5d2abbdac64053","0x800ACB34","structural"
"0x800aa090",,,"1","1","8","3","0","1","0","0","0","direct_call","direct_call","31f1eb2a4a64e9e718f607e640fdee18e7023d1490bd344c1590479f477c0f20","31f1eb2a4a64e9e718f607e640fdee18e7023d1490bd344c1590479f477c0f20","620d2b4f2c59f6b06b851ace5bad4e3e4a03a3a051df61a9451d6999d567a59c","0x800ACC00","structural"
"0x800aa0c8",,,"1","1","40","0","0","1","0","0","0","prologue_only","prologue_only","422bdf1722e2ffd19a43fe1c5f985ad60805c8a0cadd9b0796928c1a1a5f8e61","422bdf1722e2ffd19a43fe1c5f985ad60805c8a0cadd9b0796928c1a1a5f8e61","fed6b8ff707437d7b903c16f66fe12b97ec6fb451ee743d4976a97285e18f53d","0x800ACC38","structural"
"0x800aa168",,,"1","1","6","1","0","0","0","0","0","direct_call","direct_call","71ccdbb1c0f327829b1a1d8b909471eaf56eb900d4cdec76e3f61448a0dcaac9","71ccdbb1c0f327829b1a1d8b909471eaf56eb900d4cdec76e3f61448a0dcaac9","1c3f8cb30339f9333b4c4bd2fa77e7a3c43e925bae10123fca54a57274f26001","0x800ACCD8","structural"
"0x800aa180",,,"1","1","47","0","0","1","0","0","0","prologue_only","prologue_only","8cc583f8f04df2fc3198ed4dd2897db4d35619942bb47b426dfe910fa738aec2","8cc583f8f04df2fc3198ed4dd2897db4d35619942bb47b426dfe910fa738aec2","7e6984c354925ae00a951bbc8a629f3873faf0b213294ceec24e9b4bd9c6361f","0x800ACCF0","structural"
"0x800aa23c",,,"1","1","74","1","0","1","0","0","0","direct_call","direct_call","a4e3617d52fadc68305307b1f280419b234aa832c8025a877716fbdbdfdae6d9","a4e3617d52fadc68305307b1f280419b234aa832c8025a877716fbdbdfdae6d9","f83ddf7db3790aef2199738c6cb13fce5c30345d397849b51dd254d90fc85640","0x800ACDAC","structural"
"0x800aa364",,,"1","1","1","1","0","0","0","0","0","direct_call","direct_call","e6be0aad2b34c432486bd3e81252f6cf91e05e37f7763387f31875a29119e838","e6be0aad2b34c432486bd3e81252f6cf91e05e37f7763387f31875a29119e838","442d4b937cb2567bdc28eaddda89400881075f98ca819d1e1a7c2325b074fd2f","0x800ACED4","exact"
"0x800aa368",,,"1","1","52","0","0","1","0","0","0","prologue_only","prologue_only","1e53420d08d94e5896cf3d425f1b76eb4de283d310d6e55311c420f2f5fb9797","1e53420d08d94e5896cf3d425f1b76eb4de283d310d6e55311c420f2f5fb9797","ccf99fa4dd1162d94869d0267cc181ea15c072bad0e47b34ef820de4a4550ac8","0x800ACED8","structural"
"0x800aa438",,,"1","1","48","2","0","1","0","0","0","direct_call","direct_call","bac41ae0383493915e363fc60270a821826f66ad707ce66a10f33c235f973261","bac41ae0383493915e363fc60270a821826f66ad707ce66a10f33c235f973261","7d19fd1aba679966f2ebddee78d525b4936972dd07eca2c2ce6e703b5f85c0bc","0x800ACFA8","structural"
"0x800aa4f8",,,"1","1","39","1","0","1","0","0","0","direct_call","direct_call","10a2d8aea84f2a726cf6772ce563892feaf8bd6870fa2161cb9d64c407f9b37a","10a2d8aea84f2a726cf6772ce563892feaf8bd6870fa2161cb9d64c407f9b37a","f3138f04d900b1cd3dbeac2932d71173a13eb4316a0d1a6d2a186d95e460d320","0x800AD068","exact"
"0x800aa594",,,"1","1","2","2","0","0","0","0","0","direct_call","direct_call","834c1c30434ae82e09c5d28229fe4b96decbee55262aae27d8d4038ec44ab4d9","834c1c30434ae82e09c5d28229fe4b96decbee55262aae27d8d4038ec44ab4d9","b60174351046655585c9e0a851b916a5b656ca2611ff8aaf7d1d8f52bbd53521","0x800AD104","exact"
"0x800aa59c",,,"1","1","47","0","0","1","0","0","0","prologue_only","prologue_only","740408df7180e49488cbcebe544195e88f12f732b475e4daf559ebbd9daa8c30","740408df7180e49488cbcebe544195e88f12f732b475e4daf559ebbd9daa8c30","d7a7ad4483eb2379f1813dd8f2edaa5d1704bf36c68d45d26eb80020af0d5631","0x800AD10C","structural"
"0x800aa658",,,"1","1","36","2","0","1","0","0","0","direct_call","direct_call","e874c49c9198199da12210b27aa3d830adcb3ffc503bf453fefe2c75769f99ab","e874c49c9198199da12210b27aa3d830adcb3ffc503bf453fefe2c75769f99ab","31b45e299797a07d736a38f556946cb5330da3570f7dfdea7db33c78b28cc74d","0x800AD1C8","structural"
"0x800aa6e8",,,"1","1","95","0","5","1","0","0","0","prologue_only","prologue_only","293d1d1e50e777b4c65489a986cf5995fcbc4a267c703d88459cf7ab89dbfae3","293d1d1e50e777b4c65489a986cf5995fcbc4a267c703d88459cf7ab89dbfae3","91bc15a56a3aac6b885126115d14566558a4f18bb4035d23d29c62fb4dbe5912",,
"0x800aa864",,,"1","1","44","1","0","1","0","0","0","direct_call","direct_call","80b1afa999bcab139b2e0ec4afbbd84251742844fc8e7445dcad2a5e31132e6d","80b1afa999bcab139b2e0ec4afbbd84251742844fc8e7445dcad2a5e31132e6d","4e88cad48225dfa3b7fca3ff16e8258a8379025a90532e716843024d79799e4e","0x800AD3D4","structural"
"0x800aa914",,,"1","1","133","1","5","1","0","0","0","direct_call","direct_call","df02b22eb80be30c124ff96e2caf83a9616766b95b0160b6a7c78cdeaf65715b","df02b22eb80be30c124ff96e2caf83a9616766b95b0160b6a7c78cdeaf65715b","56179ebde85ba5a7e3b400e5210f661b8f144f6896bdca0981c06c625ec7e608",,
"0x800aab28",,,"1","1","84","3","2","1","0","0","0","direct_call","direct_call","4d90c0995d6f4030eba6ddc562f772614d305523f3f68ff07213c478badffd7a","4d90c0995d6f4030eba6ddc562f772614d305523f3f68ff07213c478badffd7a","cba132b11dfec49c7688de9f017646a45df6aa6bf0b76014ea5236a98e23f954","0x800AD698","structural"
"0x800aac78",,,"1","1","112","2","3","1","0","0","0","direct_call","direct_call","1d01686adfdc880361d9ce5cbc782d79df8209b8dae44ca09f8fde77158690b6","1d01686adfdc880361d9ce5cbc782d79df8209b8dae44ca09f8fde77158690b6","9e043a201dcd48cd8c82a12ce36b88d11fd0239ee663bd3a953ce73701c525a3",,
"0x800aae38",,,"1","1","54","1","0","1","0","0","0","direct_call","direct_call","9dd026e0740918d12f96dfbffeaa471bd157a760abd61aa1479cbc1b25344b3c","9dd026e0740918d12f96dfbffeaa471bd157a760abd61aa1479cbc1b25344b3c","c2bfdfedcdaec916455fd6acc42f79dfe908f5df20d417864fcf9518925f516f","0x800AD9A8","structural"
"0x800aaf10",,,"1","1","44","0","2","1","0","0","0","prologue_only","prologue_only","873c3804261f21f710e183dd7680a160cb68c0a932d9d4d84c5984704ed55c17","873c3804261f21f710e183dd7680a160cb68c0a932d9d4d84c5984704ed55c17","ac210a7d5ea79c7e2b1553ba9a48822d3a3cccd7df25c98159ddcaa44909a259","0x800ADA80","structural"
"0x800aafc0",,,"1","1","81","1","2","1","0","0","0","direct_call","direct_call","d3b95c0b43fd8fff66b25f3965d1c98c46399a1ab1a6272c861cbe2d97e26745","d3b95c0b43fd8fff66b25f3965d1c98c46399a1ab1a6272c861cbe2d97e26745","e71ddd05659cb71a588a4ab5d3e6610fe60ad5c95d9d070e6921d1dfcf796d88","0x800ADB30","structural"
"0x800ab104",,,"1","1","93","1","1","1","0","0","0","direct_call","direct_call","4df5d7307b6442c3a980f8ee4e1000297fb41144f2a48ac4a25f36cb1d3ec6ae","4df5d7307b6442c3a980f8ee4e1000297fb41144f2a48ac4a25f36cb1d3ec6ae","ff94e8931591698f8f82fa411a58c43f668aee1018267382c50136423563c40c","0x800ADC74","structural"
"0x800ab278","CollectedPickup_DetachFromWorldList","strong","1","1","76","1","3","1","0","0","0","direct_call","direct_call","5e499bf1ae8fa7b6028fac01e90618a1362a82a4d7bac3a1dfaa5ab3f3e1ad1d","5e499bf1ae8fa7b6028fac01e90618a1362a82a4d7bac3a1dfaa5ab3f3e1ad1d","4e41b5b9fea1ea4c2b8494c93b043bda60ac06b1739665614cc8c476173836f8","0x800ADDE8","structural"
"0x800ab3a8",,,"1","1","34","2","1","1","0","0","0","direct_call","direct_call","f282b385d29ace2c96663be0645e8974528692d978ca70ab17aff84423db6437","f282b385d29ace2c96663be0645e8974528692d978ca70ab17aff84423db6437","a9e2061d7d341dc529fc8fc447f7da56792f11159e53a05bfbb58938f7424f68","0x800ADF18","structural"
"0x800ab430",,,"1","1","85","0","4","1","0","0","0","prologue_only","prologue_only","764d925ead184262112ad0d6acb2ad7cc3bf4980a5d1fcf0b485cdab6b63b2b5","764d925ead184262112ad0d6acb2ad7cc3bf4980a5d1fcf0b485cdab6b63b2b5","debbace6ee128be01ef7ed56ca21b658cb409a2e2ae0865b0fa45f977a47ff7a","0x800ADFA0","structural"
"0x800ab584","PackedItemSpec_Decode","confirmed","1","1","6","7","0","1","1","1","0","direct_call+overlay","direct_call+overlay","26f3d0b7a291e8f0b7d37ba2ccece75354ed30f11b20efb4f2db6c16717fd316","26f3d0b7a291e8f0b7d37ba2ccece75354ed30f11b20efb4f2db6c16717fd316","c1266e0c5b858215621b36caa932b877bde42d80ef1108a2f4721c38a7ad2285","0x800AE0F4","exact"
"0x800ab59c","PickupQuantity_Resolve","confirmed","1","1","87","2","0","1","0","0","0","direct_call","direct_call","e618b1cb4bc43deebb0cdf77f7948ade65eb1f56bde60146ddc93c91be409d1b","e618b1cb4bc43deebb0cdf77f7948ade65eb1f56bde60146ddc93c91be409d1b","fc7c7439077a00383ec2bf29dd860ce012ccd4049ea7755d30ac7a94f337614a","0x800AE10C","structural"
"0x800ab6f8",,,"1","1","60","1","4","1","0","0","0","direct_call","direct_call","a223b4b0e5897b4e5d4ccb653769e5f4f61b4ac72119d575d56aa5864257b43b","a223b4b0e5897b4e5d4ccb653769e5f4f61b4ac72119d575d56aa5864257b43b","c78bdb6ce97499bc79c1a7f73a81b940049f3076dde3fdca41bb238b238d6885","0x800AE268","structural"
"0x800ab7e8","ActorPickupQueue_Append","confirmed","1","1","64","3","0","1","0","0","0","direct_call","direct_call","dd8a0a42adac41fa3be1b4370c442fb6e97cc9e5de827bbbfbb464146484635b","dd8a0a42adac41fa3be1b4370c442fb6e97cc9e5de827bbbfbb464146484635b","eef5c115d89a882d1fbfc913623b8c0896608bf0e9aa797980c66a69173f25a5","0x800AE358","structural"
"0x800ab8e8",,,"1","1","33","2","2","1","0","0","0","direct_call","direct_call","99548ce83209acb8de2313bb6ee69ad367b9135a3060d0fa0fd139006f4bb20a","99548ce83209acb8de2313bb6ee69ad367b9135a3060d0fa0fd139006f4bb20a","bf69ee9bd46e7ad516c26d12f1851331911725d75ce02c2ff54bc8a0e2bc94d6","0x800AE458","structural"
"0x800ab96c",,,"1","1","33","2","3","1","0","0","0","direct_call","direct_call","fa9e4b00ac68f8863f1f005e2555aa209cbf21f0cf16b3909f206f6429129651","fa9e4b00ac68f8863f1f005e2555aa209cbf21f0cf16b3909f206f6429129651","323bf6dd04b335b5671b00f5b1f3292cb7ff72f3db4ba65ea1ba6bcc796017b3",,
"0x800ab9f0",,,"1","1","11","1","1","1","0","0","0","direct_call","direct_call","22eb0042cd86a32f66dec60638395e52801c4229e37ebb107144ecc0245a571d","22eb0042cd86a32f66dec60638395e52801c4229e37ebb107144ecc0245a571d","1d46ce0da03831cb264da17a500ff3cfcee82207b56241579c191974f13a8acd","0x800AE548","structural"
"0x800aba1c",,,"1","1","62","0","3","1","0","0","0","prologue_only","prologue_only","dd379f488cf0225a6bd10c9ddab664502a0a25a3d13497ca2caf5259a7053679","dd379f488cf0225a6bd10c9ddab664502a0a25a3d13497ca2caf5259a7053679","df676462d9973f76826b2a80e4bc36c74d8d06568bb945b24f781e313f06072f","0x800AE574","structural"
"0x800abb14",,,"1","1","21","2","1","1","0","0","0","direct_call","direct_call","95e942c1677be2b0519c79faf8f57bc5f5f8033ec8ae2f4e3a2fe8d14e2db03f","95e942c1677be2b0519c79faf8f57bc5f5f8033ec8ae2f4e3a2fe8d14e2db03f","61d21080b7d2382cf959a252762850c23665c4ab62298c76053c71713457baf9","0x800AE66C","structural"
"0x800abb68",,,"1","1","56","3","3","1","0","0","0","direct_call","direct_call","b57551c83764e289cd4e9b4dd4ae3a05a197643b5bd0a00c2021fb6432574a3e","b57551c83764e289cd4e9b4dd4ae3a05a197643b5bd0a00c2021fb6432574a3e","342221bfa3548d334870bc27b3261d4f421593955650f1e554b508fe8c44c8b4","0x800AE6C0","structural"
"0x800abc48",,,"1","1","84","3","6","1","0","0","0","direct_call","direct_call","647faa0af0818a9cf11f575530c2d4156505e8b348e3be9a1101d7f685a6b76f","647faa0af0818a9cf11f575530c2d4156505e8b348e3be9a1101d7f685a6b76f","6564517b717334f86ca07982c76c722675a7c0a0151b424c68b9059b5bf45888","0x800AE7A0","structural"
"0x800abd98",,,"1","1","60","2","0","1","0","0","0","direct_call","direct_call","994c073ff254743a95edb86162c0b65f9edf0833912e18fbbd87234bc3f52269","994c073ff254743a95edb86162c0b65f9edf0833912e18fbbd87234bc3f52269","ae7218fa3e93fc7df617b72eda8e8768b1a9bba91c68042aa47768a50c5c3c56","0x800AE8F0","structural"
"0x800abe88",,,"1","1","112","2","6","1","0","0","0","direct_call","direct_call","db14c588b14888f1bbcc928dc35f9c7215864dce6b5fc47990bafd1b8fe55bba","db14c588b14888f1bbcc928dc35f9c7215864dce6b5fc47990bafd1b8fe55bba","c2d3b646a3717788f818f91915b525175986470e2fd447fcbd70928bacf98915","0x800AE9E0","structural"
"0x800ac048","ActorPickupQueue_Remove","confirmed","1","1","42","2","0","1","0","0","0","direct_call","direct_call","317de3a2626d7f058dba653ecd4b252a59ed70e4da1f6c9bcbd6f6bcf382b23e","317de3a2626d7f058dba653ecd4b252a59ed70e4da1f6c9bcbd6f6bcf382b23e","4293a3f765ec370ca1354f4b6d138364880b9117d62b920be5b1448d04f5255c","0x800AEBA0","exact"
"0x800ac0f0","ActorPickupQueue_Process","confirmed","1","1","365","3","11","1","0","0","0","direct_call","direct_call","f0d2d9a48cb7772c72bff90cf8aecf7ee13f78314b2d1b8e828e6dd5478b0016","f0d2d9a48cb7772c72bff90cf8aecf7ee13f78314b2d1b8e828e6dd5478b0016","218ef1c9ee4b41f6bb048ca310e797c430d40eb88bb01ef225d40b54a985b5b8","0x800AEC48","structural"
"0x800ac6a4","SpecialObjectHandler_Set","strong","1","1","4","1","0","1","1","0","0","direct_call+overlay","direct_call","7f1091f550c36b106600781cc01e056a8bfc3a8b2bc0a92852bc6f9f148d6017","7f1091f550c36b106600781cc01e056a8bfc3a8b2bc0a92852bc6f9f148d6017","7b120344589226ea344d08a8f1d3dd1083f9840acb733b8dc1886385471f1374",,
"0x800ac6b4",,,"1","1","21","1","0","1","1","1","0","direct_call+overlay","direct_call+overlay","624216b9feb16d5976c4801d921b25d6ff4d3978da27e3b38de586cf135beaff","624216b9feb16d5976c4801d921b25d6ff4d3978da27e3b38de586cf135beaff","4fb670cfadd14a73c32267bf3614e39d47d54bbf2fbf640acf1eaa8eeb56d307","0x800AF20C","exact"
"0x800ac708",,,"1","1","47","1","1","1","0","0","0","direct_call","direct_call","bf86d9caa7dce3f5c2a33269fddeca956364032d6ea9ab40f5a31cc29dabb987","bf86d9caa7dce3f5c2a33269fddeca956364032d6ea9ab40f5a31cc29dabb987","ef0585dc5622e4c288a2f82b0d8e47a0691463ccf0dcf17f6787a677580a83ec","0x800AF260","structural"
"0x800ac7cc",,,"1","1","49","0","2","1","0","0","0","prologue_only","prologue_only","bd0292029d327267c8651a9520ce82a84945c591532d3975f801213d9579c179","bd0292029d327267c8651a9520ce82a84945c591532d3975f801213d9579c179","9d9ede2dee53942bd6d0ab8ec2f48c0346f281a96dc3503ffa1a2a0e4ae3cd07","0x800AF324","structural"
"0x800ac890",,,"1","1","84","1","6","1","0","0","0","direct_call","direct_call","73e9d97f1ea0d3ed305af9eb034f52a3959ce7d843fffec60bfa800b36ccdd04","73e9d97f1ea0d3ed305af9eb034f52a3959ce7d843fffec60bfa800b36ccdd04","ab1413ae4169679a94b346bd53e67a49179917e900bf3d49ab3aef556a0aec56","0x800AF3E8","structural"
"0x800ac9e0","PickupObject_Handler","confirmed","1","1","357","0","16","1","0","0","0","prologue_only","prologue_only","6cca3c4e33b82b2cea5a06530146784de0b2ba49331951a2037ce54dee2d80c4","6cca3c4e33b82b2cea5a06530146784de0b2ba49331951a2037ce54dee2d80c4","702f1a2ce39a148417648f8bc56530b301632cfa6afba7dcb76c74ee3cac012e","0x800AF538","structural"
"0x800acf74",,,"1","1","20","1","1","1","1","1","0","direct_call+overlay","direct_call+overlay","1e79b05367194e462991fb1bfb1c5900c360198cc0930a0186c289e9e830d116","1e79b05367194e462991fb1bfb1c5900c360198cc0930a0186c289e9e830d116","c0f130fdefbf9484ef96437ad0c42720ac91737d4f33117e764048fcf9acc6c2",,
"0x800acfc4",,,"1","1","20","1","1","1","0","0","0","direct_call","direct_call","c79a1644a28e75b525961c495de4fdfa5a889a0909dfba95dbcb1e93b6d8859f","c79a1644a28e75b525961c495de4fdfa5a889a0909dfba95dbcb1e93b6d8859f","d3b98fb19ffc80ee2fdce431f24ef2abe12b94983337ae745cf142a0f8fcc41e",,
"0x800ad014","CampaignProgress_CommitMission","confirmed","1","1","148","2","2","1","0","0","0","direct_call","direct_call","8f12095e5ddb510f225cc58ab1b60e1328a6836a03862882b84f4cf6dca8afe2","8f12095e5ddb510f225cc58ab1b60e1328a6836a03862882b84f4cf6dca8afe2","0bb133d358bf68e7994885df77220204f0a9b46b097ec3163fd257b3b9ae0c04",,
"0x800ad264","PlayerCarry_Snapshot","confirmed","1","1","62","3","2","1","0","0","0","direct_call","direct_call","d38dbd92a7589e9c47cab66a993001254b8be36f80d12ed707c0c26d4440bb30","d38dbd92a7589e9c47cab66a993001254b8be36f80d12ed707c0c26d4440bb30","93eaf77787ff33879c18d9c9d4bfaa523d44f06696c8d90f1f77cf291265c805","0x800AFDBC","structural"
"0x800ad35c",,,"1","1","65","2","3","1","1","1","0","direct_call+overlay","direct_call+overlay","1d26293e6b961ab2e8c073047121f186796e4c946e06980de03ddbbab1291f6b","1d26293e6b961ab2e8c073047121f186796e4c946e06980de03ddbbab1291f6b","8d485a255eef4f0cee5e434fd1ec66410534eb94bf98f24ccbebad5ca57ada99","0x800AFEB4","structural"
"0x800ad460",,,"1","1","11","4","1","1","0","0","0","direct_call","direct_call","b3bd9f64373ec946edb47efa73082002c5cd9547c4490beebd6b2337d2ea92a6","b3bd9f64373ec946edb47efa73082002c5cd9547c4490beebd6b2337d2ea92a6","701202f0ae27a2956b344692b6733be20ec6732a9946c78be3284bb63a0d63eb","0x800AFFB8","structural"
"0x800ad48c",,,"1","1","346","0","9","1","0","0","0","prologue_only","prologue_only","ab847b273149c519a70e6f95aea40499d3ea1232024495ba107a9c138cc4f44d","ab847b273149c519a70e6f95aea40499d3ea1232024495ba107a9c138cc4f44d","74ba11c0a6d86af37907f70f5c25b9c5effb9475a6faa20059a4175ca5ffcbe2",,
"0x800ad9f4",,,"1","1","252","1","9","1","1","1","0","direct_call+overlay","direct_call+overlay","fed8f2ec432d4ab68da4f35558c857fde317d8c6fe1041b8730d80867e96e6f5","fed8f2ec432d4ab68da4f35558c857fde317d8c6fe1041b8730d80867e96e6f5","a6bf96aa29868e0b1c6b19e0a42fd7de7f56382b426e5615f8e49dbf3a7f3554","0x800B0550","structural"
"0x800adde4",,,"1","1","146","1","3","1","1","1","0","direct_call+overlay","direct_call+overlay","24e87b8c7f0a53e6cca1d5af8083fff9285254cfcc01c1a071376ac01b0e9e81","24e87b8c7f0a53e6cca1d5af8083fff9285254cfcc01c1a071376ac01b0e9e81","cff0a6a8448effe19de3694a7a24ca6b1bc8770f8a3320a780f61ee5fed43330","0x800B0940","structural"
"0x800ae02c",,,"1","1","22","2","0","1","1","1","0","direct_call+overlay","direct_call+overlay","5c331a8613a712bff8d6702be7697a74c31a6b01a5ffc2620bf6b8b67d0aba43","5c331a8613a712bff8d6702be7697a74c31a6b01a5ffc2620bf6b8b67d0aba43","705e041efea3a0de75a1e345b5e6002435d3a65e08752db2f8d143fd11dfe1e3","0x800B0B88","structural"
"0x800ae084",,,"1","1","129","1","4","1","1","1","0","direct_call+overlay","direct_call+overlay","3d4ab309d6cab2d8e9e05d9b5ab6edd581778943ed8e672e8b932847765dc668","3d4ab309d6cab2d8e9e05d9b5ab6edd581778943ed8e672e8b932847765dc668","16ca9cb9d59f328c74a6b98af6c6e26d5690bd517299f7c2316d151ae2925049","0x800B0BE0","structural"
"0x800ae288",,,"1","1","19","0","0","1","1","1","0","overlay","overlay","2ef1cc092d4e6713e818198da1664cce9946d4314cbf85cd036e90049adca9de","2ef1cc092d4e6713e818198da1664cce9946d4314cbf85cd036e90049adca9de","f8278bc8a5c75ec5b0f1e85557aef148cc430f0db6f7064fb4f538b9292b110f","0x800B0DE4","structural"
"0x800ae2d4",,,"1","1","13","2","0","1","1","1","0","direct_call+overlay","direct_call+overlay","486675bbbe89ca1e27f3e939ed0ca7dc7f7eb5e838db8b464430dd3aae8e2787","486675bbbe89ca1e27f3e939ed0ca7dc7f7eb5e838db8b464430dd3aae8e2787","663a96c216bfea8dc4d3b4d756c5cb56c220093345d2f949e6eadf31ccd3ed50",,
"0x800ae308",,,"1","1","26","1","1","1","1","1","0","direct_call+overlay","direct_call+overlay","7c92d05e162c51b8f49c66b0872b520bab0ee8f9db085d982328c8589aba52e9","7c92d05e162c51b8f49c66b0872b520bab0ee8f9db085d982328c8589aba52e9","470d8c682e6ac470d76b4adb20776fb644ee0b66b2bf54f8b16473745ab35f06","0x800B0E64","structural"
"0x800ae370",,,"1","1","8","1","0","0","0","0","0","direct_call","direct_call","4b26c068f2204dd4afc752d603327a3970241000e8e16e023c0c33a799b751d6","4b26c068f2204dd4afc752d603327a3970241000e8e16e023c0c33a799b751d6","eb31f85ad709cf268f2e60baa3064cb767c005e871c8801387ce30006bb42c9a","0x800B0ECC","exact"
"0x800ae390",,,"1","1","100","0","0","1","0","0","0","prologue_only","prologue_only","a7a212df4c1952a789ab120408adea4910c7fb195ff5c5585e6b8da698219be7","a7a212df4c1952a789ab120408adea4910c7fb195ff5c5585e6b8da698219be7","eb1e4c590e1d4946e822c5c48efdab1e586bf66c64dcc168dd0705c45461324c","0x800B0EEC","structural"
"0x800ae520",,,"1","1","38","1","2","1","0","0","0","direct_call","direct_call","d984942fa711604d086f086dae8048da80a7f7c029f7e6f3e6fee96433aa8dfd","d984942fa711604d086f086dae8048da80a7f7c029f7e6f3e6fee96433aa8dfd","c8d25873ab9b047ff668ac0a6bb9b455c9333e26c2810b05ba3363ce991e87ff","0x800B107C","structural"
"0x800ae5b8",,,"1","1","98","1","3","1","0","0","0","direct_call","direct_call","805b41053d216cfb875eba5e6fb4a5d3ee96ce16d32ead054a04886108c864ca","805b41053d216cfb875eba5e6fb4a5d3ee96ce16d32ead054a04886108c864ca","76568812830539341804b9b806a24748e0a4cb176e75e962002aa19d64216811","0x800B1114","structural"
"0x800ae740",,,"1","1","494","1","4","1","0","0","0","direct_call","direct_call","fc7cc12e31c447c3e0909afe7ee427246398c68894500dc1bbbd9bda72ef33b8","fc7cc12e31c447c3e0909afe7ee427246398c68894500dc1bbbd9bda72ef33b8","9744f4742dd49e74028037bdcedcb36bfd535541dd451355b8e20f66b7b2d9e6",,
"0x800aeef8",,,"1","1","83","1","5","1","0","0","0","direct_call","direct_call","402d08a7d6b6ae0badc53a5b204660b73bf515ba8277202d13542ac766b724a8","402d08a7d6b6ae0badc53a5b204660b73bf515ba8277202d13542ac766b724a8","dea3a4e59249a7a68f0a0aa66d66a55aea6daa6dc6379712c1843de5194a1e60","0x800B1A64","structural"
"0x800af044",,,"1","1","33","1","1","1","0","0","0","direct_call","direct_call","aaebd171e9e2e7774970608000693ceb00343b1184151bd5a11f765fc11e19fb","aaebd171e9e2e7774970608000693ceb00343b1184151bd5a11f765fc11e19fb","445890b0ed6a3dd836201acd1197654b4f43ddbae866a7fc2baecbe1860fba85","0x800B1BB0","structural"
"0x800af0c8",,,"1","1","74","1","1","1","0","0","0","direct_call","direct_call","9819bc8c7ff889ecb6c426eb475b73cf805fe16d9dda50ef883c1e0c95c05740","9819bc8c7ff889ecb6c426eb475b73cf805fe16d9dda50ef883c1e0c95c05740","3b0f752aa06b0a79a558215fee088193d5c0367b7ba74a65bd3c6202692038eb","0x800B1C34","structural"
"0x800af1f0",,,"1","1","29","1","1","1","0","0","0","direct_call","direct_call","8695b9ef6491fb2fc78667ac3ff3e1c465f31edba839cfb2728ffacebe93c2f6","8695b9ef6491fb2fc78667ac3ff3e1c465f31edba839cfb2728ffacebe93c2f6","cd7e2c586e121ccd47c8bfcfe32b41b40a754cfefab88f3bf374b818ea86cccc","0x800B1D5C","structural"
"0x800af264",,,"1","1","44","1","2","1","0","0","0","direct_call","direct_call","30b90e4b86ed19bbc62a964950cd118605f7e3dd7215f828b2f2b25de87b03e5","30b90e4b86ed19bbc62a964950cd118605f7e3dd7215f828b2f2b25de87b03e5","540dac5c7c82a9628526854e4fcdfef70fae337625a56326adccb0cd08e0e49b","0x800B1DD0","structural"
"0x800af314",,,"1","1","69","2","3","1","0","0","0","direct_call","direct_call","60f7f7ee43038cef057ffaf6eb2f6152773520128ce8b216dc67d15f83fdc853","60f7f7ee43038cef057ffaf6eb2f6152773520128ce8b216dc67d15f83fdc853","85aef6dadc307aa2e3f36119ffa278ee3876ea8d613599b323af7f69f8acb7b4","0x800B1E80","structural"
"0x800af428",,,"1","1","45","1","3","1","0","0","0","direct_call","direct_call","a613a04b56a1e002828c31f8e1316f498c6e3dfe305b873ac19b901df7825366","a613a04b56a1e002828c31f8e1316f498c6e3dfe305b873ac19b901df7825366","77e8e83e3e4acbed31ba8564d23aa6a7ed090e5828e4fdae6fd1995c19c80f1b","0x800B1F94","structural"
"0x800af4dc",,,"1","1","272","3","2","1","0","0","0","direct_call","direct_call","06d2d967887d8f8d2d2fcfcadb1a91b7882a47ee465c789b770513fa0f611dcc","06d2d967887d8f8d2d2fcfcadb1a91b7882a47ee465c789b770513fa0f611dcc","54e03e02a0acd46aac859e50f964ef516725639948ff55f5a7930e73e55b50ae","0x800B2048","structural"
"0x800af91c",,,"1","1","25","2","0","1","0","0","0","direct_call","direct_call","426a13fd3bfbb8145e4ab9a1e798d34fdc8b881214c273ecd7373d30814c9387","426a13fd3bfbb8145e4ab9a1e798d34fdc8b881214c273ecd7373d30814c9387","6579475d12c9acb65d492ecb8795e7bb0e0cd3b10a9102f5b18c971026a6a9b5","0x800B2488","exact"
"0x800af980",,,"1","1","18","1","0","1","0","0","0","direct_call","direct_call","535a3e626a6784f67c1235f846483ae281b9b39010c6241346a5c655068db7a9","535a3e626a6784f67c1235f846483ae281b9b39010c6241346a5c655068db7a9","cedbbd89cf1eb3dd44058aff272ea6dd1da0488979bbe8f615e090713e15c117","0x800B24EC","exact"
"0x800af9c8",,,"1","1","10","1","1","1","0","0","0","direct_call","direct_call","390d56827a414c91202f3e8b00a305153d5cd20ac1cb3bad6102eb12b74af854","390d56827a414c91202f3e8b00a305153d5cd20ac1cb3bad6102eb12b74af854","7f4be08167b331123e97a5374b5bfe4ee4ce7857439cf20a0a23ed46c7b1e16e","0x800B2534","structural"
"0x800af9f0","ObjectPosition_ApproximateDistance","confirmed","1","1","23","2","2","1","0","0","0","direct_call","direct_call","2cc534e42b6832e067bc0367b0ced67f0481eddc1db0a7935b57c7508d72d422","2cc534e42b6832e067bc0367b0ced67f0481eddc1db0a7935b57c7508d72d422","104df7d2be156dd88613c19f8caeb48fda3b425e2d06632f0b17664d93945449",,
"0x800afa84",,,"1","1","57","0","0","1","0","0","0","prologue_only","prologue_only","3be9eb6cf78143422bbdd5e6649b6fabc499ed646cfc5f8d54e78d56747d76ed","3be9eb6cf78143422bbdd5e6649b6fabc499ed646cfc5f8d54e78d56747d76ed","94988b43a6bb211cc3b2cdc08807922990a1420ff19dc31917730494a8743139","0x800B25F0","exact"
"0x800afbf0",,,"1","1","30","0","0","1","0","0","0","prologue_only","prologue_only","0f4c85044a135ada02be030152efb35a4e843c92d2b9117f7da0725cc0aae88f","0f4c85044a135ada02be030152efb35a4e843c92d2b9117f7da0725cc0aae88f","09c186ef64bc371637335df98cce85a615d8b11f141fc13f9075baa1a9a9af99","0x800B27E0","structural"
"0x800afc70",,,"1","1","18","0","1","1","0","0","0","prologue_only","prologue_only","e1cfdd2b7dd5299c7e0230f73050ab262ee4c29393ed0ae8a96d7d268c9b41d3","e1cfdd2b7dd5299c7e0230f73050ab262ee4c29393ed0ae8a96d7d268c9b41d3","007e6381ff3a86a5edaade1015fb04bfc4df3859ff1cd7dbddc84b4ddbf344fb","0x800B2860","structural"
"0x800afd6c",,,"1","1","57","0","3","1","0","0","0","prologue_only","prologue_only","dde304f70d21709bfd9ba51294d9411ec99c80173860dfbd3d2a20733d640ac5","dde304f70d21709bfd9ba51294d9411ec99c80173860dfbd3d2a20733d640ac5","7e1fc1dbbd66c788cb5632595d63bc59c5536f2a14d6823d8b4fd14f77bd26e7",,
"0x800aff4c","MissionScript_NpcResourceLifecycleOp","confirmed","1","1","235","1","10","1","0","0","0","direct_call","direct_call","3ed0ac994747140ee0b24dd0cb6790e7b576c1a4bf4641ec63662c796713232a","3ed0ac994747140ee0b24dd0cb6790e7b576c1a4bf4641ec63662c796713232a","240c59be9e701287ba039ea3b9be7ae83b5f08838a0e280866ae5c6fae3444c3",,
"0x800b0324",,,"1","1","13","0","1","1","0","0","0","prologue_only","prologue_only","c46e59e22f6f3f9380c0805d370f631fc0b88b8fda9ca7323efd5a78498e2c3a","c46e59e22f6f3f9380c0805d370f631fc0b88b8fda9ca7323efd5a78498e2c3a","a39db2fdc6a8124a83e40ea699a34ba8dfa253307f4114233e10394f43321845","0x800B2F54","structural"
"0x800b04e0",,,"1","1","8","0","1","1","0","0","0","prologue_only","prologue_only","82fe40999470fbc55f8070a5ae37298176b65910b4df726943a52213106a54bf","82fe40999470fbc55f8070a5ae37298176b65910b4df726943a52213106a54bf","53576f27b6b07550c19e343dfe05a962bced995627aea725eda9ecb206635cfc",,
"0x800b0500",,,"1","1","8","0","1","1","0","0","0","prologue_only","prologue_only","dd97e3673502c3e34dd7f4cef8a6d2446578692d80e64e02895a78dc970bc735","dd97e3673502c3e34dd7f4cef8a6d2446578692d80e64e02895a78dc970bc735","53576f27b6b07550c19e343dfe05a962bced995627aea725eda9ecb206635cfc",,
"0x800b0520",,,"1","1","20","0","2","1","0","0","0","prologue_only","prologue_only","898bb3132256b6fc010a3ca743a45cb34f89a8e1a4f5d15e3ed9e7852a2e94f8","898bb3132256b6fc010a3ca743a45cb34f89a8e1a4f5d15e3ed9e7852a2e94f8","bef20f85212fc5cca08a9347cd4a6ed8bd2d1b48c847b38036a28d09a5104f2c","0x800B3150","structural"
"0x800b05e8",,,"1","1","18","0","1","1","0","0","0","prologue_only","prologue_only","2ca8dd9caa6d328214774d828bc8f318fa7ebaba5e260f526942b9f66c04f655","2ca8dd9caa6d328214774d828bc8f318fa7ebaba5e260f526942b9f66c04f655","799d0b2dd15dc57f0cca4b901dd620ab8dfb396e13225bc3a24759a0bebe45e9","0x800B3218","structural"
"0x800b07dc",,,"1","1","26","0","1","1","0","0","0","prologue_only","prologue_only","236c3479cc12db4cbb75c06cc3ea24211b20921a780a6c1da544180faa1d209b","236c3479cc12db4cbb75c06cc3ea24211b20921a780a6c1da544180faa1d209b","6f75e3ff268542930ca84f39178d4e8a1e2266d9f9fe0758a2755e0939e239b0","0x800B340C","structural"
"0x800b0874",,,"1","1","22","1","0","1","0","0","0","direct_call","direct_call","153f22388d312bae9d16840b9db073361bd5ff357603ce91104bd0f7f9b3d774","153f22388d312bae9d16840b9db073361bd5ff357603ce91104bd0f7f9b3d774","c382f13e08758306ed883644330af000ff71080a4dcc32ed64744e59384a3d1a",,
"0x800b08cc",,,"1","1","22","1","0","1","0","0","0","direct_call","direct_call","312c4b40e18e7682db2788a500b6729d02023452aee0951ec0356b89cecf4262","312c4b40e18e7682db2788a500b6729d02023452aee0951ec0356b89cecf4262","c382f13e08758306ed883644330af000ff71080a4dcc32ed64744e59384a3d1a",,
"0x800b0924",,,"1","1","20","0","2","1","0","0","0","prologue_only","prologue_only","f8651fbc07f3834b214ffe94ebf5fd0f2d91224e7c204dd4dc62dc00e50494d3","f8651fbc07f3834b214ffe94ebf5fd0f2d91224e7c204dd4dc62dc00e50494d3","8389f19844476742b1d902b7b88ebc76283ba87a9cac45eed0aef4e24b03d83f","0x800B3554","structural"
"0x800b0b3c","MissionScript_InventoryGrantOp","confirmed","1","1","28","0","1","1","0","0","0","prologue_only","prologue_only","5b7d003e93d2d2452e208e70f3966571766203462209d2ec34f337bc9f66fc78","5b7d003e93d2d2452e208e70f3966571766203462209d2ec34f337bc9f66fc78","2af6d9e3df263b80d6e4d3628e6dcabf81dc13dc49527b7aebba8222c93aa762","0x800B37FC","structural"
"0x800b0bac","MissionScript_CurrentPlayerEvent81Or82Op","confirmed","1","1","21","0","1","1","0","0","0","prologue_only","prologue_only","2188b7db68256d609af46756054453acb83bff235de611aa0f4c42b29b478fa3","2188b7db68256d609af46756054453acb83bff235de611aa0f4c42b29b478fa3","db4451625b372f19a72ffc4dc2454679b48fb89856f9b48dcaba153fdee2f380",,
"0x800b0c00","MissionScript_PlayerObjectInteractionOp","confirmed","1","1","12","0","1","1","0","0","0","prologue_only","prologue_only","7ce026f9c2f1fd5337065ec54ce621af1382c05a192db2dc442a3c8743237efa","7ce026f9c2f1fd5337065ec54ce621af1382c05a192db2dc442a3c8743237efa","660de6427e8ee85359c02ce6a7a048d827a10dabe1d24667b2bc7b9f8d0b9803","0x800B38C0","structural"
"0x800b0c84",,,"1","1","18","0","1","1","0","0","0","prologue_only","prologue_only","e743554e8a06d33429c1fa68bef5f37c473426570b8696bdd4bde48a6a7ad6ff","e743554e8a06d33429c1fa68bef5f37c473426570b8696bdd4bde48a6a7ad6ff","54625aaf0894e4f7fef884671beda205962e69be99d39684c57d8c2c0082633f","0x800B396C","structural"
"0x800b0d54","MissionScript_ActorHealthFixedModeOp","confirmed","1","1","15","0","1","1","0","0","0","prologue_only","prologue_only","81ef8ed1804c9f0623fcb376ab57b40f22ddd3e8881925b0bcf46b578e778491","81ef8ed1804c9f0623fcb376ab57b40f22ddd3e8881925b0bcf46b578e778491","cab4f421106e04d734c39da2961542e4930de577b7ad52c75fa343b6d97e1414","0x800B3AB0","structural"
"0x800b0d90",,,"1","1","8","0","1","1","0","0","0","prologue_only","prologue_only","0eeb21066bb13803338584dd2f5b7fa1da0e5a370879a6e71752a818d8d74bb8","0eeb21066bb13803338584dd2f5b7fa1da0e5a370879a6e71752a818d8d74bb8","1f81e3bf0f85e0606d6d313ce130446d9e05ef96751109cb7de1efde0a6202c6",,
"0x800b0e20","MissionScript_ActorModeTransitionOp","confirmed","1","1","14","0","1","1","0","0","0","prologue_only","prologue_only","19878d785f5483b4acae61b24c9029f96548787e16c6e782a64e483631ebe10f","19878d785f5483b4acae61b24c9029f96548787e16c6e782a64e483631ebe10f","aed04ca84606ec2654f6b3fd57490a798e8129530399d3145b2ec2a54fcf8220",,
"0x800b1010",,,"1","1","8","0","1","1","0","0","0","prologue_only","prologue_only","ed25eac18dcd8da22489bad7ebc79e402590fb2f117efee2e648a54a49e1e59b","ed25eac18dcd8da22489bad7ebc79e402590fb2f117efee2e648a54a49e1e59b","1f81e3bf0f85e0606d6d313ce130446d9e05ef96751109cb7de1efde0a6202c6",,
"0x800b1030",,,"1","1","37","0","1","1","0","0","0","prologue_only","prologue_only","d42919e870183aaeeb3a3795688093399a50e11d2d4d73011647e2e4ae891b5c","d42919e870183aaeeb3a3795688093399a50e11d2d4d73011647e2e4ae891b5c","40c7e9f5c1d1423710d3fa9204ace01966d735551a7474007559fa5ecd123f13","0x800B3DB8","structural"
"0x800b12ac","MissionScript_ActorEquippedItemOp","confirmed","1","1","8","0","1","1","0","0","0","prologue_only","prologue_only","c5bdcba3a12aae7488383ecb5dbbd90e3deb983eefa38a82a8df410be2588034","c5bdcba3a12aae7488383ecb5dbbd90e3deb983eefa38a82a8df410be2588034","1f81e3bf0f85e0606d6d313ce130446d9e05ef96751109cb7de1efde0a6202c6",,
"0x800b13b4","MissionScript_ActorActivationOp","strong","1","1","49","0","2","1","0","0","0","prologue_only","prologue_only","3f6b841c8437a5f67ff07689c72389e1f7d26df8d408aab7948ec389fe5dacc4","3f6b841c8437a5f67ff07689c72389e1f7d26df8d408aab7948ec389fe5dacc4","2113c54d1c220b9149966c3c1e849d0a4f6196557e9da06df92fbcb46eefb372","0x800B4168","structural"
"0x800b1478",,,"1","1","51","0","1","1","0","0","0","prologue_only","prologue_only","0aeeeb40643349d3942af694d93634e8e3bd0b5a60a1ec0ba557188d5d8ab3c6","0aeeeb40643349d3942af694d93634e8e3bd0b5a60a1ec0ba557188d5d8ab3c6","d9acdb3e30a04ee652b2d4bae9cf44289ecb6247c9725fd07681aa274066dcce","0x800B422C","structural"
"0x800b1588",,,"1","1","14","0","1","1","0","0","0","prologue_only","prologue_only","13ac21ad0ce4510da656a36a051d16994177f636be38951f9ac0270db040eb50","13ac21ad0ce4510da656a36a051d16994177f636be38951f9ac0270db040eb50","aed04ca84606ec2654f6b3fd57490a798e8129530399d3145b2ec2a54fcf8220",,
"0x800b1644",,,"1","1","14","0","1","1","0","0","0","prologue_only","prologue_only","17b04af5a93cb64571b68eb2a234e5e3cb05edae5295df60ee24e3acdbf2fdc7","17b04af5a93cb64571b68eb2a234e5e3cb05edae5295df60ee24e3acdbf2fdc7","aed04ca84606ec2654f6b3fd57490a798e8129530399d3145b2ec2a54fcf8220",,
"0x800b167c",,,"1","1","14","0","1","1","0","0","0","prologue_only","prologue_only","22729c1bdef129222cd4d3cd3dd1e702acb479472970308bf63b191c65720b2b","22729c1bdef129222cd4d3cd3dd1e702acb479472970308bf63b191c65720b2b","aed04ca84606ec2654f6b3fd57490a798e8129530399d3145b2ec2a54fcf8220",,
"0x800b16b4","MissionScript_InventoryQuantityTotalOp","confirmed","1","1","15","0","1","1","0","0","0","prologue_only","prologue_only","55aae55c54a984aaf71ce20a70ef913b922bf891d7e4534f8da4a4bb874955b4","55aae55c54a984aaf71ce20a70ef913b922bf891d7e4534f8da4a4bb874955b4","7f3a795edf8faf7b4e9d798fe1553342f1743334402c9c6860fa02f343855b99","0x800B4468","structural"
"0x800b1730","MissionScript_ActorActivateAndDisplayOp","confirmed","1","1","8","0","1","1","0","0","0","prologue_only","prologue_only","e0cb294d3aefa4296db6d933b109585c3c33379dc3a90d04b86a6384d6f8a4bd","e0cb294d3aefa4296db6d933b109585c3c33379dc3a90d04b86a6384d6f8a4bd","1f81e3bf0f85e0606d6d313ce130446d9e05ef96751109cb7de1efde0a6202c6",,
"0x800b1750",,,"1","1","8","0","1","1","0","0","0","prologue_only","prologue_only","d54231959f7adb184d8f77ca29c5e1871cf65a16a9f4d2d0f665ce0e9eba7f9a","d54231959f7adb184d8f77ca29c5e1871cf65a16a9f4d2d0f665ce0e9eba7f9a","1f81e3bf0f85e0606d6d313ce130446d9e05ef96751109cb7de1efde0a6202c6",,
"0x800b198c","MissionScript_ObjectEvent1Op","confirmed","1","1","9","0","1","1","0","0","0","prologue_only","prologue_only","08be8c0934bae02ef4b0e50feffad68f5be19346a0acd52cb9ee19a1cef628df","08be8c0934bae02ef4b0e50feffad68f5be19346a0acd52cb9ee19a1cef628df","60e096c9a6933a5766f9ce15a8efb304fa2e692ea5c5fe4dea9821630b9fc5b9","0x800B4740","structural"
"0x800b19b0","MissionScript_ObjectEventDispatchOp","confirmed","1","1","8","0","1","1","0","0","0","prologue_only","prologue_only","1ab7ca5b46acc080c844b7847e3b0ba65aec3d8df73e1d7d84b1d4780a783f15","1ab7ca5b46acc080c844b7847e3b0ba65aec3d8df73e1d7d84b1d4780a783f15","1f81e3bf0f85e0606d6d313ce130446d9e05ef96751109cb7de1efde0a6202c6",,
"0x800b1a10",,,"1","1","8","0","1","1","0","0","0","prologue_only","prologue_only","34e511ef9f9e613c0e265b817d1c3afd16cb67b6e314c8dace69458707f2cfc8","34e511ef9f9e613c0e265b817d1c3afd16cb67b6e314c8dace69458707f2cfc8","1f81e3bf0f85e0606d6d313ce130446d9e05ef96751109cb7de1efde0a6202c6",,
"0x800b1a30",,,"1","1","8","0","1","1","0","0","0","prologue_only","prologue_only","bcdbbc9609e4cd43274bc6d41066f54e77e678ea781a13e42bb5acd5321394ca","bcdbbc9609e4cd43274bc6d41066f54e77e678ea781a13e42bb5acd5321394ca","1f81e3bf0f85e0606d6d313ce130446d9e05ef96751109cb7de1efde0a6202c6",,
"0x800b1a50",,,"1","1","8","0","1","1","0","0","0","prologue_only","prologue_only","07e056201acc4e67e37ec94089498880db8dbe185238481a63b69e6174078c7e","07e056201acc4e67e37ec94089498880db8dbe185238481a63b69e6174078c7e","1f81e3bf0f85e0606d6d313ce130446d9e05ef96751109cb7de1efde0a6202c6",,
"0x800b1a70",,,"1","1","13","0","2","1","0","0","0","prologue_only","prologue_only","39db1c3733d0f5706ae74fb7b28c16ffed12bfb10beb3628e10cface83fcf75b","39db1c3733d0f5706ae74fb7b28c16ffed12bfb10beb3628e10cface83fcf75b","c60adc5ed946933212c59a9d12f95607d752dec70b37659ae732741b01b0701b","0x800B4824","structural"
"0x800b1aa4",,,"1","1","8","0","1","1","0","0","0","prologue_only","prologue_only","65c0ec374449992addcad47b09e6164dc1869db2bde1010da267a15fd593e6ce","65c0ec374449992addcad47b09e6164dc1869db2bde1010da267a15fd593e6ce","1f81e3bf0f85e0606d6d313ce130446d9e05ef96751109cb7de1efde0a6202c6",,
"0x800b1ac4","MissionScript_ObjectFlag1ClearAndScheduleOp","confirmed","1","1","25","0","1","1","0","0","0","prologue_only","prologue_only","756b0f19ccd8ff047fee3771b08af74fef4b648aa80d1a4819ba065d579a1b9d","756b0f19ccd8ff047fee3771b08af74fef4b648aa80d1a4819ba065d579a1b9d","fdb9ef57755b53d95cc1b4e80ea5f2260d3c8306717238b610aeb4a01ea39ff9","0x800B4878","structural"
"0x800b1b28","MissionScript_ObjectFlag1SetAndScheduleOp","confirmed","1","1","25","0","1","1","0","0","0","prologue_only","prologue_only","6b390fb32943ab1e81deacd9f0337c4daa6b40216b7d1a87ecad79e93ed98efe","6b390fb32943ab1e81deacd9f0337c4daa6b40216b7d1a87ecad79e93ed98efe","7ca0917dca281484cd440d73b77e7f0e4325f659ddf4ba6bcd9a617bfad2b2b2","0x800B48DC","structural"
"0x800b1b8c","MissionScript_ActorHealthStateOp","confirmed","1","1","19","0","1","1","0","0","0","prologue_only","prologue_only","24e8415bbd9d1b117be9010ca2edeee9de1db86b333ae5f7bcee3bbe7ed24bf0","24e8415bbd9d1b117be9010ca2edeee9de1db86b333ae5f7bcee3bbe7ed24bf0","ec04a54edeb80629e45f5fd37fd4aaff8e822a3f2ca4b47b5a492e632dc7c835","0x800B4940","structural"
"0x800b1bd8","MissionScript_ObjectFlag5SetOp","confirmed","1","1","13","0","2","1","0","0","0","prologue_only","prologue_only","b5313039b66da805dac74d0770a637a523214c2b49c415491ed3139269a08bbf","b5313039b66da805dac74d0770a637a523214c2b49c415491ed3139269a08bbf","e12d86e5ed639d21fe6f83adca91ed614f5f482225ccb9ae81f78fa752c6ecb9","0x800B498C","structural"
"0x800b1d30","MissionScript_ObjectApproximateDistanceOp","confirmed","1","1","13","0","1","1","0","0","0","prologue_only","prologue_only","72b8d505e18c4b8659db59d523eaf89fca3e4c57a993c79b2f459d30706f2a38","72b8d505e18c4b8659db59d523eaf89fca3e4c57a993c79b2f459d30706f2a38","06fc560b3a08afff50526b3c3cd040b23304afe345b214c0fc626c340fa5ce83","0x800B4B30","structural"
"0x800b1d64","MissionScript_ObjectRelationshipOp","confirmed","1","1","21","0","1","1","0","0","0","prologue_only","prologue_only","9b2ae1137e4e633cbb9f434d3f11fcc17899a9d9f84d4d6f4dc6a3b4a3ac83ef","9b2ae1137e4e633cbb9f434d3f11fcc17899a9d9f84d4d6f4dc6a3b4a3ac83ef","241c3cd1ff930628b3583433047dd0b805690991eea75a8ad37f0d7ba35c4864","0x800B4B64","structural"
"0x800b1df4",,,"1","1","28","0","1","1","0","0","0","prologue_only","prologue_only","d382647ccf181a52a97a4f1fcd741f03e919e7789ffdff8ead0f29202f85bcb0","d382647ccf181a52a97a4f1fcd741f03e919e7789ffdff8ead0f29202f85bcb0","dda1f7adfa54335f1d49a99010b5778f345c52bf62abeb0d593713a36dfe7683","0x800B4BF4","structural"
"0x800b1e64",,,"1","1","14","0","1","1","0","0","0","prologue_only","prologue_only","bf191ae06488437868df94d9919c2cf91c05f16a9fa5ec62af115a38e65e6e6a","bf191ae06488437868df94d9919c2cf91c05f16a9fa5ec62af115a38e65e6e6a","aed04ca84606ec2654f6b3fd57490a798e8129530399d3145b2ec2a54fcf8220",,
"0x800b1e9c","MissionScript_ObjectiveRevealOp","strong","1","1","9","0","1","1","0","0","0","prologue_only","prologue_only","fcc3507222913baeee254aae73b34933ab69608fe67ce15288691d13050e3d1c","fcc3507222913baeee254aae73b34933ab69608fe67ce15288691d13050e3d1c","7ce6904ac92a7f99f57989742fc3fb188a4de42e94f9a775e81cadd4c3acba22",,
"0x800b1ec0","MissionScript_ObjectiveFailOp","strong","1","1","11","0","1","1","0","0","0","prologue_only","prologue_only","18deed035a886eabba2cca391ae3f6e05837f87ead62811f3bd742436bfc7df9","18deed035a886eabba2cca391ae3f6e05837f87ead62811f3bd742436bfc7df9","58232255cbb1456ca1a4f416f530e5e3e805495f9cc4dcc769f00c169617479b",,
"0x800b1eec","MissionScript_ObjectiveCompleteAssignOp","strong","1","1","30","0","1","1","0","0","0","prologue_only","prologue_only","ed29e57b4f1fb9c2fe00af7c5a63ae591bccbe53117cab30d0b6d514a1b1e733","ed29e57b4f1fb9c2fe00af7c5a63ae591bccbe53117cab30d0b6d514a1b1e733","0b812270deb748111ffc6c8bd3011d546257cf133baea282620d4bc98cde5211",,
"0x800b1f98",,,"1","1","26","0","2","1","0","0","0","prologue_only","prologue_only","cfd7b5c68781e505bdfdaeb826eca9cacfd5a3df080d54072d715944317d4e5a","cfd7b5c68781e505bdfdaeb826eca9cacfd5a3df080d54072d715944317d4e5a","01a155cdd4b5c9cd745cb5bb1579e53e944b88c8dff84dad7119de526c99e5c5","0x800B4D90","structural"
"0x800b2000","MissionScript_ParameterFailOp","strong","1","1","11","0","1","1","0","0","0","prologue_only","prologue_only","93f16976ab52ed02b78c6fd9a68aa73d3f5460fb56db0277f96f67894924d50c","93f16976ab52ed02b78c6fd9a68aa73d3f5460fb56db0277f96f67894924d50c","ee26fb4bb7af1fa5e283adcf72b12f6f2a8bf1b31208c9f9da5526d02d67494d",,
"0x800b2088","MissionScript_ProgramActivateOp","confirmed","1","1","13","0","1","1","0","0","0","prologue_only","prologue_only","0f1e93fba593d08e941948a76f1cff5b8dddc188ad877dbba02e2571352f132a","0f1e93fba593d08e941948a76f1cff5b8dddc188ad877dbba02e2571352f132a","1cc73050e2434fbacbb3ba32a1a0a58333092869d34fdd126992fbdff5b0e587",,
"0x800b20bc","MissionScript_ProgramDeactivateOp","confirmed","1","1","13","0","1","1","0","0","0","prologue_only","prologue_only","47ca99bf2cccae8a152e26c117e045a6de2192d7ab99dcd7a7bf39c24d83a137","47ca99bf2cccae8a152e26c117e045a6de2192d7ab99dcd7a7bf39c24d83a137","1cc73050e2434fbacbb3ba32a1a0a58333092869d34fdd126992fbdff5b0e587",,
"0x800b2318","MissionScript_VariableRandomOp","confirmed","1","1","32","0","1","1","0","0","0","prologue_only","prologue_only","3a61a78671978b24ed44f59617bbac14ca2998c0a78099b6e78da6107186431d","3a61a78671978b24ed44f59617bbac14ca2998c0a78099b6e78da6107186431d","bb04a7d0f07e947a8f575910406c6ae8c08d0503a11a0da2caba287dda961111","0x800B51D8","structural"
"0x800b23d0",,,"1","1","39","0","1","1","0","0","0","prologue_only","prologue_only","505ac000fe62e4b0ca394386a24c654d8de0426ed136377ae72aeab901d3f734","505ac000fe62e4b0ca394386a24c654d8de0426ed136377ae72aeab901d3f734","67447597ffbe22efb656bf9a06b681092d21200ab76b6ddab68f50954ec19564",,
"0x800b246c",,,"1","1","34","0","1","1","0","0","0","prologue_only","prologue_only","c32b6a11b2764b1f45c9685e17dd6ac3d1c8efc29628f71c221930c6509b18e0","c32b6a11b2764b1f45c9685e17dd6ac3d1c8efc29628f71c221930c6509b18e0","aac4c9a430cb920ff3a0f720b9c11e9b95a8f7697884405bdc68d862e847f723",,
"0x800b24f4","MissionScript_PlayerObjectInteractionStartOp","confirmed","1","1","31","0","1","1","0","0","0","prologue_only","prologue_only","f81d3a099e56ad1ca5847e883383c149102b7434f08cf0e7b19e462ecb45aa0c","f81d3a099e56ad1ca5847e883383c149102b7434f08cf0e7b19e462ecb45aa0c","6c3fb666be2b67b885f2bbd88058e311b958a11d7954f3043ebc6d8c21690095",,
"0x800b2570",,,"1","1","39","0","1","1","0","0","0","prologue_only","prologue_only","23612fffe60a6f72a9add8f8a7ee1da09aafbe9198293b7ffca0b6f75e554d78","23612fffe60a6f72a9add8f8a7ee1da09aafbe9198293b7ffca0b6f75e554d78","e5ca1420c366f064eda361363d682adcc129ac630ebbb95241828ab2f0cc3a9a",,
"0x800b260c",,,"1","1","34","0","1","1","0","0","0","prologue_only","prologue_only","b06be4d190c74adf035d31f65a23ebffcc5039e33cab2d0f67b75927f8e63710","b06be4d190c74adf035d31f65a23ebffcc5039e33cab2d0f67b75927f8e63710","4f897cb4f7502b0350a09f083c53ce079d7d63ae10c19c5b24c81e38ad20cbb0",,
"0x800b26a0","MissionScript_SceneSpeechStopOp","confirmed","1","1","8","0","1","1","0","0","0","prologue_only","prologue_only","90a5347d6bf1d61f7537f5404f8ae7ee52fefbde660aa791c1c9ff1d9e8bbc1d","90a5347d6bf1d61f7537f5404f8ae7ee52fefbde660aa791c1c9ff1d9e8bbc1d","43f20be7a8d281c6a1e9bdbb1b33099e779f9a54882e73221fbab3a24c6958ad",,
"0x800b26c0",,,"1","1","8","0","1","1","0","0","0","prologue_only","prologue_only","92d5b1b683ada155bd79c843f316e38fcb24260866eb53738d6d4c297b144910","92d5b1b683ada155bd79c843f316e38fcb24260866eb53738d6d4c297b144910","1f81e3bf0f85e0606d6d313ce130446d9e05ef96751109cb7de1efde0a6202c6",,
"0x800b2700","MissionScript_ScheduleType10Or11Op","confirmed","1","1","18","0","1","1","0","0","0","prologue_only","prologue_only","ab32ef72f4f96abc91659ae9391d8ecc184c94477c3c27dafedd0583a49f114e","ab32ef72f4f96abc91659ae9391d8ecc184c94477c3c27dafedd0583a49f114e","c7672fb54b91d396f698489330d29029984c2621bba6c4131df0c8081ba8369e",,
"0x800b2748","MissionScript_ScheduleType0fBit8000Op","confirmed","1","1","15","0","1","1","0","0","0","prologue_only","prologue_only","f4929bf03783f008901a49243694035fb99100b10fb52e30b4e8ea1a5177173d","f4929bf03783f008901a49243694035fb99100b10fb52e30b4e8ea1a5177173d","ee69f106e636ad1441c0aa5da61dfaaf3b8e9171f25cb309e955789df70a9f8c",,
"0x800b2784","MissionScript_ScheduleType0fBit2000Op","confirmed","1","1","15","0","1","1","0","0","0","prologue_only","prologue_only","ed22296e90954490ff5e36a13dfaf140c8800798043e8ddfcd4bf17a38250877","ed22296e90954490ff5e36a13dfaf140c8800798043e8ddfcd4bf17a38250877","ee69f106e636ad1441c0aa5da61dfaaf3b8e9171f25cb309e955789df70a9f8c",,
"0x800b27c0",,,"1","1","15","0","1","1","0","0","0","prologue_only","prologue_only","8c90419b0571eb3cb582ff2c2a3e9a68de0972a2bc7f44285a355c6696ee5ea0","8c90419b0571eb3cb582ff2c2a3e9a68de0972a2bc7f44285a355c6696ee5ea0","ee69f106e636ad1441c0aa5da61dfaaf3b8e9171f25cb309e955789df70a9f8c",,
"0x800b27fc","MissionScript_ScheduleType0fBit0800Op","confirmed","1","1","15","0","1","1","0","0","0","prologue_only","prologue_only","6cfca5031b3cd5488153f940148baf7220777bcd6a26a097804850c64f8412d9","6cfca5031b3cd5488153f940148baf7220777bcd6a26a097804850c64f8412d9","ee69f106e636ad1441c0aa5da61dfaaf3b8e9171f25cb309e955789df70a9f8c",,
"0x800b285c","MissionScript_NightVisionSetOp","strong","1","1","21","0","1","1","0","0","0","prologue_only","prologue_only","9df17592548b4d0c79c1bae6a35d3c9c42d631361b5863d94eab8f375cb263fd","9df17592548b4d0c79c1bae6a35d3c9c42d631361b5863d94eab8f375cb263fd","db4451625b372f19a72ffc4dc2454679b48fb89856f9b48dcaba153fdee2f380",,
"0x800b28e8","MissionScript_SchedulePackedTrackedObjectOp","confirmed","1","1","19","0","1","1","0","0","0","prologue_only","prologue_only","d1cfb84abeabb4f961b3b6505cd6e8250fc2191246a56d8439e313e1b9fb59db","d1cfb84abeabb4f961b3b6505cd6e8250fc2191246a56d8439e313e1b9fb59db","618210f7dda3283bc752e31539886e872cadf9152d31d803b532aabf3e5f738b","0x800B56AC","structural"
"0x800b2934","MissionScript_FullScreenTransitionOp","confirmed","1","1","8","0","1","1","0","0","0","prologue_only","prologue_only","edb313345b2c262000ec6737913b6713e8e01ba5229d6af75e8d88e18d485f02","edb313345b2c262000ec6737913b6713e8e01ba5229d6af75e8d88e18d485f02","1f81e3bf0f85e0606d6d313ce130446d9e05ef96751109cb7de1efde0a6202c6",,
"0x800b2954",,,"1","1","8","0","1","1","0","0","0","prologue_only","prologue_only","2e47d682c243ffc69b7e95ee9fbd4ea0ca9805ab0c0aa74c501457b361834109","2e47d682c243ffc69b7e95ee9fbd4ea0ca9805ab0c0aa74c501457b361834109","1f81e3bf0f85e0606d6d313ce130446d9e05ef96751109cb7de1efde0a6202c6",,
"0x800b2974","MissionScript_ScheduleType12Op","confirmed","1","1","15","0","1","1","0","0","0","prologue_only","prologue_only","fb97c9bd606fd0b6d220c57288f3a5b2808de68b7e86bc6b7f89aa374e88d617","fb97c9bd606fd0b6d220c57288f3a5b2808de68b7e86bc6b7f89aa374e88d617","d2153d3ac6c2bccd131dc1805b7ef369f96ff4367d3503a2ddd8dd332fa55ba3","0x800B5738","structural"
"0x800b29b8",,,"1","1","8","0","1","1","0","0","0","prologue_only","prologue_only","ee1f5ae61b478ae2f7c5679e8bd31377f9b6c10a06e60340fd58bee85ce2b09c","ee1f5ae61b478ae2f7c5679e8bd31377f9b6c10a06e60340fd58bee85ce2b09c","43f20be7a8d281c6a1e9bdbb1b33099e779f9a54882e73221fbab3a24c6958ad",,
"0x800b29d8","MissionScript_ActorAuxiliaryResourcesConfigureOp","confirmed","1","1","13","0","1","1","0","0","0","prologue_only","prologue_only","fcf64e9a8689bb7f40f31df5c40a8a8f187b12c43411ccbab9557fa827afa3be","fcf64e9a8689bb7f40f31df5c40a8a8f187b12c43411ccbab9557fa827afa3be","5f2a38f3a3e32cc348abea9da592806f27aaa660773e5cb0a6ad8313654367de","0x800B579C","structural"
"0x800b2a0c",,,"1","1","8","0","1","1","0","0","0","prologue_only","prologue_only","3405150169c2ff1070a027322c3e7f82c67396824fe468f025d8581bba0b0ac2","3405150169c2ff1070a027322c3e7f82c67396824fe468f025d8581bba0b0ac2","1f81e3bf0f85e0606d6d313ce130446d9e05ef96751109cb7de1efde0a6202c6",,
"0x800b2a2c",,,"1","1","14","0","1","1","0","0","0","prologue_only","prologue_only","d793c393759f6f71d55e1e7acdf898c98c5b414e19968e5c5b00406466708da4","d793c393759f6f71d55e1e7acdf898c98c5b414e19968e5c5b00406466708da4","2254e51f81dd586ff8e22d6e06dbb22b7aad9fb57e934fe07aa4e648ee32138b","0x800B57F0","structural"
"0x800b2a64",,,"1","1","2","1","0","1","1","1","0","direct_call+overlay","direct_call+overlay","6d64edf91449c1b17746c1ef18afa2eb25c70bdf1322ab3df5a2630993b7e2f1","6d64edf91449c1b17746c1ef18afa2eb25c70bdf1322ab3df5a2630993b7e2f1","6d64edf91449c1b17746c1ef18afa2eb25c70bdf1322ab3df5a2630993b7e2f1",,
"0x800b2a6c","MissionScript_ContextPush","confirmed","1","1","22","1","0","1","0","0","0","direct_call","direct_call","8547cc7b7a892b8dc69d855fda6e0a0ba7ffe3a36c60df562cb236825e9a3cf3","8547cc7b7a892b8dc69d855fda6e0a0ba7ffe3a36c60df562cb236825e9a3cf3","afed416abbba894977054bd0bacea1b5a87b51fbce0452fa7db51ac4c9572a1f","0x800B5C5C","structural"
"0x800b2ac4","MissionScript_ContextPop","confirmed","1","1","17","1","0","1","0","0","0","direct_call","direct_call","949c96f1ba2f8c80a29fb702920d5e08aa35f8a8a7ace56066616b75e2044076","949c96f1ba2f8c80a29fb702920d5e08aa35f8a8a7ace56066616b75e2044076","c16440af0fd574ed389a7e0975485d73572b1102eb6fc8f9dd5b9c45a2aad0cb","0x800B5CB4","structural"
"0x800b2b08","MissionScript_PredicateDecode","confirmed","1","1","153","1","0","1","0","0","0","direct_call","direct_call","c0ef14d6b621a6fda7c576450c966ebb5fd54f359417627799612dd8f2993ad2","c0ef14d6b621a6fda7c576450c966ebb5fd54f359417627799612dd8f2993ad2","e342aecd2855f4f4b8414100f7ee2eefeec94c77648c0a51fff7e02d41ed0715","0x800B5CF8","structural"
"0x800b2d6c",,,"1","1","13","0","1","1","0","0","0","prologue_only","prologue_only","f653bf09d78cfdc7ba363fa16ff60e344ad8a56f7523cd7c1c0e709dd8421325","f653bf09d78cfdc7ba363fa16ff60e344ad8a56f7523cd7c1c0e709dd8421325","6f706630d2c37ef0f37da8333d3ae62646c71861584ff85eaf2dbc6bb9055115","0x800B5F5C","structural"
"0x800b2da0",,,"1","1","17","0","1","1","0","0","0","prologue_only","prologue_only","1902cc93ec7d61b51e5631bd1553f1484fb9cd076478bc4bf1ed168130262e0f","1902cc93ec7d61b51e5631bd1553f1484fb9cd076478bc4bf1ed168130262e0f","d1587c6498796c2d4dcb794433c3fc7c04e3c096e36cbc81958cbda7d9b78e70",,
"0x800b2de4",,,"1","1","36","1","2","1","0","0","0","direct_call","direct_call","24796f17e192c70b31a0facad5348f8d0479cfb958db3d5dc7667d793709072a","24796f17e192c70b31a0facad5348f8d0479cfb958db3d5dc7667d793709072a","aace43eb38e464f828d3077469b44858c6c15d5725ef30f21b05c50f52998acb",,
"0x800b2e74",,,"1","1","159","4","12","1","0","0","0","direct_call","direct_call","219aa89ad6f066a75b61efbdf664b07fd46d42d0fc04ac8dc7ffdfe5ec4fdb30","219aa89ad6f066a75b61efbdf664b07fd46d42d0fc04ac8dc7ffdfe5ec4fdb30","956517558a3f6fb7225b2af9219a9cbb71d9c630d9461d09b593a75c87409dc7",,
"0x800b30f0",,,"1","1","26","1","2","1","0","0","0","direct_call","direct_call","17f19b6d429c8f113621d5a85d568b03fd26ca1ee5f7830e4537e947f12deb78","17f19b6d429c8f113621d5a85d568b03fd26ca1ee5f7830e4537e947f12deb78","9f7c11be6c69120ca9ceeb936854631313df2d6a24bdd09454680c77c55c9456",,
"0x800b3158","MissionScript_ActionDecode","confirmed","1","1","258","1","6","1","0","0","0","direct_call","direct_call","98e51bab65a88108620b0d2399ce9cbe05eb2a3e61fd9ef7dbed7da29cfb5493","98e51bab65a88108620b0d2399ce9cbe05eb2a3e61fd9ef7dbed7da29cfb5493","c4b4e6c0d2560751122b422e0df463b27352b36b8c487b2e03ae796a6edbd59b",,
"0x800b3560",,,"1","1","25","1","0","1","0","0","0","direct_call","direct_call","208eef8cf2a2fca4ce9b7aa35537005d16995901acee285ed7cc17f953ec4cbd","208eef8cf2a2fca4ce9b7aa35537005d16995901acee285ed7cc17f953ec4cbd","c37b3a50cca6f6bc097ac596fe5940d5c2b6ffb6474c822a89fa9b3b447806fa","0x800B6754","structural"
"0x800b35c4",,,"1","1","32","1","1","1","0","0","0","direct_call","direct_call","e7ec57ebfdc674b6b66160d32ac0fd6e9eece32e55bcfe032da5ad7ed628ced5","e7ec57ebfdc674b6b66160d32ac0fd6e9eece32e55bcfe032da5ad7ed628ced5","59f5175aa5ddde09a55cdbc2738cd91e15404b55460e02494f835d4ed28ed755","0x800B67B8","structural"
"0x800b3644",,,"1","1","23","2","3","1","0","0","0","direct_call","direct_call","cd469b4cc26e74ba651001d87767d6e8b44350eb964ef4ec084105662dbcebe6","cd469b4cc26e74ba651001d87767d6e8b44350eb964ef4ec084105662dbcebe6","98ad8a5ae8b4a7ae9d406e00412ec9b00172d66048816c1d2cbb66959c8a01b1","0x800B6838","structural"
"0x800b36a0","MissionScript_DispatchProgramEvent","confirmed","1","1","132","6","7","1","0","0","0","direct_call","direct_call","077c6cc1e47213f3873b8c27bb5a1a00f17fcfa60c85229677db9d550e5636da","077c6cc1e47213f3873b8c27bb5a1a00f17fcfa60c85229677db9d550e5636da","7ca601d80a37a78803c6a5cbe4a8d92a4f1b9d4fbe62ca7d921090fa7f0c41a0",,
"0x800b38b0","MissionScript_DispatchActivePrograms","confirmed","1","1","28","2","1","1","0","0","0","direct_call","direct_call","b39f0e8d41f2d006816b656abdddf1e35f1c6c8c33ed21b5d6348bcbd9c5fccd","b39f0e8d41f2d006816b656abdddf1e35f1c6c8c33ed21b5d6348bcbd9c5fccd","3ae5527556faf1ea01af28edb735f264279430427dd6d9a9029d006f0b760237","0x800B6AE0","structural"
"0x800b3920","MissionScript_FindByName","confirmed","1","1","35","2","1","1","1","1","0","direct_call+overlay","direct_call+overlay","20b1c70c16814997538d5af34fd395f91d0c3473c6b38366a62a473282b6a4a5","20b1c70c16814997538d5af34fd395f91d0c3473c6b38366a62a473282b6a4a5","840711249de52a2a090fc7635f07f9e9b0a452bc5e0008bdc6c3d8b565c80ddd","0x800B6B50","structural"
"0x800b39ac","MissionScript_FindActiveNode","confirmed","1","1","14","3","0","1","0","0","0","direct_call","direct_call","7a38c03f39ae835525377d8acbc510575a2d0007d11093a3ca1b8825c2affd60","7a38c03f39ae835525377d8acbc510575a2d0007d11093a3ca1b8825c2affd60","28aa02233a71f9eb9b261ada59149668585acb9873995a41ad94c160554ac2aa","0x800B6BDC","structural"
"0x800b39e4","MissionScript_Activate","confirmed","1","1","19","2","3","1","0","0","0","direct_call","direct_call","f135ef49fcf472ef4c82e4af20d25b945594312a0cb86bbe54928c4c201ec3aa","f135ef49fcf472ef4c82e4af20d25b945594312a0cb86bbe54928c4c201ec3aa","60fd36484723e878d69467c3ede6e9e27664f312c6ad155cba117bafdd1a66b0","0x800B6C14","structural"
"0x800b3a30","MissionScript_Deactivate","confirmed","1","1","21","1","3","1","0","0","0","direct_call","direct_call","b0f07b169021005b597bbe6c97643688d29a1e51f82df6cdfb1d63bdd61c3e04","b0f07b169021005b597bbe6c97643688d29a1e51f82df6cdfb1d63bdd61c3e04","c1f8791d47f7d5d1ca271e7f41547ce79110b59dad2d98ebf9b1a2d07d4e14f0","0x800B6C60","structural"
"0x800b3a84","MissionScript_ClearActive","confirmed","1","1","19","3","1","1","0","0","0","direct_call","direct_call","bf23ba27bf2142f4fe01f9d5f39a2b47a27154ddc0a471fd00701fc3666e32ea","bf23ba27bf2142f4fe01f9d5f39a2b47a27154ddc0a471fd00701fc3666e32ea","6f8b037fc39de7d9aed760563580b5b3a6f581f3c4576ca0864d7a6966633a14","0x800B6CB4","structural"
"0x800b3ad0","MissionScript_SerializeState","confirmed","1","1","87","1","1","1","0","0","0","direct_call","direct_call","76aa699c37c401226a03e82e3b5b5c8262babc74f1adf5bf8fefaebc5a423047","76aa699c37c401226a03e82e3b5b5c8262babc74f1adf5bf8fefaebc5a423047","edfc60af078fb59bf9a0e9e32c0327d22db5d0aa948e9fca00a00226d14ab7d2","0x800B6D00","structural"
"0x800b3c2c","MissionScript_RestoreState","confirmed","1","1","66","1","3","1","0","0","0","direct_call","direct_call","c13e3be1af3b6e8531d882b0bd7ec14ba60c931a4f5cbb67995ddd4da40037b8","c13e3be1af3b6e8531d882b0bd7ec14ba60c931a4f5cbb67995ddd4da40037b8","112de343da3641c2ca35b7c42eccb734e63b08c4f270c4c9d2228dc0ccd8ff77","0x800B6E5C","structural"
"0x800b3d34","MissionScript_ResetAndStartLevel","confirmed","1","1","58","1","3","1","1","1","0","direct_call+overlay","direct_call+overlay","078b1ee598deaa297f009a61fce9b7f6c1eba6fc602ff7671f8c6f0939c82d67","078b1ee598deaa297f009a61fce9b7f6c1eba6fc602ff7671f8c6f0939c82d67","6061cea225d4ae65c0ba2f6fa478c471bbef467bfa18cd255add53bd2e52a183","0x800B6F64","structural"
"0x800b3e1c",,,"1","1","81","2","0","1","0","0","0","direct_call","direct_call","479595a958807e1074888efec271f4a380a4d0b21b750e2735e566cbf4ffb395","479595a958807e1074888efec271f4a380a4d0b21b750e2735e566cbf4ffb395","f78b86d31e280cbe2f7a5fd367ce573e09d456546a25792f9f81447c922f99a9","0x800B704C","exact"
"0x800b3f60",,,"1","1","40","1","0","1","0","0","0","direct_call","direct_call","9a60ba4feab831779feb6b77272ce8991f85fb9e99e428192f787b5fc1074b24","9a60ba4feab831779feb6b77272ce8991f85fb9e99e428192f787b5fc1074b24","45c43c014311329291948d964b689351b8bc1514a402c0a82ac096c804c3eb88","0x800B7190","exact"
"0x800b4000",,,"1","1","13","2","0","1","0","0","0","direct_call","direct_call","c0e632e964f8b1e2e183180a67444eee8a765c3b5d31add5436f1249a7b4951c","c0e632e964f8b1e2e183180a67444eee8a765c3b5d31add5436f1249a7b4951c","209bd15d39f1f24b3c8f674951c9fe2aeece4ba96dfae9fe0e6dcc7b35e882a5","0x800B7230","exact"
"0x800b4034",,,"1","1","155","1","2","1","0","0","0","direct_call","direct_call","e6a168dbe844105db9d96c8ce96d92ff549146c73b2ca145eb7e67a1e28c3ec2","e6a168dbe844105db9d96c8ce96d92ff549146c73b2ca145eb7e67a1e28c3ec2","1016c2e7ee4a34d297acc88a42d1e27ced2c4c3dfc590d5e9b517db161b8d3dc","0x800B7264","structural"
"0x800b42a0",,,"1","1","21","2","1","1","0","0","0","direct_call","direct_call","03a636c4380f2a0d4caf552ecb22e6985eb550b8726989bb167658b6b5a8f060","03a636c4380f2a0d4caf552ecb22e6985eb550b8726989bb167658b6b5a8f060","9cffbfb104cbe1ad389af5b19e4fccfe6efc3b1b25a9ca9c811837bcb7106349","0x800B74D0","structural"
"0x800b42f4",,,"1","1","242","1","3","1","0","0","0","direct_call","direct_call","22172bf56a4effde2dbd4e6a98114aa43a359f2955b0d5881b1cd55a095deb6b","22172bf56a4effde2dbd4e6a98114aa43a359f2955b0d5881b1cd55a095deb6b","9fa6b8c0262e4e16dad756e82d5b517ea5207582b56f4b466f8982fc42408243","0x800B7524","structural"
"0x800b46bc",,,"1","1","330","1","0","1","0","0","0","direct_call","direct_call","c0693082bbfe50a332bf35d0ea46755966380671f89b198fcad163fbae71ed24","c0693082bbfe50a332bf35d0ea46755966380671f89b198fcad163fbae71ed24","71a9b4a9bf795768206cba467285777920f42ee8d33330a38bca8a01bff0d79f","0x800B78EC","structural"
"0x800b4be4",,,"1","1","721","2","5","1","0","0","0","direct_call","direct_call","7fb1a6ed6abf75e00f46f8afee297fe996062218f19fb48dd69a441abca93ebe","7fb1a6ed6abf75e00f46f8afee297fe996062218f19fb48dd69a441abca93ebe","78894a1ca75f7e9a17e3fc83a8f7c7a097aa628fa21fd1c6f0c4df67e6c68a5f","0x800B7E14","structural"
"0x800b5728",,,"1","1","291","1","2","1","0","0","0","direct_call","direct_call","80f8ae2b8a7560619405bee61c324d30b05a35e298bb22f5fc289acc71d4a419","80f8ae2b8a7560619405bee61c324d30b05a35e298bb22f5fc289acc71d4a419","1abff3417020bf734b377e09e3c41e8d39ff57b7c6f5b0a03cf7c0b33609190f","0x800B8958","structural"
"0x800b5bb4",,,"1","1","31","2","3","1","0","0","0","direct_call","direct_call","877d0bd248561fc434aa7ecfb5566642cf4d77ca95c05a19845b3e5d401ae253","877d0bd248561fc434aa7ecfb5566642cf4d77ca95c05a19845b3e5d401ae253","25cde76492b56ab4004c468141319a0fd5aff684b0ea57391a92f454bdfc0a59","0x800B8DE4","structural"
"0x800b5c30",,,"1","1","906","1","9","1","0","0","0","direct_call","direct_call","399b3370f292c8837971e69394a643dc578fc3e7c0339094fa5a2b0a980ed3ce","399b3370f292c8837971e69394a643dc578fc3e7c0339094fa5a2b0a980ed3ce","a8ea8afebeadb848f2a56b13278c1573bde2d5485090770c276e7aa718d00ebd",,
"0x800b6a58",,,"1","1","300","1","0","1","0","0","0","direct_call","direct_call","94ff9a565d00df07e44f003f0a5476b2843ac5296bfef9b3898edc7532946a71","94ff9a565d00df07e44f003f0a5476b2843ac5296bfef9b3898edc7532946a71","b5aa6ae6fbc8cee5114efe114be4ae092788029313b8f82f9ba7388c07d1973a","0x800B9C64","structural"
"0x800b6f08",,,"1","1","496","1","1","1","0","0","0","direct_call","direct_call","ad088bffd07d60c14f29621ec3c7b7b65349dcb3951766e1d89d5a9cc29212de","ad088bffd07d60c14f29621ec3c7b7b65349dcb3951766e1d89d5a9cc29212de","5c156b6a4ff878b5ada7731b98e2a293aabae778ba3feb3818c738fe4dbfadc4","0x800BA114","structural"
"0x800b76c8",,,"1","1","93","1","0","1","0","0","0","direct_call","direct_call","c62913c6680fb213d2a238da12edca3b8b01e99aba24f33137806cdeed660ab9","c62913c6680fb213d2a238da12edca3b8b01e99aba24f33137806cdeed660ab9","dce8be304dcd1328f0588f664306e181a5b9eddb791382d4c3e9c57dfd644370","0x800BA8D4","structural"
"0x800b783c",,,"1","1","291","1","1","1","0","0","0","direct_call","direct_call","f861325f3f63784e33da7e816b010e9c070b02ef0bf77e907581d19149ff382e","f861325f3f63784e33da7e816b010e9c070b02ef0bf77e907581d19149ff382e","5b9d2edb0977e00eb9b2e4376503397357b37051fae268759710998d43737ea2","0x800BAA48","structural"
"0x800b7cc8",,,"1","1","209","1","2","1","0","0","0","direct_call","direct_call","549563a9adabaed85ff41a36e468a29fd4dca420aba1ab8e27db2abaf354f861","549563a9adabaed85ff41a36e468a29fd4dca420aba1ab8e27db2abaf354f861","30ff0dff489e0bed2b0d049be13f81f91e966734edc089b21a0cc01afe59f230",,
"0x800b800c",,,"1","1","58","1","2","1","0","0","0","direct_call","direct_call","79f9432bbe9ffc0b593e1e820066cefdc55a8c25d6245430699e64358bebd775","79f9432bbe9ffc0b593e1e820066cefdc55a8c25d6245430699e64358bebd775","85da40fdd06c850af6854de3de0bac9da88e36f424823ec7119da5546f9c6d54","0x800BB1C4","structural"
"0x800b80f4",,,"1","1","468","1","2","1","0","0","0","direct_call","direct_call","afc7c79a2620a04aadf5224edcc2be1f72f5922f46feb3f38fe8b4a9bd8156cd","afc7c79a2620a04aadf5224edcc2be1f72f5922f46feb3f38fe8b4a9bd8156cd","f3e472c29de0e3d84a64f146e8f4ecc629027bdce9b3216d8a67f2da6c35779e","0x800BB2AC","structural"
"0x800b8844",,,"1","1","51","1","3","1","0","0","0","direct_call","direct_call","a3f2bbc540282eddec7509ab34b2462b21e73f0934cc03a2b25884356793421d","a3f2bbc540282eddec7509ab34b2462b21e73f0934cc03a2b25884356793421d","4755c9ea344b2230477483f3cca90be0b03623c039d1cfea096d969cdd562c4e","0x800BB9FC","structural"
"0x800b8910",,,"1","1","18","1","1","1","0","0","0","direct_call","direct_call","33deec5c8d3bc829148ce9f13825bcdb441b63c81d8685e62e114b2a354c6223","33deec5c8d3bc829148ce9f13825bcdb441b63c81d8685e62e114b2a354c6223","921883f774d870d4853f9fb1c5a48217a202925abcb7c650092640501612524a","0x800BBAC8","structural"
"0x800b8958",,,"1","1","67","3","0","1","0","0","0","direct_call","direct_call","f729c52658cc37852af61d25b08fe21489427c86a747c7ae422924ae945587d8","f729c52658cc37852af61d25b08fe21489427c86a747c7ae422924ae945587d8","75a1199da9b1c615b606eabe28400e0387422a932c78f824c7f8b90df593ce96","0x800BBB10","structural"
"0x800b8a64",,,"1","1","147","1","1","1","0","0","0","direct_call","direct_call","aa7c9fd154054fb3341ec5d1202da2d87916751c257d3da47afa6859cc3f3b52","aa7c9fd154054fb3341ec5d1202da2d87916751c257d3da47afa6859cc3f3b52","15a32452284b1f235547688ed7ead339697cd621849a9ce4037cb9536aab007e",,
"0x800b8cb0",,,"1","1","116","1","0","1","0","0","0","direct_call","direct_call","f2f0b6040603d3d09ec97b7901d85a8742c2b550b16d939b84f80b69a7bc257d","f2f0b6040603d3d09ec97b7901d85a8742c2b550b16d939b84f80b69a7bc257d","7c757aa78becc21150612f6d3ec48d8f5770e2a955531812a47af975a2f6296a","0x800BBC1C","structural"
"0x800b8e80",,,"1","1","3","1","0","1","0","0","0","direct_call","direct_call","98d400c8901ba67f75f0353211f293e4407ca05dbfbfcfbf34fe9329c311360c","98d400c8901ba67f75f0353211f293e4407ca05dbfbfcfbf34fe9329c311360c","d0bde885a68b67c8be25e11530e09bf6f04e7889046920763c9478db109e229b",,
"0x800b8e8c",,,"1","1","38","1","0","1","0","0","0","direct_call","direct_call","58e2cd555cfc82bd2fe58349f681c95a0c2fc72275e93484774fd0ddc8949270","58e2cd555cfc82bd2fe58349f681c95a0c2fc72275e93484774fd0ddc8949270","5f6a25d544df817815202593ee336dcc725a889d89887e895faaf14cffca0275","0x800BBDF8","structural"
"0x800b8f24",,,"1","1","9","1","0","0","0","0","0","direct_call","direct_call","9f7f84913ecfc7b2aa5870828cd0b25f892ffaf2507f11acd20f28ebe8d8128a","9f7f84913ecfc7b2aa5870828cd0b25f892ffaf2507f11acd20f28ebe8d8128a","25591863cbc10daf2923b82edfa8b6406d39ffee857a3f38d6df49f8d10df669","0x800BBE90","structural"
"0x800b8f48",,,"1","1","104","0","0","1","0","0","0","prologue_only","prologue_only","c17efc65a411256c24776349166fbd8659becfcb5730566e02662ba968232dc7","c17efc65a411256c24776349166fbd8659becfcb5730566e02662ba968232dc7","073164f91217dc94490163c8cee41eeb26d1b6efa4709f1a8e9da16e6ba3b504","0x800BBEB4","structural"
"0x800b90e8",,,"1","1","3","8","0","0","0","0","0","direct_call","direct_call","e357a0ea1f729295cd9b79987c31155ef3bd525b44a6e5830748704183207edd","e357a0ea1f729295cd9b79987c31155ef3bd525b44a6e5830748704183207edd","b15f3d088d6fff2aa6246b246f735f4543853bbacc8cbf3d19eeaf272a41e055","0x800BC054","exact"
"0x800b90f4",,,"1","1","77","0","0","1","0","0","0","prologue_only","prologue_only","dcc55ca465f4b5a2d11af4841f654e0644cd456221139b8bcc7e1a0463b25391","dcc55ca465f4b5a2d11af4841f654e0644cd456221139b8bcc7e1a0463b25391","41605e3fc930904f3000516c3d9b6a62fb90ff4cc96d155ec78f732eff2561c4","0x800BC060","structural"
"0x800b9228",,,"1","1","305","2","6","1","0","0","0","direct_call","direct_call","7efd167c01c331c8aa6455fbee395d195dc1fdf5f025d0d771e5db84cab83742","7efd167c01c331c8aa6455fbee395d195dc1fdf5f025d0d771e5db84cab83742","c10cd0246e6f4fc19812345e3f52ed03aa0d08162c09bd1cff3515b845e64ac4","0x800BC194","structural"
"0x800b96ec",,,"1","1","37","2","3","1","0","0","0","direct_call","direct_call","d6c7bf70fbb3b09d90977039955793e9dee7694890b7d72f48ccfb3c60128961","d6c7bf70fbb3b09d90977039955793e9dee7694890b7d72f48ccfb3c60128961","0226c29ca406983ae57deca5c007ea59ef07ba29a4c930e1f669933c781e31d9","0x800BC658","structural"
"0x800b9780",,,"1","1","59","2","2","1","0","0","0","direct_call","direct_call","9399140902ef6955c8901fd2750c381c0adab2437cf3f70dd4f05b76eb7eb3b0","9399140902ef6955c8901fd2750c381c0adab2437cf3f70dd4f05b76eb7eb3b0","6a42c015e1cb47a4d2de1eec95ee51f68cc4f6aace0434b3422155a164052843","0x800BC6EC","structural"
"0x800b986c",,,"1","1","59","2","2","1","0","0","0","direct_call","direct_call","a8be9a641b9a79adc02a13c8fba73e8e15b16444aced34fdebacf719947753fd","a8be9a641b9a79adc02a13c8fba73e8e15b16444aced34fdebacf719947753fd","63b734e764783ec7e0ff618d98493df59969529ee8c420a14cf1d93d4c30f10e","0x800BC7D8","structural"
"0x800b9958",,,"1","1","39","5","2","1","0","0","0","direct_call","direct_call","fabc54c3e041e9cda59ebe5e3d8d66ea6e79b5b0ef0d591f971618499729128a","fabc54c3e041e9cda59ebe5e3d8d66ea6e79b5b0ef0d591f971618499729128a","61e65ba7cc0c2cce0d593d0d45565d02cdfcc52ae7cb0a642657670d3cf58f6b","0x800BC8C4","structural"
"0x800b99f4",,,"1","1","25","5","1","1","0","0","0","direct_call","direct_call","cea8fa7cd2e9f57fe1997b57e3136eebbea585195fd168d98edfdda1c95aa3e8","cea8fa7cd2e9f57fe1997b57e3136eebbea585195fd168d98edfdda1c95aa3e8","ee9965a63d50b259ff2d178a4e842827f3e33397cb1297a881ac7eb4c4796545","0x800BC960","structural"
"0x800b9a58",,,"1","1","20","1","0","1","1","1","0","direct_call+overlay","direct_call+overlay","96b0dca3b6662e8f8743099c89399bf032a6708621e9030aa6535d6f0b89c642","96b0dca3b6662e8f8743099c89399bf032a6708621e9030aa6535d6f0b89c642","93dfd172b0a38f2284a7f61cbe50d1e10c9f8311de7a7a17de3d024bbe5f9856","0x800BC9C4","structural"
"0x800b9aa8",,,"1","1","64","1","2","1","0","0","0","direct_call","direct_call","45ec64354fdc31263ba683d26da63e1e8109d91df7d85af06f67beaec1ff11f0","45ec64354fdc31263ba683d26da63e1e8109d91df7d85af06f67beaec1ff11f0","3b5c230233a5c68331942e5e8177615298f3bd90d4c70794f0180675da800f49","0x800BCA14","structural"
"0x800b9ba8",,,"1","1","42","1","0","1","0","0","0","direct_call","direct_call","2d6450b4a9a20c260985ce979546ba6f6d8c880dc21e45f1dce59f3513419151","2d6450b4a9a20c260985ce979546ba6f6d8c880dc21e45f1dce59f3513419151","da7a52604d4863e89974cabaea9fbaefd31a2e689af54dbe76f7c8e0bf0d4e09","0x800BCB14","structural"
"0x800b9c50",,,"1","1","153","5","0","1","0","0","0","direct_call","direct_call","cad1a848a0fa136684037f2be1002125284f8e4d16882ac54cfc75dff280df4d","cad1a848a0fa136684037f2be1002125284f8e4d16882ac54cfc75dff280df4d","3b0f9f04e29bc125dd0a319a392768154ff066c0542685b8c3042349b6d72556","0x800BCBBC","structural"
"0x800b9eb4",,,"1","1","286","1","3","1","0","0","0","direct_call","direct_call","c7ea853fc3ff0d1b9cf6d9beea7ee274d9bff0683dd542f0278edad7d2132933","c7ea853fc3ff0d1b9cf6d9beea7ee274d9bff0683dd542f0278edad7d2132933","b11cb6f07619f7fdbe3f0356611ce3bfa8ed7949c2818a1e9f280d0abeb9ce29","0x800BCE20","structural"
"0x800ba32c",,,"1","1","212","1","0","1","0","0","0","direct_call","direct_call","341d8b307d6705fc28866df56cdf14bef4583eccc0c8ccff937d9663b350e6db","341d8b307d6705fc28866df56cdf14bef4583eccc0c8ccff937d9663b350e6db","2df81b56e0d5bc676b90bd089345d7e3eb0777977e39c9b141a7d5c6f56717a6","0x800BD298","structural"
"0x800ba67c",,,"1","1","95","2","2","1","0","0","0","direct_call","direct_call","e8ae2f81fe6e5bd530e160f0cca80841072e9fbf43323c06599016d3a1302c7e","e8ae2f81fe6e5bd530e160f0cca80841072e9fbf43323c06599016d3a1302c7e","2fd4746a43a9db4f5d90e513eadad7f80861c22f1255625ed877642fb0405ee9","0x800BD5E8","structural"
"0x800ba7f8",,,"1","1","989","1","15","1","0","0","0","direct_call","direct_call","38ed06b0424ce14934d08671b060bca7ca3a19a5a2d6b79970d13719a4b99d3d","38ed06b0424ce14934d08671b060bca7ca3a19a5a2d6b79970d13719a4b99d3d","22da69df19f11e5c4a5b74e5488eea8438cb1ed81ce2bc80f78d500f088a9242","0x800BD764","structural"
"0x800bb76c",,,"1","1","42","2","0","1","0","0","0","direct_call","direct_call","ca0f240bf1db31ea66cee0433890100947dddd8389aa14881e03cf165b7809ab","ca0f240bf1db31ea66cee0433890100947dddd8389aa14881e03cf165b7809ab","85671b27021cca3cb7460e325d17891d2febab49a57f369745d0dbc1a00ca7c5",,
"0x800bb814",,,"1","1","42","1","0","1","0","0","0","direct_call","direct_call","f4240950cbe458136f6d566de12c3ab8315e0c6e440b9702cd7ede89c3d31877","f4240950cbe458136f6d566de12c3ab8315e0c6e440b9702cd7ede89c3d31877","85671b27021cca3cb7460e325d17891d2febab49a57f369745d0dbc1a00ca7c5",,
"0x800bb8bc",,,"1","1","104","2","2","1","0","0","0","direct_call","direct_call","bfeaa4bb2b92e66cf4ea8c47b6729908d49f8bd25580016a4161563dcb9ad8f5","bfeaa4bb2b92e66cf4ea8c47b6729908d49f8bd25580016a4161563dcb9ad8f5","b818570bba595cb7f69fbbcf64b783023c2ea8d8760f2746213016e9d4fe021a","0x800BE828","structural"
"0x800bba5c",,,"1","1","24","8","0","1","0","0","0","direct_call","direct_call","012d078419334461f0b69684715ccd5da01ea59da39f78e2639faff3d2e4a5aa","012d078419334461f0b69684715ccd5da01ea59da39f78e2639faff3d2e4a5aa","046b163fa9c19ef58c9657d430c278c16aab5e6a439eb470ab6e88fd0c8f02d8","0x800BE9C8","structural"
"0x800bbabc",,,"1","1","736","1","3","1","0","0","0","direct_call","direct_call","fece51c4eff62f409a1aff2cf98d72d29745893f8fa3f00671114ede92cc0664","fece51c4eff62f409a1aff2cf98d72d29745893f8fa3f00671114ede92cc0664","0a1938779d48851b3cae6214e02cfd0b4ab3108762a836eae2e863ee6944ba23","0x800BEA28","structural"
"0x800bc63c",,,"1","1","99","1","1","1","0","0","0","direct_call","direct_call","624c7c28228c6d67bc997b53750a9e5396977fc2ec0b03848ed08319301d407f","624c7c28228c6d67bc997b53750a9e5396977fc2ec0b03848ed08319301d407f","185fa83f8affaee202abf71566de5884d0a16793f5a3c3f79b4515401b9e131d","0x800BF5A8","structural"
"0x800bc7c8",,,"1","1","141","6","5","1","0","0","0","direct_call","direct_call","af898273570627cfe419f56fd90215e52c4b778465e800d8a95e07194030b45b","af898273570627cfe419f56fd90215e52c4b778465e800d8a95e07194030b45b","97ba8659ce1e5eaaba02dd4adc1dbdf03b98bc25059265ff8457b3df45544fa6","0x800BF734","structural"
"0x800bc9fc",,,"1","1","145","1","3","1","0","0","0","direct_call","direct_call","d96e4448bbdf4be0a0cdc9b91b8eee1ded06c31c175878e86a5a904dab63733d","d96e4448bbdf4be0a0cdc9b91b8eee1ded06c31c175878e86a5a904dab63733d","9b8e8ddf2a4d3010849096475c0ea75d7498c1bcf88b3fc580578dfbfd5c66c8","0x800BF968","structural"
"0x800bcc40",,,"1","1","82","1","2","1","0","0","0","direct_call","direct_call","3a02b81a015e30b891e32a3e361f5a8b8ba9ab2e93e4d9f05c81cdd8c41fc626","3a02b81a015e30b891e32a3e361f5a8b8ba9ab2e93e4d9f05c81cdd8c41fc626","c03eb7eed1bdab09bfd9d3c0177f1822e4da865ecabf935ea386bb14b37629f1","0x800BFBAC","structural"
"0x800bcd88",,,"1","1","99","1","1","1","0","0","0","direct_call","direct_call","f39495cf002b6e70b1a77f0225c6c108fc31c976540cbdb0155f5b97d85ab343","f39495cf002b6e70b1a77f0225c6c108fc31c976540cbdb0155f5b97d85ab343","03500a28050b7c6b459b41195f284bbba547d5939ddee120da107a4aaf65276e","0x800BFCF4","structural"
"0x800bcf14",,,"1","1","8","1","1","1","0","0","0","direct_call","direct_call","86e1fba467fbe09db67e9c5663cf7a6e4158388038e43b60d3ed80d32538b1b8","86e1fba467fbe09db67e9c5663cf7a6e4158388038e43b60d3ed80d32538b1b8","8c1e91035aaaa7836eb43a06a422b4cb13b35519bf86b31a03d355d9a8b1e0d3",,
"0x800bcf34",,,"1","1","8","1","1","1","0","0","0","direct_call","direct_call","75c759b58d555b7e680e42215be32c6a210ad1e1ba77095adcb8188a8e86727b","75c759b58d555b7e680e42215be32c6a210ad1e1ba77095adcb8188a8e86727b","8c1e91035aaaa7836eb43a06a422b4cb13b35519bf86b31a03d355d9a8b1e0d3",,
"0x800bcf54",,,"1","1","8","1","1","1","0","0","0","direct_call","direct_call","fd3987991876e179a62a5ad6a0b497457ba4777540a331c75c44225b212b77fa","fd3987991876e179a62a5ad6a0b497457ba4777540a331c75c44225b212b77fa","8c1e91035aaaa7836eb43a06a422b4cb13b35519bf86b31a03d355d9a8b1e0d3",,
"0x800bcf74",,,"1","1","8","1","1","1","0","0","0","direct_call","direct_call","b2532d661c082f2b91303521570a2cdfc54300d9f242c67050f571c606182f6f","b2532d661c082f2b91303521570a2cdfc54300d9f242c67050f571c606182f6f","8c1e91035aaaa7836eb43a06a422b4cb13b35519bf86b31a03d355d9a8b1e0d3",,
"0x800bcf94",,,"1","1","8","1","1","1","0","0","0","direct_call","direct_call","ac367465b4568ff91072256d56fffb2a5b74a2112107f9d7edadfa69bb1153ac","ac367465b4568ff91072256d56fffb2a5b74a2112107f9d7edadfa69bb1153ac","8c1e91035aaaa7836eb43a06a422b4cb13b35519bf86b31a03d355d9a8b1e0d3",,
"0x800bcfb4",,,"1","1","195","1","1","1","0","0","0","direct_call","direct_call","679cd0610e6da209ca77e46bd00ef0ae0790dafd893311deabb8ab2d3e6dfb1c","679cd0610e6da209ca77e46bd00ef0ae0790dafd893311deabb8ab2d3e6dfb1c","09f03027755390ed0aff6c72461002577bf75e5a7b75f476b1e9062e815e4db5","0x800BFF20","structural"
"0x800bd2c0",,,"1","1","131","1","3","1","0","0","0","direct_call","direct_call","cb7fca1d8b442bc66fa4d8c1ae2c78c58e6f184bac34d89bf4f4ce08ac57e954","cb7fca1d8b442bc66fa4d8c1ae2c78c58e6f184bac34d89bf4f4ce08ac57e954","f81935ea5b114e77b3897a33c158e40bf15e1d65240c2ce72962e52ae3ddd9b7",,
"0x800bd4cc",,,"1","1","286","1","2","1","0","0","0","direct_call","direct_call","bd7ccf00a19640bb96c43c5709f35b490d5865ce7a733b6a476d38ede1af64b4","bd7ccf00a19640bb96c43c5709f35b490d5865ce7a733b6a476d38ede1af64b4","dd7e0453799df29ba18da5dbec842905f74952ee004c439460024e8366c4a5d1","0x800C03FC","structural"
"0x800bd944",,,"1","1","226","2","10","1","0","0","0","direct_call","direct_call","9f7e3b7ce535db6764ed041c426af541def06f5f15f023d4ab7297a8fc3027a1","9f7e3b7ce535db6764ed041c426af541def06f5f15f023d4ab7297a8fc3027a1","cf569cdff34d601b13073c1b5490717312c244da5326e76c5b311169faecf0fe","0x800C0874","structural"
"0x800bdccc",,,"1","1","35","1","1","1","0","0","0","direct_call","direct_call","3806d675c575986a125575e161e446544852150ea8ac1eb17a0b2d3ac5e7d927","3806d675c575986a125575e161e446544852150ea8ac1eb17a0b2d3ac5e7d927","bebcab51b7289bcc92343813ff6f790740d6d39423a0deed3f207b8375d8cab0","0x800C0BFC","structural"
"0x800bdd58",,,"1","1","240","19","3","1","0","0","0","direct_call","direct_call","a8ae121e879dcd37254f18be79b68e887aaacfb383bda2e8cc26ec96275d66bf","a8ae121e879dcd37254f18be79b68e887aaacfb383bda2e8cc26ec96275d66bf","04707093965698e12447024fd228305ad2b1acb9664156225e134435d1bcde95","0x800C0C88","structural"
"0x800be118",,,"1","1","49","6","3","1","0","0","0","direct_call","direct_call","94f5bca7ad7ebccb587911b71706ecd7cda9b948296da240d42ef7ad25d00a5d","94f5bca7ad7ebccb587911b71706ecd7cda9b948296da240d42ef7ad25d00a5d","98b73dea8a3861a0037ccb5dfc6d6d312858e564d23a4c4bfe15bbbd2f980c6c","0x800C1048","structural"
"0x800be1dc",,,"1","1","30","1","1","1","0","0","0","direct_call","direct_call","543b338bb0b44bcb5bcaf0937f9dafda17e775d8821e1b52df8b7fd6946f6835","543b338bb0b44bcb5bcaf0937f9dafda17e775d8821e1b52df8b7fd6946f6835","1758823c49d65593e12384363e182cd758bcc28fdc70d13fea0f7c34a3c1d013","0x800C110C","structural"
"0x800be3d4",,,"1","1","72","4","2","1","0","0","0","direct_call","direct_call","54569a4e4186c14a7ffe7aad779f1780649a32daab60833067d136c881487bef","54569a4e4186c14a7ffe7aad779f1780649a32daab60833067d136c881487bef","b8d885748abcbc256f84cb9a6c8abf0b09e80f8ce8e5135c9ed87484e116862d","0x800C1304","structural"
"0x800be4f4",,,"1","1","38","4","2","1","0","0","0","direct_call","direct_call","fd1b13778b1404475821f720d265970284d7a648f93342d42d96ed7941eb8a1f","fd1b13778b1404475821f720d265970284d7a648f93342d42d96ed7941eb8a1f","245a8e65b5ade51f8488bf958c28fb9862f58328f94b764bc7129ac3ebcdcf5d","0x800C1424","structural"
"0x800be58c",,,"1","1","359","1","6","1","0","0","0","direct_call","direct_call","5d9f950ed56fb6352e28456e561950320a12d548b3b9a4cd20421c92a39bb9c0","5d9f950ed56fb6352e28456e561950320a12d548b3b9a4cd20421c92a39bb9c0","ff2770585e4845ce246b99cdbc8d5284a869d7b296073244cb461637074a5e07","0x800C14BC","structural"
"0x800beb28",,,"1","1","255","1","7","1","0","0","0","direct_call","direct_call","184c7a56de63d47651a205edebf3b16d587522f00fc201a2a6fb615d48a0bf97","184c7a56de63d47651a205edebf3b16d587522f00fc201a2a6fb615d48a0bf97","a0906e983116f285e31e5f251cedc5c19f426dce888052681c54e689bdbafe85","0x800C1A58","structural"
"0x800bef24",,,"1","1","21","1","3","1","0","0","0","direct_call","direct_call","ce80d9e4a9326ba3ad093efa546be9c488dfd25a99c27720091ebba967d7dea8","ce80d9e4a9326ba3ad093efa546be9c488dfd25a99c27720091ebba967d7dea8","09906c65d8d3e69a5aba85105232d3c70b843e3af9ff5e5ece0e36cfc8653ac8","0x800C1E54","structural"
"0x800bef78",,,"1","1","97","3","0","1","0","0","0","direct_call","direct_call","3a40e44d0920bb9a56215f65c77bafc5ea4b070cd0a551f9d137f73da0610f98","3a40e44d0920bb9a56215f65c77bafc5ea4b070cd0a551f9d137f73da0610f98","593c423347a06730f22ecff652109f65fb0b6c28ff7051037d37f5956436b4da",,
"0x800bf0fc",,,"1","1","84","1","1","1","0","0","0","direct_call","direct_call","3bac262938f7a0a203f7943faba80bf1dbda5962bc7ee3cdfca4e53c3cf8745e","3bac262938f7a0a203f7943faba80bf1dbda5962bc7ee3cdfca4e53c3cf8745e","f2898ebe2ee568e522bdb020b38b19101ba5b06adc8256d69a79390cbf13d00c","0x800C1F04","structural"
"0x800bf24c",,,"1","1","608","1","11","1","0","0","0","direct_call","direct_call","c29d07c1ff1adeb9744a26d2e9a64c1cb44b2b8a4f1118842ccc954021af2208","c29d07c1ff1adeb9744a26d2e9a64c1cb44b2b8a4f1118842ccc954021af2208","51f018d1b9b55d9afbf830ab370066e3066d1d2a8ff97a5f3fa88ee8ee0ebaae","0x800C2054","structural"
"0x800bfbcc",,,"1","1","147","1","3","1","0","0","0","direct_call","direct_call","7e667d76364bfbbbb0fe18a4afa7840e165b4bf3f491f5ddf82531fa48e10c18","7e667d76364bfbbbb0fe18a4afa7840e165b4bf3f491f5ddf82531fa48e10c18","3265de7b42402125eb2924322f88612ec2f97e5fc98d9d061f0f45075c7eeaa7",,
"0x800bfe18",,,"1","1","45","1","2","1","0","0","0","direct_call","direct_call","18121aed65f05e2a2ab9cde2bd72a147591888936eb937271bf4e05c5153e1e2","18121aed65f05e2a2ab9cde2bd72a147591888936eb937271bf4e05c5153e1e2","70af3e26f93c695e957e8737eed8b9ad058836fd6a90ac186f84c4630c641408","0x800C2C30","structural"
"0x800bfecc",,,"1","1","41","1","1","1","0","0","0","direct_call","direct_call","21db00eeaf212f7151012b853e2038e3e2b59e143521f697f83f1b21f8f2562e","21db00eeaf212f7151012b853e2038e3e2b59e143521f697f83f1b21f8f2562e","17ff91a61c374822f6393a462d2c8dfabbc2400b3b63e56a5008be505d08df56","0x800C2CE4","structural"
"0x800bff70",,,"1","1","44","1","1","1","0","0","0","direct_call","direct_call","65e1988c5fd9e79bd31270c17782bed04bb6b012709fcedbfd8ed50709628819","65e1988c5fd9e79bd31270c17782bed04bb6b012709fcedbfd8ed50709628819","4742728e501173bb3a76cfbcfb00e73819cbedb5f353c4b537d9f337a213c671","0x800C2D88","structural"
"0x800c0024",,,"1","1","61","0","0","1","0","0","0","prologue_only","prologue_only","8edc74af2e933b58ecf47861c588e6009c3bf1433795271812de3c5fd1dffacb","8edc74af2e933b58ecf47861c588e6009c3bf1433795271812de3c5fd1dffacb","64a68ce959879791cb2ccbf4249ad4e4a7bc70b28ceb7eb44c5f418ddf0277b1","0x800C2E3C","exact"
"0x800c011c",,,"1","1","64","0","0","1","0","0","0","prologue_only","prologue_only","c1164761bd87550cebf26e6b465075119fae49bc950085cbd5398405eccfd7dc","c1164761bd87550cebf26e6b465075119fae49bc950085cbd5398405eccfd7dc","9cbb7fdcf2675f36ce5595409349fedad09d75c8b412799113373f34efdc5428",,
"0x800c0220",,,"1","1","64","0","0","1","0","0","0","prologue_only","prologue_only","c1164761bd87550cebf26e6b465075119fae49bc950085cbd5398405eccfd7dc","c1164761bd87550cebf26e6b465075119fae49bc950085cbd5398405eccfd7dc","9cbb7fdcf2675f36ce5595409349fedad09d75c8b412799113373f34efdc5428",,
"0x800c0324",,,"1","1","60","0","0","1","0","0","0","prologue_only","prologue_only","826f38a127b13bc958b8565c74866e99c444a9a5c2c5bdd0bafa9eed31da8380","826f38a127b13bc958b8565c74866e99c444a9a5c2c5bdd0bafa9eed31da8380","5e58b84529e7c041ad63638880042c5bc9f4538d9d7f9ae3b4528832da5e5367","0x800C313C","exact"
"0x800c0418",,,"1","1","61","0","0","1","0","0","0","prologue_only","prologue_only","d23fb669fe04d6482e22752c5dad9f71b7df66e134a8dff810adb34b3317dfba","d23fb669fe04d6482e22752c5dad9f71b7df66e134a8dff810adb34b3317dfba","da7bbba5b0d4345b6ee7d5fe04d218ab98ed33179716f79a00ca746dd5e6c3e2","0x800C3230","exact"
"0x800c0510",,,"1","1","61","0","0","1","0","0","0","prologue_only","prologue_only","1092f74e7ab87b3c147fdc146318afc6c5be5e904af62fea995b61fb9b56e8ee","1092f74e7ab87b3c147fdc146318afc6c5be5e904af62fea995b61fb9b56e8ee","d4213c245f387f43edd98807d6359b37ac6aa4222f37be7a97ca89f1be6c4c04","0x800C3328","exact"
"0x800c0608",,,"1","1","61","0","0","1","0","0","0","prologue_only","prologue_only","05748972a75aae9dca5a8102f786db07e04efce5f52f5d242c0d61a4a8886306","05748972a75aae9dca5a8102f786db07e04efce5f52f5d242c0d61a4a8886306","ba49686e790f40fea303faa920e3f19ba320ba57a0579622c4ea61af2cd09c42",,
"0x800c06fc",,,"1","1","22","1","0","1","0","0","0","direct_call","direct_call","043dde2207b81e2850fb6f932f3e98c0af83f45e8324c6c314e934f5dbffcd4a","043dde2207b81e2850fb6f932f3e98c0af83f45e8324c6c314e934f5dbffcd4a","bc4189e08718c198c8f0a52dabddde17dee6d70b8e5581b1374422633439f881","0x800C3514","exact"
"0x800c0754",,,"1","1","440","2","8","1","0","0","0","direct_call","direct_call","f18ab552cdfc63e15ad8432c933f7b79211233c737a16bc7ba973c11f20a703d","f18ab552cdfc63e15ad8432c933f7b79211233c737a16bc7ba973c11f20a703d","cba57f55f2173383b276b9fdfb48c24da61172d4c44e20782ee286091e2952b4","0x800C356C","structural"
"0x800c0e34",,,"1","1","332","2","7","1","0","0","0","direct_call","direct_call","561206ced93aea52920d3e49aa958ba9260353daf1fbdc0a5a7c3ced1671ef5e","561206ced93aea52920d3e49aa958ba9260353daf1fbdc0a5a7c3ced1671ef5e","91fc11774e09045e990abc3a281a00ec4d52ae9eb6ba5ef031d979f0605b7ef7","0x800C3C4C","structural"
"0x800c1364",,,"1","1","528","1","4","1","0","0","0","direct_call","direct_call","30b70f1dce6e0e6a714612f1836a6f1d04da92423883c3852be2a66f2d674bfa","30b70f1dce6e0e6a714612f1836a6f1d04da92423883c3852be2a66f2d674bfa","d8249bf8e57ad24d54cf48e05d6ef3c8ada0785c18721c17f54af69104e4b788","0x800C417C","structural"
"0x800c1ba4",,,"1","1","19","1","0","1","1","1","0","direct_call+overlay","direct_call+overlay","9df6d4c5b5cef1acd5ca576e18df240f19090be0352b2a5c35ce8d1bf68f4a11","9df6d4c5b5cef1acd5ca576e18df240f19090be0352b2a5c35ce8d1bf68f4a11","160ab08b5f178380cb7b5c71fc85a1c1ec58fac3936b5d4f34678586260f420e","0x800C49BC","structural"
"0x800c1bf0",,,"1","1","76","1","1","1","1","1","0","direct_call+overlay","direct_call+overlay","9d51b7c084360cbd221def49e791340402165f71ab36f2f30ae5db0d5cdc9f8f","9d51b7c084360cbd221def49e791340402165f71ab36f2f30ae5db0d5cdc9f8f","7befa83f7577f1d4e2e4d1fdeeebc0063323d80a4d99567615475eace59f740d","0x800C4A08","structural"
"0x800c1d30",,,"1","1","95","3","0","0","0","0","0","direct_call","direct_call","c89a1225c657434695b69b4a65a8a0aeebd791689546aab6b97ac0c26ede3ad0","c89a1225c657434695b69b4a65a8a0aeebd791689546aab6b97ac0c26ede3ad0","055971bf26ae09cdde041cbbb512cc12f0fdfe16501bf9e6c031e6ca31c903b1","0x800C4B48","exact"
"0x800c1eac",,,"1","1","125","4","2","1","0","0","0","direct_call","direct_call","7debaa29a775b377ec66a6d67f9755b26290bd58631060f7631f2c331f47542a","7debaa29a775b377ec66a6d67f9755b26290bd58631060f7631f2c331f47542a","dbb081d201d0bdd256a6df4fa36fbcd39e3eeb60afa5e5d978b8ea11fde3d558","0x800C4CC4","structural"
"0x800c20f8",,,"1","1","150","2","2","1","1","1","0","direct_call+overlay","direct_call+overlay","492b53acdf3228998a551a16839e7b599456dc5f4bc44053263d6452f5bc294a","492b53acdf3228998a551a16839e7b599456dc5f4bc44053263d6452f5bc294a","957c1879186ce79c76632725b6a61c1d65cbb96b3339fa624011373fbeb59e34","0x800C4F10","structural"
"0x800c2350",,,"1","1","68","2","1","1","1","1","0","direct_call+overlay","direct_call+overlay","b5871ec9fbca8a7d2267f013336cf223396c88d1c3bf1603b0f7bb4b576da5e9","b5871ec9fbca8a7d2267f013336cf223396c88d1c3bf1603b0f7bb4b576da5e9","0c960c0c331d383170bcbb015104e31c3e9e40e8d5e2ee3a33408eaf56577b9c","0x800C5168","structural"
"0x800c2460",,,"1","1","31","2","1","1","1","1","0","direct_call+overlay","direct_call+overlay","ca0f6604327727d60f844955181bb19d1fc63d8335f9f046d6b9d8851ccd6437","ca0f6604327727d60f844955181bb19d1fc63d8335f9f046d6b9d8851ccd6437","60bb11c25013cfc7debff58df7b5eb530ff210a19dffc65dd5207398d3abd4db","0x800C5278","structural"
"0x800c24dc",,,"1","1","126","1","1","1","0","0","0","direct_call","direct_call","432092bc88ff34ee1a0b15bd2227b8d27265e8162a9b83306e514017a0ca8a8d","432092bc88ff34ee1a0b15bd2227b8d27265e8162a9b83306e514017a0ca8a8d","ba0c59abbd9f49944d8f93e34dba309c4ca309034c583ce6202a92decc2beda4","0x800C52F4","structural"
"0x800c26d4",,,"1","1","212","3","3","1","1","1","0","direct_call+overlay","direct_call+overlay","1a14b2675cf0df1660fb314fba891afd44f6e9085471e0e00b5dc1e34e23821f","1a14b2675cf0df1660fb314fba891afd44f6e9085471e0e00b5dc1e34e23821f","e5b5a1bf657f5de8621c4a46ccd6ac07f87cbee8a166abc058ff252cf413207f","0x800C54EC","structural"
"0x800c2a24",,,"1","1","172","0","6","1","0","0","0","prologue_only","prologue_only","383134ec39c016d6d48f38fda3de5ae7f32dd3bf49b288e723d46dffd8912689","383134ec39c016d6d48f38fda3de5ae7f32dd3bf49b288e723d46dffd8912689","6797d0ce6200f9f2a9cf9146f007f315224428533fa512801472be231febd7a6","0x800C583C","structural"
"0x800c2cd4",,,"1","1","102","1","1","1","0","0","0","direct_call","direct_call","de4dd4b564261c3b0674b93df98093ee316e08e7e0359dfe08c140b81cd24973","de4dd4b564261c3b0674b93df98093ee316e08e7e0359dfe08c140b81cd24973","dec668043939b5551785fe79729602ae69c31a31b2daab55e352f0a3b2c67888","0x800C5AEC","structural"
"0x800c2e6c",,,"1","1","14","1","0","1","0","0","0","direct_call","direct_call","874d79cbc7e537e6eda5810487ce8d5d8124e04974041bf0c16281899ef03882","874d79cbc7e537e6eda5810487ce8d5d8124e04974041bf0c16281899ef03882","db99250c75320fc7faa2fea38d71aeb4dd02a7ee422a1c0674d86d3d4e72d4d4","0x800C5C84","structural"
"0x800c2ebc",,,"1","1","333","1","8","1","0","0","0","direct_call","direct_call","cbdda3b1c74441333b7b0bf46ebcbc7f5f7f192e831015eb09d7319035171de3","cbdda3b1c74441333b7b0bf46ebcbc7f5f7f192e831015eb09d7319035171de3","37cd2c444c3a652cabf8cd823ab9951e5d81077b07fa15fdee0efcfa62182fe3",,
"0x800c3490",,,"1","1","4096","1","49","0","0","0","0","direct_call","direct_call","c115a674524f5539f368ab74e823d8b9aefd6f4eb63de6ecc900118177862813","c115a674524f5539f368ab74e823d8b9aefd6f4eb63de6ecc900118177862813","b0a750107ad7d34e246bc496e89b403516f44515b455b4ffd35cb7362fefcd94",,
"0x800efd3c",,,"1","1","302","8","3","1","0","0","0","direct_call","direct_call","50c8c9bf03140ec7219e4bdabdd2a8b453980199581ff78f94010ecd5c6a6534","50c8c9bf03140ec7219e4bdabdd2a8b453980199581ff78f94010ecd5c6a6534","be4757659938c77a7216f1367e29cf5ffeb549edc8260d73bef9d089523c7d94","0x800F2A50","structural"
"0x800f01f4",,,"1","1","25","1","1","1","0","0","0","direct_call","direct_call","56a74c0484a8b3e0a41bb097c0fdf17cab3c00ea891d13c97cb1357bc6da1410","56a74c0484a8b3e0a41bb097c0fdf17cab3c00ea891d13c97cb1357bc6da1410","ffe825dfaab4ea9ba63b67bc2eae56fd94ce7be6fa8c2fddb4c245598fa2719e","0x800F2F08","structural"
"0x800f0258",,,"1","1","19","1","0","1","0","0","0","direct_call","direct_call","0ae282be8466cb3e5915ca3c0c333842e2b6bb84f0c4d77578f70914d7733853","0ae282be8466cb3e5915ca3c0c333842e2b6bb84f0c4d77578f70914d7733853","b9b8450d8eea5320222412133fbc5f9c7e2fb7216f8f1b743e743a4446367943","0x800F2F6C","structural"
"0x800f02ac",,,"1","1","93","50","0","1","1","1","0","direct_call+overlay","direct_call+overlay","c56d6c8826e16698f05aa932c989c7cbeee35d5424bec9597a3bcf1d358fa87e","c56d6c8826e16698f05aa932c989c7cbeee35d5424bec9597a3bcf1d358fa87e","679c01317cefb7f660b28f7e4233a304c5d9f841ca88f129a124fd58da47b8c2","0x800F2FC0","structural"
"0x800f042c",,,"1","1","8","8","1","1","0","0","0","direct_call","direct_call","08c6f0a07a37c79bba18c1c93cec78c5a799ae57f98a96b4bab3de09860fffbb","08c6f0a07a37c79bba18c1c93cec78c5a799ae57f98a96b4bab3de09860fffbb","43f20be7a8d281c6a1e9bdbb1b33099e779f9a54882e73221fbab3a24c6958ad",,
"0x800f044c",,,"1","1","3","1","0","1","0","0","0","direct_call","direct_call","41b9aa2c639c076c1e007fd9f3c2cc57a9214007e255fe662f216dd76b35d47b","41b9aa2c639c076c1e007fd9f3c2cc57a9214007e255fe662f216dd76b35d47b","bddbd9c60421d383124e8bd924b7f6c8edbe448e8fbab2d866b956ae0f63ebce","0x800F3160","structural"
"0x800f045c",,,"1","1","545","59","3","1","1","1","0","direct_call+overlay","direct_call+overlay","0d980ee78080abaeb0c417250a212eba37c4d5a43e6ed2e5ceab392572964d3c","0d980ee78080abaeb0c417250a212eba37c4d5a43e6ed2e5ceab392572964d3c","966f47704de5d398c8504a4f7c2d4d7b232be9337bcc0204ed7bb051097bee14","0x800F3170","structural"
"0x800f0cec",,,"1","1","9","2","1","1","0","0","0","direct_call","direct_call","1a806b75fa79daf54bb3e3e60c6a0552677542766d016066447f51a8552b7a08","1a806b75fa79daf54bb3e3e60c6a0552677542766d016066447f51a8552b7a08","db1f61a22ae2e97b4b5a80155b3eaefcdafd6f6492a6d724c15536a93d457df8","0x800F3A00","structural"
"0x800f0d1c",,,"1","1","54","1","1","1","0","0","0","direct_call","direct_call","b5d8e4576607f3cc529d099fc511f820e35b73e34f5466a2cbbb8ed2cba397b2","b5d8e4576607f3cc529d099fc511f820e35b73e34f5466a2cbbb8ed2cba397b2","084c3a841dd4eeffde84a229e731dc48a8bb258833f78d88e57e4d1a8b4c52d2","0x800F3A30","structural"
"0x800f0dfc",,,"1","1","16","5","1","1","0","0","0","direct_call","direct_call","70626ea1832a5dedd556d596c21c9235c46f17a7d6c952719634a979ba367b07","70626ea1832a5dedd556d596c21c9235c46f17a7d6c952719634a979ba367b07","7ea87a8c27125dffe8056c1a23d974ad3f1099502a0c989d718f8ce0bafdebf3","0x800F3B10","structural"
"0x800f0ea0",,,"1","1","15","5","1","1","0","0","0","direct_call","direct_call","ac653e42333807b0f02033d1b74dc12aa75018556e833564701c5f8e300cee98","ac653e42333807b0f02033d1b74dc12aa75018556e833564701c5f8e300cee98","1475f8fa96d3a72ca05257c725502c18fd7eab4d7b66067c94b9b9e1d8cc42df","0x800F3BB4","structural"
"0x800f0f4c",,,"1","1","88","28","0","1","0","0","0","direct_call","direct_call","704b7d8ebd6995ceb4134b7c68371678756cff1becec9850d930302d8aeabd02","704b7d8ebd6995ceb4134b7c68371678756cff1becec9850d930302d8aeabd02","7ace9b424bf296f3b1c9826b3c6e9cb735c96b236212fe6d67626bbcf762907e","0x800F3C60","exact"
"0x800f10ac",,,"1","1","22","16","0","1","0","0","0","direct_call","direct_call","51199c0b60ef58f1d276b5423b81401363531c429c7f335b84fdef9f4c3b1934","51199c0b60ef58f1d276b5423b81401363531c429c7f335b84fdef9f4c3b1934","5143124c791339c6e4aa0ddcf2dd84dcef7435927c166e1fdd95b5a0e2369dc7","0x800F3DC0","exact"
"0x800f1104",,,"1","1","22","10","0","1","0","0","0","direct_call","direct_call","b0df3db5528e30315b774c82d909799911f21a661fc9d23bf7ce2dbb33ef3f53","b0df3db5528e30315b774c82d909799911f21a661fc9d23bf7ce2dbb33ef3f53","7b302922c19f8ed1a5db6f542b046b30c82f5164e150546f3b2163ef84f08c2b","0x800F3E18","exact"
"0x800f115c",,,"1","1","6","4","0","1","0","0","0","direct_call","direct_call","3ee60c6a11ec8f3821342fb5db4619b7c2f355e751f0614f0e77c2f32e7cd8df","3ee60c6a11ec8f3821342fb5db4619b7c2f355e751f0614f0e77c2f32e7cd8df","94d20ca73c227be7696977d10b139be118250e046bf3e617becd5a03e94a4134","0x800F3E70","exact"
"0x800f1178",,,"1","1","93","6","5","1","0","0","0","direct_call","direct_call","c0e4d9927d9152e29f33e1f30cf69b03bc1c0ea21c5f5aacf581fc009a693e7e","c0e4d9927d9152e29f33e1f30cf69b03bc1c0ea21c5f5aacf581fc009a693e7e","58f7041cd8cce7859a67eb3ef1f79f2aa2fb528f4aca1e1f6d7e7ebd2ec3d7a3","0x800F3E8C","structural"
"0x800f12ec",,,"1","1","38","2","1","1","0","0","0","direct_call","direct_call","b0c3609186921d7caaf3a877204cd0197995877b9829184f52cb37e7c63c84ef","b0c3609186921d7caaf3a877204cd0197995877b9829184f52cb37e7c63c84ef","cdb957b3545717dfac15dc3c66b8565f8d739c6116a04b8c1b96dbf817195806","0x800F4000","structural"
"0x800f1384",,,"1","1","26","22","0","1","1","1","0","direct_call+overlay","direct_call+overlay","735f1bf955612bbfbd5e6b8abc22070e7aa14b0c1fc8e3b234c2794ef194c7ea","735f1bf955612bbfbd5e6b8abc22070e7aa14b0c1fc8e3b234c2794ef194c7ea","7c2fa7cfa3a300ac364b07aeb5dbff956034a173a18842b712f119d68dd86408","0x800F4098","structural"
"0x800f13ec",,,"1","1","71","4","0","1","0","0","0","direct_call","direct_call","15cf78ce3de7eb7e1083e424abcb83282668521fa7e49b55ccf4ec5bd8656a82","15cf78ce3de7eb7e1083e424abcb83282668521fa7e49b55ccf4ec5bd8656a82","431c9e8d914fba4e5bd0e2ca2207e4cf5f7ffc32718a1d5778c90d9d146bcd2f","0x800F4100","structural"
"0x800f1508",,,"1","1","36","6","1","1","0","0","0","direct_call","direct_call","41d3af6310f2d4cea713d88f98ea84f9cd03d5bf07ed861262fa6b4a0702e0bf","41d3af6310f2d4cea713d88f98ea84f9cd03d5bf07ed861262fa6b4a0702e0bf","e7052a10a5141b6c1ceef8ee51607fd04a17bde2558cafe5c2d7c7598efe52cf","0x800F421C","structural"
"0x800f1598",,,"1","1","24","10","1","1","1","1","0","direct_call+overlay","direct_call+overlay","718c5abe682700bfd1f7250d6eef4a5db9a6f2ef8cea2a07eed8fc6d5c0e071b","718c5abe682700bfd1f7250d6eef4a5db9a6f2ef8cea2a07eed8fc6d5c0e071b","67cfb05c9601357d649c99d08d19920aba7d981d87bdc05a14f35cadac0c5830",,
"0x800f15f8",,,"1","1","24","0","1","1","1","1","0","overlay","overlay","cda59e1e1a75425796307c15ab713696eecb7695ab242a71197eb8ce71504f7e","cda59e1e1a75425796307c15ab713696eecb7695ab242a71197eb8ce71504f7e","67cfb05c9601357d649c99d08d19920aba7d981d87bdc05a14f35cadac0c5830",,
"0x800f1658",,,"1","1","46","1","1","1","0","0","0","direct_call","direct_call","6eed9eb87fdd9dff07b80c0f8b3e2572641decaacef26ef4d5a60265f86a106e","6eed9eb87fdd9dff07b80c0f8b3e2572641decaacef26ef4d5a60265f86a106e","7afaabbe8195b378e98e5a14c05e0ce30818c81715da52de2e4c81b82e327696","0x800F436C","structural"
"0x800f1710",,,"1","1","43","1","0","1","0","0","0","direct_call","direct_call","397492a791c53a2e72d50728434fc8e9522a1665643bb2555ec7ba06d9e81f61","397492a791c53a2e72d50728434fc8e9522a1665643bb2555ec7ba06d9e81f61","9dc3d1ad123101c43aaa1f9c4202c97eb5df4bc9540e5ba7434832ce6602655a","0x800F4424","structural"
"0x800f17bc",,,"1","1","28","1","0","1","0","0","0","direct_call","direct_call","88316bcf051c06a6428c51c7ea0d440c88282b1968cc8f04dca19e2f5ceb0e00","88316bcf051c06a6428c51c7ea0d440c88282b1968cc8f04dca19e2f5ceb0e00","1efb7370bb29fe5511fee21edb367eaf73b32310e743aa647b12469c29cefd46","0x800F452C","structural"
"0x800f182c",,,"1","1","48","3","2","1","0","0","0","direct_call","direct_call","7b6482ad7770143d2a4c9aa46e9a3a24898bd2aa21d4abbf65ea3fa57d61dbda","7b6482ad7770143d2a4c9aa46e9a3a24898bd2aa21d4abbf65ea3fa57d61dbda","a01d1febdc3151d608a3d54b8a43f649f9b22530aad9ce22ed9d981b672da7f6","0x800F459C","structural"
"0x800f18ec",,,"1","1","318","2","2","1","0","0","0","direct_call","direct_call","3e6236dde04f95fbaffbe9beb265a69c8131c95b7ecd8454d43858796735782a","3e6236dde04f95fbaffbe9beb265a69c8131c95b7ecd8454d43858796735782a","c51bbf49cdf3758f58cdca180dff6362fe5e3affde865445ebf503801ba8ac96","0x800F465C","structural"
"0x800f1de4",,,"1","1","13","1","1","1","0","0","0","direct_call","direct_call","52db0d6c2f2ac74b2a4187dd24bae42e5dc476e9da8e65bfadedae0e6b328eca","52db0d6c2f2ac74b2a4187dd24bae42e5dc476e9da8e65bfadedae0e6b328eca","912a7b12ff519f74bbc9b96ea1a67559d998734a4764d560e019bc780dc93f06","0x800F4B54","structural"
"0x800f1e18",,,"1","1","32","1","2","1","0","0","0","direct_call","direct_call","623984a26dd654c9bb260dbcd861b10e884c29bacb04a91e5952044e7fed8b0a","623984a26dd654c9bb260dbcd861b10e884c29bacb04a91e5952044e7fed8b0a","55b03ff7130fb1df6f0c71c349ddc2542dca43bf94601897e581de65c6a315aa","0x800F4B88","structural"
"0x800f1e98",,,"1","1","16","1","1","1","0","0","0","direct_call","direct_call","9889176eee20df294eaffac1dd503dbbb99525af1c4e9314ba0cf4877040c6dd","9889176eee20df294eaffac1dd503dbbb99525af1c4e9314ba0cf4877040c6dd","e6b6d2a80e997e92420276cfdb02fbb28c20751a64509595058ced8161a376d4","0x800F4C08","structural"
"0x800f1ed8",,,"1","1","126","0","5","1","0","0","0","prologue_only","prologue_only","b80ee8ab6a9d64250844a45629d816de3085df40b3a4afe8aa3793bb47d225f1","b80ee8ab6a9d64250844a45629d816de3085df40b3a4afe8aa3793bb47d225f1","e7f49292d5bc827ed463129aed7c99eab229da62f48d24690250e5b3becb34bb","0x800F4C48","structural"
"0x800f20d0",,,"1","1","156","1","5","1","0","0","0","direct_call","direct_call","2ca8d720683db2ac7842cafc677e28e3132dbac935584ac94a0dc347dc76034b","2ca8d720683db2ac7842cafc677e28e3132dbac935584ac94a0dc347dc76034b","9fbeb55b32002c0da484c08259df7ad78581a69d78c70298a93f7319627d61ba","0x800F4E40","structural"
"0x800f2340",,,"1","1","8","2","0","1","0","0","0","direct_call","direct_call","febbab6112746f492517305b3037eabfc5433b73b2744735f16052d15a05fe58","febbab6112746f492517305b3037eabfc5433b73b2744735f16052d15a05fe58","f81406905b919aab3a7198ff3bee0306d26692011a0e1751ab1b800fecb6646c","0x800F50B0","exact"
"0x800f2360",,,"1","1","38","3","0","1","0","0","0","direct_call","direct_call","4821786558e6b436746c1946751c82ed8a64ed414e3d290c94feddbeca441b40","4821786558e6b436746c1946751c82ed8a64ed414e3d290c94feddbeca441b40","9d01df28dcca126ea1353b9a503e3bb5b5cb26e7afd9f6cc080547e6151e4ad4",,
"0x800f23f8",,,"1","1","38","3","0","1","0","0","0","direct_call","direct_call","76dcf683ba663a16a1b46b5ea86281b2d666a470311af4163d7c74ff676ec826","76dcf683ba663a16a1b46b5ea86281b2d666a470311af4163d7c74ff676ec826","9d01df28dcca126ea1353b9a503e3bb5b5cb26e7afd9f6cc080547e6151e4ad4",,
"0x800f2490",,,"1","1","7","3","0","1","0","0","0","direct_call","direct_call","48bf0df9730184c1caef57f03cc222de0eb7833983f95d1b2476e65274c9f4e7","48bf0df9730184c1caef57f03cc222de0eb7833983f95d1b2476e65274c9f4e7","cd1e537e665848c9aed5e6e3c1c70fa6177f1eda8d3a34aff648640d785aeb3a","0x800F5200","exact"
"0x800f24ac",,,"1","1","1","2","0","0","0","0","0","direct_call","direct_call","56efbcea646c33050fd1ef7e5d8fb3a6d542b0f61b8fa3a3d086c91e60e8ce8f","56efbcea646c33050fd1ef7e5d8fb3a6d542b0f61b8fa3a3d086c91e60e8ce8f","1f9001cba248af765d5410897bc8fadac020ca6949c5ec5e1b76128d4a0d7be7","0x800F521C","exact"
"0x800f24b0",,,"1","1","31","0","0","1","0","0","0","prologue_only","prologue_only","8946b77b83a9c0ce0c0bfa65aec79f2b0590a023b40df85dc838e948c6e2111d","8946b77b83a9c0ce0c0bfa65aec79f2b0590a023b40df85dc838e948c6e2111d","0f520c6f69f459ff9dd5a5cc6eb9cf0f0226be14b1f8e5f768780e57ef947e2e","0x800F5220","structural"
"0x800f2544",,,"1","1","56","0","2","1","0","0","0","prologue_only","prologue_only","c6c6b0fcc06bd251c07be513e913b13f109ce8b2885618279cab17018fadaf50","c6c6b0fcc06bd251c07be513e913b13f109ce8b2885618279cab17018fadaf50","18d88be9ca0ba02ff5d5d4b8ef450e3ad3a8a81df95fb30e1a7c4914b533fe0b","0x800F52B4","structural"
"0x800f2624",,,"1","1","140","0","2","1","0","0","0","prologue_only","prologue_only","d37c8eedc77e41e742009be8ce4525ab2d96a82f2abe35b497308f9a9f35947b","d37c8eedc77e41e742009be8ce4525ab2d96a82f2abe35b497308f9a9f35947b","654050f546f12f10b3ff89317770abcb6b42af841cbc13d27eb6f19a29c42c2b","0x800F5394","structural"
"0x800f2854",,,"1","1","143","0","2","1","0","0","0","prologue_only","prologue_only","4e1317835018f13bb6c4b5238c02ee978a991945c447f6c97d564e79795df3a7","4e1317835018f13bb6c4b5238c02ee978a991945c447f6c97d564e79795df3a7","5e300c88ff4761f1a1b6a524000a010192c37c3e48fc2ceb7b76738519eeab56","0x800F55C4","structural"
"0x800f2a90",,,"1","1","160","0","2","1","0","0","0","prologue_only","prologue_only","38a115d7e63d50be7541faf6df21886300ebd570a88f9a29098ba2161e9695d9","38a115d7e63d50be7541faf6df21886300ebd570a88f9a29098ba2161e9695d9","73f5e92f614567f1fd369c5b227069f824d87ea1c9fec21da82eb46e52f39fec","0x800F5800","structural"
"0x800f2d88",,,"1","1","18","1","0","1","0","0","0","direct_call","direct_call","5ad4ba5b162dc8c15d9933a68e1c8f0bbdafcc8d7999e057781a4bb775a6d7a3","5ad4ba5b162dc8c15d9933a68e1c8f0bbdafcc8d7999e057781a4bb775a6d7a3","15eeb6912fd61217770d19931bde049826751469a85045c9b7aed9082809fa72","0x800F5AF8","structural"
"0x800f2dd0",,,"1","1","12","3","0","1","0","0","0","direct_call","direct_call","da1c9261095a6e73e433a472938633b9c5a4975d781475924d37aab2dca82456","da1c9261095a6e73e433a472938633b9c5a4975d781475924d37aab2dca82456","2dd804925ad943b0527f5d5b3433638dc530d54dc8503f6c01acd736a72fdfb3","0x800F5B40","structural"
"0x800f2e00",,,"1","1","9","0","1","1","0","0","0","prologue_only","prologue_only","7b74ae40406288f160caa7095122aebd125d930076c7b3aa5efb7cc245056747","7b74ae40406288f160caa7095122aebd125d930076c7b3aa5efb7cc245056747","9f13e3974cafe67e426a21224bb46a9a4d1e2eded7494a7c9c4da0d8ee7775f9","0x800F5B70","structural"
"0x800f2e24",,,"1","1","172","1","5","1","0","0","0","direct_call","direct_call","f0d2b5781e96fce0eaa4181adcffabc1790b39ac52707f91c667da5dfcd77f17","f0d2b5781e96fce0eaa4181adcffabc1790b39ac52707f91c667da5dfcd77f17","2da9e84ce493013e4aaf218538d20b7f22f68e607ed5f0dca963d432ab944eeb","0x800F5B94","structural"
"0x800f30d4",,,"1","1","152","4","2","1","0","0","0","direct_call","direct_call","227b01cb747ee80202aa4c1814329c673d49a5f27386ef8c5bb349b020e4d2e1","227b01cb747ee80202aa4c1814329c673d49a5f27386ef8c5bb349b020e4d2e1","b3f0195504d76ed00291c183e463906b2259a7ba88d85a05be92947078040be8","0x800F5E44","structural"
"0x800f3334",,,"1","1","84","1","3","1","0","0","0","direct_call","direct_call","7d1740f9743fe21af8a88c3cd67ae16a20530f306c9f686efcac340c0f0c5296","7d1740f9743fe21af8a88c3cd67ae16a20530f306c9f686efcac340c0f0c5296","f355b6216545834534c7695d75e011f34fa86de81148cf80f22404aa4728ecea","0x800F60A4","structural"
"0x800f3484",,,"1","1","79","0","3","1","0","0","0","prologue_only","prologue_only","542993f23675946154ff34b95ef3c532e276b6da7e2420fdbb2fcada9f5327ea","542993f23675946154ff34b95ef3c532e276b6da7e2420fdbb2fcada9f5327ea","818bd9b7eb8e9a1c0f5890a6be1adfa438f13de7738b71e2c916a955228011be","0x800F61F4","structural"
"0x800f35c0",,,"1","1","13","5","1","1","0","0","0","direct_call","direct_call","56b7f724fd476df66379e2c406b746174d43042e2519e5768624786c78d587c9","56b7f724fd476df66379e2c406b746174d43042e2519e5768624786c78d587c9","719153d7f355a191cf9d6f7f76b2020c0b094fe7fb2097789297f071e67b38dd","0x800F6330","structural"
"0x800f35f4",,,"1","1","81","7","3","1","0","0","0","direct_call","direct_call","8099079493a116013818819a5732847cd86d9549bd815cf0a4ca03e4cd8e35c0","8099079493a116013818819a5732847cd86d9549bd815cf0a4ca03e4cd8e35c0","0764360acbce556369a79d5ec996a44b6c05ef227eab30bed5a11edf4d717334","0x800F6364","structural"
"0x800f3738",,,"1","1","40","1","0","1","0","0","0","direct_call","direct_call","a01167987d92e7dff014539922a5e1ba31d706ae3f0ee4e3a2eaa1c1b6d7c2cc","a01167987d92e7dff014539922a5e1ba31d706ae3f0ee4e3a2eaa1c1b6d7c2cc","7ba3c718ac89acf8a6c645e91c20754503b4fdc6d0da61e9d6dd59ce0e361a12","0x800F64A8","structural"
"0x800f37d8",,,"1","1","10","0","1","1","0","0","0","prologue_only","prologue_only","f4844e2ae77ecf9d12e86e6fc55eb0711ddf1b38e6e6c1ddfdc2cafbc143c4e3","f4844e2ae77ecf9d12e86e6fc55eb0711ddf1b38e6e6c1ddfdc2cafbc143c4e3","1747826446df33350f1b60ebeda41d09b4e24901a79f4859515bfe18352fe9ab","0x800F6548","structural"
"0x800f3800",,,"1","1","9","6","0","1","0","0","0","direct_call","direct_call","aee7d49061a169bb91469d5258012be51046f05595bb335045004943c70f3927","aee7d49061a169bb91469d5258012be51046f05595bb335045004943c70f3927","48f136c82f2b95266e229612b9b33e5de1b2909c94a8087c5fb2ce45a7ca107a","0x800F6570","exact"
"0x800f3828",,,"1","1","37","1","0","1","0","0","0","direct_call","direct_call","c3684aa62e8d7529fd9f4beeda219075187ab836d0c3614c923cf495dc4c578a","c3684aa62e8d7529fd9f4beeda219075187ab836d0c3614c923cf495dc4c578a","2c9b520a2f3487c5dda9525f140294ec03c988c91dd9cd5f7cd0558aa3183f58","0x800F6598","structural"
"0x800f38c8",,,"1","1","31","1","1","1","0","0","0","direct_call","direct_call","90979b8e6badab022977b2fe0c6d3580bc20e95f02a51611379388993f539876","90979b8e6badab022977b2fe0c6d3580bc20e95f02a51611379388993f539876","5a31113ad60e0ec41baf3e51a12f7335e091614b40a4eae5202c11dfc9b94be4","0x800F6638","structural"
"0x800f3948",,,"1","1","22","5","1","1","0","0","0","direct_call","direct_call","5b5e7c003be2ad1123566a938d32d5fdb11307da576528263292a8114c1a05ad","5b5e7c003be2ad1123566a938d32d5fdb11307da576528263292a8114c1a05ad","aa9fdb1f445dcae751d3d0f00f66511b7ec2a0a3088e7f9ef709a5e541673f0c","0x800F66B8","structural"
"0x800f39a8",,,"1","1","95","1","0","1","0","0","0","direct_call","direct_call","06e534183cff6ec8d4632d1b879f86b01b9a46a4dc56131299e3d84f4e60f85b","06e534183cff6ec8d4632d1b879f86b01b9a46a4dc56131299e3d84f4e60f85b","4188e368123ec6493c2989223a510e9b11f8d1dde7f3dfd8f2c4ee6015b6e2d2","0x800F6718","structural"
"0x800f3b28",,,"1","1","41","3","4","1","0","0","0","direct_call","direct_call","bc2492df342080a43aa023acd57617780da1256a5d8e0dd97ee377d8d2560c26","bc2492df342080a43aa023acd57617780da1256a5d8e0dd97ee377d8d2560c26","ddf771f42c09c5383f667b61ab227c22adb4d3031c09b51e14dda173817d9fb8","0x800F6898","structural"
"0x800f3bd8",,,"1","1","29","1","5","1","0","0","0","direct_call","direct_call","2c5d2e792d24366f334b192c59558c444a1d981cd09733397af1257353b4506d","2c5d2e792d24366f334b192c59558c444a1d981cd09733397af1257353b4506d","4c56461b7714d62a8388930176537ecf8b714890a219b54757d067cb4d6b6ba0","0x800F6948","structural"
"0x800f3c4c",,,"1","1","71","1","4","1","0","0","0","direct_call","direct_call","0788ec69ecbfc6e1a7a3e5aa6e1dca83ada1baf74a52ad0f4aa1d17dcdc73991","0788ec69ecbfc6e1a7a3e5aa6e1dca83ada1baf74a52ad0f4aa1d17dcdc73991","b1809edb0c580aac0741d908d3cd1257457ded943604ba40d82afb091a7091c0","0x800F69BC","structural"
"0x800f3d68",,,"1","1","26","1","1","1","0","0","0","direct_call","direct_call","89d27f40971150d89212c1b3f3a64f5eace71a4a58f85d548e231eb547aa696b","89d27f40971150d89212c1b3f3a64f5eace71a4a58f85d548e231eb547aa696b","bfb25ee54459ade3b5ffcf192a5cfee6d3d9181c157e3ca8d5efef59a2b6eb82","0x800F6AD8","structural"
"0x800f3dd0",,,"1","1","136","2","0","1","0","0","0","direct_call","direct_call","f01215a308f0bfcf9f3f62caeadb60fc2b4d4d51aba090971d2dc26060828945","f01215a308f0bfcf9f3f62caeadb60fc2b4d4d51aba090971d2dc26060828945","5cc7c6c989e13845fc29700bf930bc409a278086dfe3cb7dd7ce03b4e2c320da","0x800F6B40","structural"
"0x800f3ff0",,,"1","1","28","2","0","1","0","0","0","direct_call","direct_call","51f061f8cc0f0360c72c81c49f20afd46db0e9dbb757f8fdb3297602bcda0ce6","51f061f8cc0f0360c72c81c49f20afd46db0e9dbb757f8fdb3297602bcda0ce6","f01f0068ae335d713c976d0dd884ad76d899cfe568c8d2186ec5b65d91032d7f","0x800F6D60","structural"
"0x800f4060",,,"1","1","32","1","2","1","0","0","0","direct_call","direct_call","2e480a701eeccaf01bfe7ab8a4b418909c00bdf9f54610c8dc2cf759db86c34c","2e480a701eeccaf01bfe7ab8a4b418909c00bdf9f54610c8dc2cf759db86c34c","704f3e375f48626cbd267b8682d17d698b5264b8802cea63f75aa35c5b117825","0x800F6DD0","structural"
"0x800f40e0",,,"1","1","32","1","2","1","0","0","0","direct_call","direct_call","9b7a3859355d7de2c6b286b73e64d8a0affd1578dc8cf6e50d2893cdd0174ed3","9b7a3859355d7de2c6b286b73e64d8a0affd1578dc8cf6e50d2893cdd0174ed3","8060a29a0bdfa5a7223b0e20c6d746f51c3e68304b5a7a58ea55b777aa45f49a","0x800F6E50","structural"
"0x800f4160",,,"1","1","11","2","0","1","0","0","0","direct_call","direct_call","22889462dff9f64b9d44aeb687752f3932c9ea6966836adce80d2237e6c891bc","22889462dff9f64b9d44aeb687752f3932c9ea6966836adce80d2237e6c891bc","d1800002d9dee7d4b1546835af7bc5dcc90d3c4531015f531e437a1af464b44a","0x800F6ED0","exact"
"0x800f4190",,,"1","1","4","50","0","0","1","1","0","direct_call+overlay","direct_call+overlay","b37fa2b9db10059f918f356ec2d8e6130006a52a972c8c07b335c8ac9cc07f58","b37fa2b9db10059f918f356ec2d8e6130006a52a972c8c07b335c8ac9cc07f58","2677dd5b4382d7b09b559111168f4d6a1253112fd4d3db90a6da99116aef4af3",,
"0x800f41a0",,,"1","1","4","58","0","0","1","1","0","direct_call+overlay","direct_call+overlay","22eb45873c0afc0334246bec9ebfb51d1113d8671cdac70190837d66f5899228","22eb45873c0afc0334246bec9ebfb51d1113d8671cdac70190837d66f5899228","2677dd5b4382d7b09b559111168f4d6a1253112fd4d3db90a6da99116aef4af3",,
"0x800f41b0",,,"1","1","15","3","0","1","0","0","0","direct_call","direct_call","1c2e33c9e0ddfcd56385916112089fab3d7d343336e2514633a70260ef7d4064","1c2e33c9e0ddfcd56385916112089fab3d7d343336e2514633a70260ef7d4064","aad3c867694f74be10f1eb45a2f329e9daa82732ccf74e0cb13d995c3186d69d","0x800F6F20","exact"
"0x800f41f0","BIOS_rand","confirmed","1","1","4","164","0","0","1","1","0","direct_call+overlay","direct_call+overlay","018c824df1097cceaaa4001d02b61faaafe1e13c197a60f3e5428fe7befa50de","018c824df1097cceaaa4001d02b61faaafe1e13c197a60f3e5428fe7befa50de","2677dd5b4382d7b09b559111168f4d6a1253112fd4d3db90a6da99116aef4af3",,
"0x800f4200",,,"1","1","88","7","4","1","0","0","0","direct_call","direct_call","aece390f7e9b09940d399c78a1a0d86b85c1295a30848a0857747b156f045056","aece390f7e9b09940d399c78a1a0d86b85c1295a30848a0857747b156f045056","7f2c9c598feafa8d888210577d37201526af3d715dda54580b59faa4224181ce","0x800F6F70","structural"
"0x800f4360",,,"1","1","318","1","8","1","0","0","0","direct_call","direct_call","5e2255863b44e05d076101c71da7b157f9866a5ddd20b219fb9a0f9aef5dda86","5e2255863b44e05d076101c71da7b157f9866a5ddd20b219fb9a0f9aef5dda86","171e1153efbf2b11269648d34e584ef873c4df6132abc5b977d931d48468917b","0x800F70D0","structural"
"0x800f4860",,,"1","1","15","6","0","1","0","0","0","direct_call","direct_call","ca97bb54edac0e68e757a06d6a25eb10c8fea745f5234450b15d0997d759bf42","ca97bb54edac0e68e757a06d6a25eb10c8fea745f5234450b15d0997d759bf42","2e4e8798b442b68be137f1c70b7e7b846eb97211cf16a096dc93e7c9b7ad9e43","0x800F75D0","exact"
"0x800f48a0",,,"1","1","19","1","3","1","0","0","0","direct_call","direct_call","dd7fe74db9d7cee56398bfb1ea88449473887afc4ff36bbcaf4f5adae890a7e1","dd7fe74db9d7cee56398bfb1ea88449473887afc4ff36bbcaf4f5adae890a7e1","df098842a5d4ca75c49cdc9d3bd4cf3e892d8c1f0eeb4448bb1993baa5796408","0x800F7610","structural"
"0x800f48f0","VSync","confirmed","1","1","94","31","1","1","1","1","0","direct_call+overlay","direct_call+overlay","22261390d56d3fa499d7f5121ff642743628207ffa530315934ce95dfce46088","22261390d56d3fa499d7f5121ff642743628207ffa530315934ce95dfce46088","27bb99d85e94791b05afec44240c51387a49910005d2397d3073145fd2035026","0x800F7660","structural"
"0x800f4a68",,,"1","1","38","2","3","1","0","0","0","direct_call","direct_call","3d649a5be1b1d44f1dd59380e2f757d396a4df187654d7265823533e4da446ce","3d649a5be1b1d44f1dd59380e2f757d396a4df187654d7265823533e4da446ce","35741d51f7e455bf82b32d3021f1e7c1f6ec63a03becd8e5ab7d67b32008da3a","0x800F77D8","structural"
"0x800f4b00",,,"1","1","45","1","0","1","0","0","0","direct_call","direct_call","517e605a322e2f4ead862677f56aa3cec1871be6416a729644b8b67ab54a826b","517e605a322e2f4ead862677f56aa3cec1871be6416a729644b8b67ab54a826b","67f69f148e42c3847b85ed826f14398c2ff82656f1fec61c96d4fb1bb783ba55","0x800F7870","exact"
"0x800f4bc0",,,"1","1","12","5","0","1","1","1","0","direct_call+overlay","direct_call+overlay","e4390d52616c5897dec75879852bf93be8002f3ac33b45aef69aa2a7330090b3","e4390d52616c5897dec75879852bf93be8002f3ac33b45aef69aa2a7330090b3","17e77dafc2df2b1fd1fef666cf0c953ba4ce16551afa040507f1a7a07831fb48",,
"0x800f4bf0",,,"1","1","12","3","0","1","0","0","0","direct_call","direct_call","ea08df4343bf8851f38fa346729c786aa17491cea44ffdf4e8a28815f246b765","ea08df4343bf8851f38fa346729c786aa17491cea44ffdf4e8a28815f246b765","17e77dafc2df2b1fd1fef666cf0c953ba4ce16551afa040507f1a7a07831fb48",,
"0x800f4c20",,,"1","1","12","7","0","1","1","1","0","direct_call+overlay","direct_call+overlay","19055dd2c568d53dfb874ea005bf1ccb34113f9e00b4d330d3856017b85e7d5e","19055dd2c568d53dfb874ea005bf1ccb34113f9e00b4d330d3856017b85e7d5e","17e77dafc2df2b1fd1fef666cf0c953ba4ce16551afa040507f1a7a07831fb48",,
"0x800f4c50",,,"1","1","13","1","0","1","0","0","0","direct_call","direct_call","852d50aad0c7e8f9cafbff4f964d3dc81a8d4c620b9ba840ad2edd7941003291","852d50aad0c7e8f9cafbff4f964d3dc81a8d4c620b9ba840ad2edd7941003291","5070059dd102d0e2d0798f77553762c165ff340eba360565629f7cdb2a7cca7c","0x800F7A20","structural"
"0x800f4c84",,,"1","1","12","2","0","1","1","1","0","direct_call+overlay","direct_call+overlay","37583f38a90689a39284933628f04e719ac86e6c919b1227c480e784a125146c","37583f38a90689a39284933628f04e719ac86e6c919b1227c480e784a125146c","17e77dafc2df2b1fd1fef666cf0c953ba4ce16551afa040507f1a7a07831fb48",,
"0x800f4cb4",,,"1","1","4","3","0","1","0","0","0","direct_call","direct_call","04d2c7e9d660e54c377df03edd68a955c84303e9af17645f4e4c4ae20b0dff19","04d2c7e9d660e54c377df03edd68a955c84303e9af17645f4e4c4ae20b0dff19","ef1a12a77a19fef2c289647d37ad0627b4b1e525c1fd494ebe4d68ecb8e71b07","0x800F7A84","structural"
"0x800f4cc4",,,"1","1","6","9","0","1","0","0","0","direct_call","direct_call","6a3261b1b97aace7a95064aa812a589fa00f18c61ffc70a23b6b4b025bef4b44","6a3261b1b97aace7a95064aa812a589fa00f18c61ffc70a23b6b4b025bef4b44","807fec8e29327c902d91a07de2ed77c4673f8dc4a29b6a3bf94ef23bbee67e10","0x800F7A94","structural"
"0x800f4cdc",,,"1","1","54","0","8","1","0","0","0","prologue_only","prologue_only","56d8e36e68ac9bda2282e63024547007352733ff8d04a1c3f0653dbce9d262bd","56d8e36e68ac9bda2282e63024547007352733ff8d04a1c3f0653dbce9d262bd","7cd5355cefeb6116fc8582c7fb2478f36779b59dafa74477753fded960a91f94","0x800F7AAC","structural"
"0x800f4db4",,,"1","1","116","1","2","1","0","0","0","direct_call","direct_call","140b3ce4c64d055b855b64f7955cc8639ece2f1b82a5b38425dbea973f3350ae","140b3ce4c64d055b855b64f7955cc8639ece2f1b82a5b38425dbea973f3350ae","1f3daa0ec6b3874c21e976fa564d54b1000c4c02c794d433ac9c50335a12ccad","0x800F7B84","structural"
"0x800f4f84",,,"1","1","82","0","2","1","0","0","0","prologue_only","prologue_only","3bd802b946f34cf550ff18e1ef417bd2f43c9a60a1792bbd40c0eccd705ffaa2","3bd802b946f34cf550ff18e1ef417bd2f43c9a60a1792bbd40c0eccd705ffaa2","4bdfac0782225432594e87e10740e64b808dfa3e5506aecef381432885d3bc4e","0x800F7D54","structural"
"0x800f50cc",,,"1","1","40","0","2","1","0","0","0","prologue_only","prologue_only","625804f302f88ff8d1e0352b67ee40f72c99f630ccf13b7b7117c8c1540e8b62","625804f302f88ff8d1e0352b67ee40f72c99f630ccf13b7b7117c8c1540e8b62","4144b1de7041b377648c4aa53f54cb850c49f5fd70976cac829b4a7ccf1a3db6","0x800F7E9C","structural"
"0x800f516c",,,"1","1","30","0","2","1","0","0","0","prologue_only","prologue_only","02595391ef48d71948d3d8604f0ea3fdb1f138a3cf4b9d856f5b1653eabc8ca8","02595391ef48d71948d3d8604f0ea3fdb1f138a3cf4b9d856f5b1653eabc8ca8","367807910d5bf47ed485f05fc5848675a9875946bbf938b5a65c85ecad35948c","0x800F7F3C","structural"
"0x800f51e4",,,"1","1","9","1","0","1","0","0","0","direct_call","direct_call","7205982a9f3764f91f1bab001959ef54d1d12176ea93ee300af2b342db7a47df","7205982a9f3764f91f1bab001959ef54d1d12176ea93ee300af2b342db7a47df","70f7fd2a984a947262032203ca71679dbb12ce1b2481c33b5f309b9751382e7e",,
"0x800f5208",,,"1","1","88","1","3","1","0","0","0","direct_call","direct_call","963c4c46ff18434814264260ed21d7e25fcb6fa924cec27ee320965a2c69a7a3","963c4c46ff18434814264260ed21d7e25fcb6fa924cec27ee320965a2c69a7a3","0ade1649602cb5ed1b3e2480b59e94e12a273122f7b1c68ed39ff3c1e192fdc0","0x800F7FD8","structural"
"0x800f53d0",,,"1","1","61","0","3","1","0","0","0","prologue_only","prologue_only","6ec3c4a33e786b3a1c9c8feac134133224e26b040c5a491a4fdcb4f6cef1ddb0","6ec3c4a33e786b3a1c9c8feac134133224e26b040c5a491a4fdcb4f6cef1ddb0","cd1b744da6ac88854ea0d51a05be0057b8ce92a9b1bdb667a43eeb8308e44e5b","0x800F81A0","structural"
"0x800f54c4",,,"1","1","4","1","0","1","0","0","0","direct_call","direct_call","b55820b9e59d50cfd22c91790f3cc717ca28b7f9e02ae7aabf6f6aa19e1e657d","b55820b9e59d50cfd22c91790f3cc717ca28b7f9e02ae7aabf6f6aa19e1e657d","f3fcf7e9792b29e038e3217e32acb4ea3e63f78f272dc4ed39537316b688ab7c","0x800F8294","exact"
"0x800f5590",,,"1","1","159","0","1","1","0","0","0","prologue_only","prologue_only","f5de015842bd564dedb833ce5d4ef7acaca7112762e5fc9e96428108abdbee76","f5de015842bd564dedb833ce5d4ef7acaca7112762e5fc9e96428108abdbee76","ea5d7eb79180febf1079846a3911e16ded933f8aa14fe9ea44d585f66320b424","0x800F8360","structural"
"0x800f5868",,,"1","1","8","1","1","1","0","0","0","direct_call","direct_call","fbaa96f2fb9316df41641b4f3d8f8fc375627be64c16f49f74b03eeaa20dabf6","fbaa96f2fb9316df41641b4f3d8f8fc375627be64c16f49f74b03eeaa20dabf6","43f20be7a8d281c6a1e9bdbb1b33099e779f9a54882e73221fbab3a24c6958ad",,
"0x800f5888",,,"1","1","51","1","0","1","0","0","0","direct_call","direct_call","957e9037eef2e9bd4591c0ba487627833da8f0ce9b0153cc0350d4b532dce8a1","957e9037eef2e9bd4591c0ba487627833da8f0ce9b0153cc0350d4b532dce8a1","011324665755b42f6e78aa41e4cf049f25336215bc8f6ef68b58158081e07807","0x800F8658","structural"
"0x800f5954",,,"1","1","62","1","0","1","0","0","0","direct_call","direct_call","1925f012bfcdd16675ba0ea8baa21440baaa434226bb383f9a0949323a809dfc","1925f012bfcdd16675ba0ea8baa21440baaa434226bb383f9a0949323a809dfc","14dcccfd82c9832a0d190e2c809165fb7c25f27f4ac42666a7e912ebd13214f5","0x800F8724","structural"
"0x800f5a54",,,"1","1","51","0","0","1","0","0","0","prologue_only","prologue_only","91b4ba31b4bda31ecb2b468d44c9917bc4821dca769a70ad7f91bc9b027a6353","91b4ba31b4bda31ecb2b468d44c9917bc4821dca769a70ad7f91bc9b027a6353","291f995a0aa508c1c5a8c25eeaaa15c6fdc3c92a1dad9abf186ca63ddd3e3b8c","0x800F8824","structural"
"0x800f5b20",,,"1","1","14","1","1","1","0","0","0","direct_call","direct_call","282943a0a99cd746ba371c42ada62d38dd1ad015795ebabfc2d7f13a4f7db58f","282943a0a99cd746ba371c42ada62d38dd1ad015795ebabfc2d7f13a4f7db58f","43a1f50eb77f18e5916ec9779f84e39410405aac3ff2bed731b8ed9d5ee15e49","0x800F88F0","structural"
"0x800f5b58",,,"1","1","18","1","1","1","0","0","0","direct_call","direct_call","1d8e8525e81b4ae626ddcfb21625665282cfacc3ceefd440d268e409740ce3d3","1d8e8525e81b4ae626ddcfb21625665282cfacc3ceefd440d268e409740ce3d3","0a559299e0e6b0f945cd6df52031c006dc99c157556a4a37e97c658ee23e0a04","0x800F8928","structural"
"0x800f5bac",,,"1","1","36","1","2","1","0","0","0","direct_call","direct_call","b01a23bb9169df01d7cdb61eb3b24f3c1d62f97cf9ad42d5a16c0b2da60fea03","b01a23bb9169df01d7cdb61eb3b24f3c1d62f97cf9ad42d5a16c0b2da60fea03","a48d9c924f0d491a8fb87f5ed8dc783ccbdeb17bd8c09ad46bfb104bba36d79a","0x800F897C","structural"
"0x800f5c3c",,,"1","1","15","1","2","1","0","0","0","direct_call","direct_call","e54f110437bdbc40b5d919c1ef253cef1662365799677fa8cc6c5e49833bfa19","e54f110437bdbc40b5d919c1ef253cef1662365799677fa8cc6c5e49833bfa19","e166226c32ab409c0c55103cf25da36fb67e00fcf6bcfeab6898889de072e7b1","0x800F8A0C","structural"
"0x800f5c78",,,"1","1","10","0","1","1","0","0","0","prologue_only","prologue_only","b9ac0b0d9d55f78109bc1a099dc04cbf6c6f33a24e1cd543305a449d0be95bf8","b9ac0b0d9d55f78109bc1a099dc04cbf6c6f33a24e1cd543305a449d0be95bf8","a8f63714a3334a20ee811bd06251a44357b86cfbac5646118da40f123a764695",,
"0x800f5ca0",,,"1","1","10","0","1","1","0","0","0","prologue_only","prologue_only","56ae68fbee108ec89d3ec31979bda48671ee1c9462212d1b824f96c0f1e1d377","56ae68fbee108ec89d3ec31979bda48671ee1c9462212d1b824f96c0f1e1d377","a8f63714a3334a20ee811bd06251a44357b86cfbac5646118da40f123a764695",,
"0x800f5cc8",,,"1","1","10","0","1","1","0","0","0","prologue_only","prologue_only","56ae68fbee108ec89d3ec31979bda48671ee1c9462212d1b824f96c0f1e1d377","56ae68fbee108ec89d3ec31979bda48671ee1c9462212d1b824f96c0f1e1d377","a8f63714a3334a20ee811bd06251a44357b86cfbac5646118da40f123a764695",,
"0x800f5cfc",,,"1","1","4","2","0","1","0","0","0","direct_call","direct_call","9efa44058c7752812587c5f8e833ed77b7e7f566581f5bdb2c878619b1409a12","9efa44058c7752812587c5f8e833ed77b7e7f566581f5bdb2c878619b1409a12","b0e38e7630ef5cae3f21348c977fa6390de99a81c9eb8f6a4ae706c99b69eb4a",,
"0x800f5d0c",,,"1","1","4","1","0","1","0","0","0","direct_call","direct_call","d0a12a1998061cdacb6525a373d73b7ba404a80910d6331af98365a99781022f","d0a12a1998061cdacb6525a373d73b7ba404a80910d6331af98365a99781022f","b0e38e7630ef5cae3f21348c977fa6390de99a81c9eb8f6a4ae706c99b69eb4a",,
"0x800f5d1c",,,"1","1","3","3","0","1","0","0","0","direct_call","direct_call","1b1491493ae396a7cf93bc91c6867e20cfe769ae91e6a0e7b143a509f17d2e56","1b1491493ae396a7cf93bc91c6867e20cfe769ae91e6a0e7b143a509f17d2e56","4484944742bb4e3f4faae7f9019d9d91cfb479369f87ba7092a559ffaf57c3ba","0x800F8AEC","structural"
"0x800f5d28",,,"1","1","8","1","1","1","0","0","0","direct_call","direct_call","575d5b53f23d82f8a0a3d0ebe284bb411360dd10cd9792d304fee69ae26bf9dd","575d5b53f23d82f8a0a3d0ebe284bb411360dd10cd9792d304fee69ae26bf9dd","43f20be7a8d281c6a1e9bdbb1b33099e779f9a54882e73221fbab3a24c6958ad",,
"0x800f5d48",,,"1","1","8","5","1","1","0","0","0","direct_call","direct_call","870158fa644b453af09cf5ad351d140048f87512807cc0a7d156ab2c6fe0e03c","870158fa644b453af09cf5ad351d140048f87512807cc0a7d156ab2c6fe0e03c","43f20be7a8d281c6a1e9bdbb1b33099e779f9a54882e73221fbab3a24c6958ad",,
"0x800f5d68",,,"1","1","8","3","1","1","0","0","0","direct_call","direct_call","115177bfa0fcc1668fe4ca5a08c51d8103a68ce5d7fd3adba28f2227e5022e0a","115177bfa0fcc1668fe4ca5a08c51d8103a68ce5d7fd3adba28f2227e5022e0a","43f20be7a8d281c6a1e9bdbb1b33099e779f9a54882e73221fbab3a24c6958ad",,
"0x800f5d88",,,"1","1","5","6","0","1","0","0","0","direct_call","direct_call","548bdbdcf9f9a0d42517d0972dd1e6ddcf8e330d9a1bb30151e634344127b754","548bdbdcf9f9a0d42517d0972dd1e6ddcf8e330d9a1bb30151e634344127b754","f1194ffc135c341e4400747f3d696f9d8d7cc3396635d765f15266df1a4d3163",,
"0x800f5d9c",,,"1","1","5","12","0","1","0","0","0","direct_call","direct_call","596456c87e883221fe33fa2a533bf15e43b70b56b8e626bf3202c602789522eb","596456c87e883221fe33fa2a533bf15e43b70b56b8e626bf3202c602789522eb","f1194ffc135c341e4400747f3d696f9d8d7cc3396635d765f15266df1a4d3163",,
"0x800f5db0",,,"1","1","79","22","1","1","0","0","0","direct_call","direct_call","f7174f47d429ea672f099189428c0280715d352d2a8f32ee17808e4deb55739c","f7174f47d429ea672f099189428c0280715d352d2a8f32ee17808e4deb55739c","79ad09aaddf39ddaffaae1f4069b7e1c0f4e8a83dfc709c5a9f9d2638d09be89","0x800F8B80","structural"
"0x800f5eec",,,"1","1","77","20","1","1","0","0","0","direct_call","direct_call","415c745c3e8cc861eeecbfff44212cd96332b5f14463a5ff72def060615a08a4","415c745c3e8cc861eeecbfff44212cd96332b5f14463a5ff72def060615a08a4","ab6ec17d4f40cfca448c22a3cdb0ef88c35ea5da1ec8d0cd78c1f493b94cfdc4","0x800F8CBC","structural"
"0x800f6020",,,"1","1","83","5","2","1","0","0","0","direct_call","direct_call","55cd47768f6c768e8ef6e02606f1110eb672b7a9e45bf0f821b84d34a5a1befc","55cd47768f6c768e8ef6e02606f1110eb672b7a9e45bf0f821b84d34a5a1befc","abdef5e7a0b67143863011cb2c6ce4b827cdc33df3e2a4b43098429bd1cc18be","0x800F8DF0","structural"
"0x800f616c",,,"1","1","8","1","1","1","0","0","0","direct_call","direct_call","ea0eef7e77ef341e15e7a2dcc34158b7540305c7d1a02e84eebf6988ff7e89a8","ea0eef7e77ef341e15e7a2dcc34158b7540305c7d1a02e84eebf6988ff7e89a8","896a4fdecbebe54724dfb4eb52e3ed8cdb3f2157b64b0ef3fa6d7d0db668083e",,
"0x800f618c",,,"1","1","8","4","1","1","0","0","0","direct_call","direct_call","0cc6eac28db59f57b7ec9eaf1665b39ac3d06f79fb96bd7fccc00ddf43579618","0cc6eac28db59f57b7ec9eaf1665b39ac3d06f79fb96bd7fccc00ddf43579618","6bb9af6c88c880f65e5269433346cfc60baafc3aba10c57ea6934aea2e840922",,
"0x800f61ac",,,"1","1","8","2","1","1","0","0","0","direct_call","direct_call","0dbc551b91557d95a1763361bc3c5cb88a8876df8bc5c052a56b74f699287070","0dbc551b91557d95a1763361bc3c5cb88a8876df8bc5c052a56b74f699287070","6bb9af6c88c880f65e5269433346cfc60baafc3aba10c57ea6934aea2e840922",,
"0x800f61cc",,,"1","1","9","9","1","1","0","0","0","direct_call","direct_call","9adad67e9acf88ec6c3ef7969651222c94371b0909878042b95f1108ef37bdb8","9adad67e9acf88ec6c3ef7969651222c94371b0909878042b95f1108ef37bdb8","988f7deefdfa4efac2f42268ef6cf055ac5453bd8deb96dd415ac174bf153224",,
"0x800f61f0",,,"1","1","8","1","1","1","0","0","0","direct_call","direct_call","a3c692c29606781cf7a2b4fb67380cbef649915cebccb9dc02fa8c020db19ec0","a3c692c29606781cf7a2b4fb67380cbef649915cebccb9dc02fa8c020db19ec0","43f20be7a8d281c6a1e9bdbb1b33099e779f9a54882e73221fbab3a24c6958ad",,
"0x800f6214",,,"1","1","5","1","0","1","0","0","0","direct_call","direct_call","ecb9057417bb1f0e9ca6b92c18eda6398c723193a0860be2ccf02140c6208764","ecb9057417bb1f0e9ca6b92c18eda6398c723193a0860be2ccf02140c6208764","f1194ffc135c341e4400747f3d696f9d8d7cc3396635d765f15266df1a4d3163",,
"0x800f6228",,,"1","1","4","4","0","1","0","0","0","direct_call","direct_call","293429653ff5e55c5cbac694b9cb3e718663511097a84277502f98f17b5cf017","293429653ff5e55c5cbac694b9cb3e718663511097a84277502f98f17b5cf017","9ba82d759a74ed6e068a2b41d68812d6fa2e99772a1b5b58a8cd959bdcd67d9e",,
"0x800f6244",,,"1","1","29","1","1","1","0","0","0","direct_call","direct_call","2008d6c70c7a6c0a67f95949a838715e244f4111bbfe9b6deddb7258b36cc662","2008d6c70c7a6c0a67f95949a838715e244f4111bbfe9b6deddb7258b36cc662","c50c8fe718120bc076d6d0636d4d54bf62a0f42bc54f5343f40402e44def6218","0x800F9014","structural"
"0x800f62c4",,,"1","1","38","2","2","1","0","0","0","direct_call","direct_call","bfe325e8df2582f521b378188c375bf0118f822ebbb2edd7772bd7ec064ff520","bfe325e8df2582f521b378188c375bf0118f822ebbb2edd7772bd7ec064ff520","f079d3f1de9d0639c6c30a835b7dcb19bb0dc90ea032c834823cec820b559c83","0x800F9094","structural"
"0x800f6364",,,"1","1","16","8","0","1","0","0","0","direct_call","direct_call","9fc271c9be12d61166eb7b2f679904083cb1caa92cb3e64d437e44d2598bf93e","9fc271c9be12d61166eb7b2f679904083cb1caa92cb3e64d437e44d2598bf93e","9a698af8a9ac43843661da3cfc06de288d62819e0b39c72403f1b367a1aabaeb","0x800F9134","exact"
"0x800f63a4",,,"1","1","31","10","0","1","1","0","0","direct_call+overlay","direct_call","113f47d3d2bb7c2096018483fe7153d584f6c5115fb17f28690d56f32221e7c0","113f47d3d2bb7c2096018483fe7153d584f6c5115fb17f28690d56f32221e7c0","00520733f17ea8c05bcdd4dfc688230f9f29187cad7a1913f3e8a0dbe1f7a38c","0x800F9174","structural"
"0x800f6434",,,"1","1","32","12","0","1","0","0","0","direct_call","direct_call","f2014ecef7b5060728d7cef5783cc36b48072af77aad56ac2f68fd70058fd542","f2014ecef7b5060728d7cef5783cc36b48072af77aad56ac2f68fd70058fd542","95d2a22cc7ce3ba31f277d2df027b9831728761ab560e07d30f83a8ea31cdfe0","0x800F9204","structural"
"0x800f64d4",,,"1","1","40","46","0","1","1","1","0","direct_call+overlay","direct_call+overlay","14038cd2b1fdd8a212e4501b20d41d72a5227f8521b0642cc6467e3b5385b3a4","14038cd2b1fdd8a212e4501b20d41d72a5227f8521b0642cc6467e3b5385b3a4","ec47adc34a0e64a1c0823bcc1865744ccc9639d15721b6a45938f68889764575","0x800F92A4","structural"
"0x800f6574",,,"1","1","15","47","1","1","1","1","0","direct_call+overlay","direct_call+overlay","837397c6777f9112b23d5a00de1aa156cbd2ec81fc7147074b5d193985202ab2","837397c6777f9112b23d5a00de1aa156cbd2ec81fc7147074b5d193985202ab2","d5b924a2f72bb82d9d80a888cbb440e36928e7600da698e648fe267ec086a1a9","0x800F9344","structural"
"0x800f65b0",,,"1","1","36","2","0","1","0","0","0","direct_call","direct_call","c76df3e430555e4a65ca33870996101683e1b3a711c02f83985b8db4274ae7ac","c76df3e430555e4a65ca33870996101683e1b3a711c02f83985b8db4274ae7ac","aa1cdeb3a42d3c16ae2991009b4c091f50e811fe0276bf58817e57b3dd798562","0x800F9380","structural"
"0x800f6644",,,"1","1","108","3","0","1","0","0","0","direct_call","direct_call","5fe7907d30797470dd3c8b05f6138d3645fe017bc156c8e018588a3f374bf69e","5fe7907d30797470dd3c8b05f6138d3645fe017bc156c8e018588a3f374bf69e","258bd81ed8dab9c51f93ac0d5f6447fa81b47a40fe1ca9aceafecb7f665b1135","0x800F9414","exact"
"0x800f67fc",,,"1","1","71","6","2","1","1","1","0","direct_call+overlay","direct_call+overlay","47f30925af03114836f812446231e465a4ab25ef8751e5bf2fbdc84d242712af","47f30925af03114836f812446231e465a4ab25ef8751e5bf2fbdc84d242712af","decc58ceaddd054212f25a47f7cf9e8dfb670d85c55a7cbef48e93c40053661e","0x800F95CC","structural"
"0x800f6918",,,"1","1","148","7","0","1","0","0","0","direct_call","direct_call","b6a850e357e62a8922bf569f213097c71e5296acca3365b7576e069e99d79957","b6a850e357e62a8922bf569f213097c71e5296acca3365b7576e069e99d79957","94cf1d05370f636e8520828a504a07d7b600aeaee29e85d13252aa9dbc7d894f","0x800F96E8","exact"
"0x800f6b68",,,"1","1","163","32","0","1","0","0","0","direct_call","direct_call","f985eb9ee9010d998320c37456cef049c0a3cfc91f3a6a5dc656f94aa9992f15","f985eb9ee9010d998320c37456cef049c0a3cfc91f3a6a5dc656f94aa9992f15","0493fd58fb90e6f2b0f5696ccde6aca50127c01590d2f3bbc43bb85b411e7cf1","0x800F9938","structural"
"0x800f6df8",,,"1","1","67","20","0","1","0","0","0","direct_call","direct_call","2cdd7a947dcf65933864dc985431b443aff64da08fe0b62b26cd8e2cdc3c9a30","2cdd7a947dcf65933864dc985431b443aff64da08fe0b62b26cd8e2cdc3c9a30","0fb5fca28253b26ffdb76a27303cb8dc41e702fa7f1ac9ab749bbcad751277bb","0x800F9BC8","exact"
"0x800f6f08",,,"1","1","57","1","0","1","0","0","0","direct_call","direct_call","3c3e763166de5b8d57442ed3bb32f78b171fc8bb91d6d91abafb13fc95dfbf64","3c3e763166de5b8d57442ed3bb32f78b171fc8bb91d6d91abafb13fc95dfbf64","728808861fd05b3acc66af88fe79c9f1527b20ba62d2c3e624b9f67f42ac952a","0x800F9CD8","structural"
"0x800f6ff8",,,"1","1","4","3","0","0","0","0","0","direct_call","direct_call","0164d297d907a08c301c118c43b6ac5872163f6821751e97fdc6b2d7de3183aa","0164d297d907a08c301c118c43b6ac5872163f6821751e97fdc6b2d7de3183aa","2677dd5b4382d7b09b559111168f4d6a1253112fd4d3db90a6da99116aef4af3",,
"0x800f7008",,,"1","1","13","0","1","1","0","0","0","prologue_only","prologue_only","6a9a7b5f44224c4674fed9c6bc227fd54488d7ac98f5d952b360c2086cb1c8aa","6a9a7b5f44224c4674fed9c6bc227fd54488d7ac98f5d952b360c2086cb1c8aa","d362b8e331b15cdd08dd56618818415b2fb4ef62ccd441241f20bdeb9141111e","0x800F9DD8","structural"
"0x800f703c","CdReadyCallback","confirmed","1","1","157","0","11","1","0","0","0","prologue_only","prologue_only","9e3e72f660fb87c0c66afbcb4561f261957ca98196423d7d237bf7d3f0d0eaa1","9e3e72f660fb87c0c66afbcb4561f261957ca98196423d7d237bf7d3f0d0eaa1","12e1311316c2e3439830af0d3767140caaaa7c509650717b7478c474c71bc933","0x800F9E0C","structural"
"0x800f72b0",,,"1","1","52","0","4","1","0","0","0","prologue_only","prologue_only","8f86e14f9ac777c4a5f651a6e1c2f4ab556bd750c0d1b399515bbd505864f67d","8f86e14f9ac777c4a5f651a6e1c2f4ab556bd750c0d1b399515bbd505864f67d","6a7c9010ae239e570e26331bbd4606d3bdf47bea9fa20f0dc8121348319f2af4","0x800FA080","structural"
"0x800f7380",,,"1","1","122","3","12","1","0","0","0","direct_call","direct_call","6ea8eddbe5dcc5d7b8589fcd00bef19b9cac245b91a50a40a2b608769b3e2cb7","6ea8eddbe5dcc5d7b8589fcd00bef19b9cac245b91a50a40a2b608769b3e2cb7","f7b3b9b78375d1655080c2866e166252121649689f6a67ae3f5438cf4dbe9292","0x800FA150","structural"
"0x800f7568",,,"1","1","103","3","7","1","0","0","0","direct_call","direct_call","0b12228d18d1251a711eec279d4109656b29394706d3e3e381653df677401c75","0b12228d18d1251a711eec279d4109656b29394706d3e3e381653df677401c75","7ea9e346058b4b5b304e555f99f9e214353fd2ba070a2d304c5ecec35b8b0166","0x800FA338","structural"
"0x800f7704",,,"1","1","65","3","3","1","0","0","0","direct_call","direct_call","0298e40e1272ed52767ca0f80609d079ca8607030c43b4e13b036b6f62412c6c","0298e40e1272ed52767ca0f80609d079ca8607030c43b4e13b036b6f62412c6c","1e8754bf37c5dd9af6658a23243677ffbad8bfcea99550ce6d7e001ff98c7653","0x800FA4D4","structural"
"0x800f7808",,,"1","1","33","1","3","1","0","0","0","direct_call","direct_call","163b16835ebe0d978b46f4f234c8a5a28d7fe675619f655f6430b9014397c230","163b16835ebe0d978b46f4f234c8a5a28d7fe675619f655f6430b9014397c230","63dd646af796cafcb0d1d64ac0505c2231e033d5d8e43251cebba498e59a7475","0x800FA5D8","structural"
"0x800f788c",,,"1","1","8","0","1","1","0","0","0","prologue_only","prologue_only","7055801720cf807687097fbce3553053c1f2c4a6dd2c7d8b0a7860ca975f9eea","7055801720cf807687097fbce3553053c1f2c4a6dd2c7d8b0a7860ca975f9eea","43f20be7a8d281c6a1e9bdbb1b33099e779f9a54882e73221fbab3a24c6958ad",,
"0x800f78b8",,,"1","1","182","2","5","1","0","0","0","direct_call","direct_call","b1ef43bae84c620bb2ac1d6ae9d0d1f06977471556c7c7256d5361030aee7a7d","b1ef43bae84c620bb2ac1d6ae9d0d1f06977471556c7c7256d5361030aee7a7d","ac28bea571b4e4fa9c4b909c56d6ce7226cfc2089f6dcc074bad7aa2b9a5e810","0x800FA688","structural"
"0x800f7b90",,,"1","1","8","1","1","1","0","0","0","direct_call","direct_call","fcd2bf42c60080d5795c60d89d1c5f68de75eaded501eea4f3d9a0cab771491a","fcd2bf42c60080d5795c60d89d1c5f68de75eaded501eea4f3d9a0cab771491a","999f0a8fc3631cc7853302f5c6205ce7496db3ea0861734882e938070f68c2d9","0x800FA960","structural"
"0x800f7bb0",,,"1","1","177","1","4","1","0","0","0","direct_call","direct_call","ba0054c6b1a53be1ea881054e6d3bcb7f99914b356191722463f14df1bd971ec","ba0054c6b1a53be1ea881054e6d3bcb7f99914b356191722463f14df1bd971ec","ae5383a6e611e0c1ec495ad20ecef094d506d6c42393490012fcad2ec283170a","0x800FA980","structural"
"0x800f7e74",,,"1","1","41","1","1","1","0","0","0","direct_call","direct_call","797b479f337eb4e361f701f56e93761219d20c62320fa575ea2abd56f3819e32","797b479f337eb4e361f701f56e93761219d20c62320fa575ea2abd56f3819e32","aed9370ce106b1a2cea9d1f5627589e2cbd73c83c0eec04d0e45afaaa3930c8a","0x800FAC44","structural"
"0x800f7f18",,,"1","1","167","1","4","1","0","0","0","direct_call","direct_call","fea8b591a914267df50e8d50ac22dc98aa6a88018487f421b846625ad6ef414e","fea8b591a914267df50e8d50ac22dc98aa6a88018487f421b846625ad6ef414e","ec8ca1cdabe74f50d8f75f5b5d2c3d345c38968eb546be88f609323975bd59ca","0x800FACE8","structural"
"0x800f81b4",,,"1","1","26","3","4","1","0","0","0","direct_call","direct_call","fa5e740277c25ec7a6801adca14307c84e5647cfed782e437784c98b8e5da44a","fa5e740277c25ec7a6801adca14307c84e5647cfed782e437784c98b8e5da44a","0ff5b0f0855a3eaad57422457f5fc9b7cf1dc77d85e028f5d91483db8da7a6ea","0x800FAF84","structural"
"0x800f8228",,,"1","1","4","16","0","0","1","1","0","direct_call+overlay","direct_call+overlay","a006753a2f0c12fcecad927be094559647035547452f2fb80eee6fec7cc28186","a006753a2f0c12fcecad927be094559647035547452f2fb80eee6fec7cc28186","2677dd5b4382d7b09b559111168f4d6a1253112fd4d3db90a6da99116aef4af3",,
"0x800f8238",,,"1","1","4","2","0","0","1","1","0","direct_call+overlay","direct_call+overlay","6f69cbe6599e19e3853059faa973b937e9373d138a3cf0512604aad6027d000f","6f69cbe6599e19e3853059faa973b937e9373d138a3cf0512604aad6027d000f","2677dd5b4382d7b09b559111168f4d6a1253112fd4d3db90a6da99116aef4af3",,
"0x800f8248",,,"1","1","4","18","0","0","1","1","0","direct_call+overlay","direct_call+overlay","322329df7a44392c617ec1c088ddcd4859f041ffcd3db7e86fa07b05f4941b97","322329df7a44392c617ec1c088ddcd4859f041ffcd3db7e86fa07b05f4941b97","2677dd5b4382d7b09b559111168f4d6a1253112fd4d3db90a6da99116aef4af3",,
"0x800f8258",,,"1","1","4","15","0","0","1","1","0","direct_call+overlay","direct_call+overlay","70d48746abe62164837d810809349ded4538dd20c5436e9f821ea38869798f88","70d48746abe62164837d810809349ded4538dd20c5436e9f821ea38869798f88","2677dd5b4382d7b09b559111168f4d6a1253112fd4d3db90a6da99116aef4af3",,
"0x800f8268",,,"1","1","65","10","0","1","1","1","0","direct_call+overlay","direct_call+overlay","0a1c7f9f7ebeb18dbab609cb4fd849c837d080e6c69147c0b0ae91235a9d8c9b","0a1c7f9f7ebeb18dbab609cb4fd849c837d080e6c69147c0b0ae91235a9d8c9b","fe7c27be5bd2dabda696f07751b83d2febbe5c2fb7077d37217d956c575f1260","0x800FB038","exact"
"0x800f836c",,,"1","1","32","15","0","1","1","1","0","direct_call+overlay","direct_call+overlay","91ea1fb723b4ee635699703080fc31c086af6ade091e87f0fb3c93316bdfecf2","91ea1fb723b4ee635699703080fc31c086af6ade091e87f0fb3c93316bdfecf2","80a94a0932ba49e78c86e60c915d806d5a7707bd1418f914a2283410eb7c4511",,
"0x800f83f8",,,"1","1","23","2","0","1","0","0","0","direct_call","direct_call","5eff75f8ee6fc6b6ac7eeddc06c53876383fb018ca6e5376e057d09dd3ec7716","5eff75f8ee6fc6b6ac7eeddc06c53876383fb018ca6e5376e057d09dd3ec7716","c26fc91ca7560d7a93aa03a9037a713e082a2d5f5b72fe567b3e32f3fe26d542","0x800FB1C8","exact"
"0x800f8458",,,"1","1","78","2","0","1","0","0","0","direct_call","direct_call","e46b832bb0db9eb5884fb7d1087f8bc967a71ee155deb4e37d1342ac6b345479","e46b832bb0db9eb5884fb7d1087f8bc967a71ee155deb4e37d1342ac6b345479","71d92cda93d1e2acaf6ce9e9f9d2de2aecee447cae87bf2a62688c3d9de7d18e","0x800FB228","exact"
"0x800f8598","PsxRuntimeEntry","confirmed","1","1","42","0","2","0","0","0","0","entry","entry","00066262809742b9497ba57ecf2a6473452872c6580ac42c0007197129f93084","00066262809742b9497ba57ecf2a6473452872c6580ac42c0007197129f93084","ab58e7031bf5bde71355d888376ca96b6af6e706ec41961eb3a53d05b5b4923c","0x800FB368","structural"
"0x800f8640",,,"1","1","28","1","0","1","0","0","0","direct_call","direct_call","87b7dfa1f4aaa5e8647fad82b99ceb3e9b7e7033238765cda11781f49e35c07c","87b7dfa1f4aaa5e8647fad82b99ceb3e9b7e7033238765cda11781f49e35c07c","b468bdd676cef7be0560483c70cdf04a0fb818400eabe87c6526ef2933f405cd","0x800FB410","structural"
"0x800f86b0",,,"1","1","37","1","0","1","0","0","0","direct_call","direct_call","b148e4c75f1ea6ff8e47517fa480832c696498b82668f132e995a81e37d400e9","b148e4c75f1ea6ff8e47517fa480832c696498b82668f132e995a81e37d400e9","76b319d3b03e058afe164857b452917118faffee97e2fd98b4499ef6666facb1","0x800FB480","structural"
"0x800f877c",,,"1","1","5","1","0","0","0","0","0","direct_call","direct_call","a9abdec97a56576a2c8c15530d213bf8dd696c4060f4a996c4113c090e991231","a9abdec97a56576a2c8c15530d213bf8dd696c4060f4a996c4113c090e991231","1b392d93f3d338be48740b5011d04c8fa5fad7d28e180b193d1298e2ec9d23ee","0x800FB54C","exact"
"0x800f8790",,,"1","1","21","0","1","1","0","0","0","prologue_only","prologue_only","b932c5736e2a17b3f2ee324dc96a52e0d2d6596a19acd48f065ab8a5b65004a3","b932c5736e2a17b3f2ee324dc96a52e0d2d6596a19acd48f065ab8a5b65004a3","78b55257d587747921086b1a4389ea35439e9a0d632ca51f23436b9524dfcdf0","0x800FB560","structural"
"0x800f87e4",,,"1","1","18","1","1","1","0","0","0","direct_call","direct_call","e3c19c64ac4842553fbdd8b7d950a873ba2de5bc7e92e12f7b641a1a96fa1255","e3c19c64ac4842553fbdd8b7d950a873ba2de5bc7e92e12f7b641a1a96fa1255","d01c85363729c60cf03b0912fb5ece45f716266b565b37b805fe0dceb63fe941","0x800FDE54","structural"
"0x800f882c",,,"1","1","618","2","6","1","0","0","0","direct_call","direct_call","9d211c4219bd3a7cbc5452afec1579493520581eb800019c6268a16d24d5de88","9d211c4219bd3a7cbc5452afec1579493520581eb800019c6268a16d24d5de88","e53019baf59c1c05e2e7ccbb701ca36ceb675f098fdb3def091860183d672728","0x800FDE9C","structural"
"0x800f91d4",,,"1","1","15","1","0","1","1","0","0","direct_call+overlay","direct_call","0ca560808098b998de2cdf22f9e242442a188c5f0dc872e9dd6ed1f356f0cfd4","0ca560808098b998de2cdf22f9e242442a188c5f0dc872e9dd6ed1f356f0cfd4","6229b7f701a16b1dbbf23b8a0bc21416cf24eaefb6b6bd2bd326331465f60f5e",,
"0x800f9210",,,"1","1","10","3","0","1","0","0","0","direct_call","direct_call","dbc31cefad407de15824f4a475e8f5a8a1ebdbb621651460ad3d4df993fd1184","dbc31cefad407de15824f4a475e8f5a8a1ebdbb621651460ad3d4df993fd1184","b342f00fa54c9eb5586af7d0591613e04f59e89b163ecc77631a73367c420db1","0x800FE844","structural"
"0x800f9238",,,"1","1","3","1","0","1","1","1","0","direct_call+overlay","direct_call+overlay","0e197306efb796712ae01d68e22d628032aa66c9dfa86a5b142858566101fcf0","0e197306efb796712ae01d68e22d628032aa66c9dfa86a5b142858566101fcf0","8f0d2158f71c7be84ea2a8e3a443a4cad020a276b18237a5df1190133f56a79b",,
"0x800f9244",,,"1","1","4","49","0","0","1","1","0","direct_call+overlay","direct_call+overlay","7d701a6c38df07874933366d84a7b3237a2cf2743de3c3a1c93e5731fa36d484","7d701a6c38df07874933366d84a7b3237a2cf2743de3c3a1c93e5731fa36d484","2677dd5b4382d7b09b559111168f4d6a1253112fd4d3db90a6da99116aef4af3",,
"0x800f9254",,,"1","1","4","1","0","0","0","0","0","direct_call","direct_call","3cb18ab36dae95c5e62edd33bc79a676e2c78fbaca8b3885e3ceda0725e008b0","3cb18ab36dae95c5e62edd33bc79a676e2c78fbaca8b3885e3ceda0725e008b0","2677dd5b4382d7b09b559111168f4d6a1253112fd4d3db90a6da99116aef4af3",,
"0x800f9264",,,"1","1","2","7","0","1","0","0","0","direct_call","direct_call","e095dfdf6df2ebfe76845cd0501df365f1becf4149e5eee4c097ed1ac3532445","e095dfdf6df2ebfe76845cd0501df365f1becf4149e5eee4c097ed1ac3532445","e095dfdf6df2ebfe76845cd0501df365f1becf4149e5eee4c097ed1ac3532445","0x800FB5D4","exact"
"0x800f9274",,,"1","1","6","1","0","1","0","0","0","direct_call","direct_call","a36419fb5a5146c6907a41f7d6ed99067aa7a396f0f1e33764284066d5649ff8","a36419fb5a5146c6907a41f7d6ed99067aa7a396f0f1e33764284066d5649ff8","e1b39eb44c06db1577e90678195222c5f8dae5ee8a5469fd509537303c4d8a7b",,
"0x800f9290",,,"1","1","49","0","2","1","0","0","0","prologue_only","prologue_only","7de8047bae36d6d0659c0c2f7f1780f836e480718f29e590ac63b841d6cb640a","7de8047bae36d6d0659c0c2f7f1780f836e480718f29e590ac63b841d6cb640a","bd6d04cb9e80ec8dc2afac3cd5c13aa015f1b3dbc273a135efdcb49f2b256f88","0x800FB600","structural"
"0x800f9354",,,"1","1","5","1","0","1","0","0","0","direct_call","direct_call","47ef67d3feb5b05275e88116f2166262b7e9bc78a7a91b55bfa8748b56721822","47ef67d3feb5b05275e88116f2166262b7e9bc78a7a91b55bfa8748b56721822","7e8e0c9626619927574f6190b11e1ce3de22d6c8d23c1e516fab72c71ceff645","0x800FB6C4","structural"
"0x800f9368",,,"1","1","32","1","4","1","0","0","0","direct_call","direct_call","a97b7a66c255cf9e239322d8a14633e037ffac04ac54691e317fcd4ce2cc8a0c","a97b7a66c255cf9e239322d8a14633e037ffac04ac54691e317fcd4ce2cc8a0c","2a2d544e4f397b67c0152fec1d1df54ad81f74f4b6ae2d3f221097e03f3fb3f0","0x800FB6D8","structural"
"0x800f93e8",,,"1","1","28","1","4","1","0","0","0","direct_call","direct_call","404017db8fb04325f1bd827e43ad96011ec456c5fa63e59867207433c06fa7fd","404017db8fb04325f1bd827e43ad96011ec456c5fa63e59867207433c06fa7fd","1c6961ce964468adbb7dfc64a2113b3fbb564743705d0de40f8f544d7dd201f5","0x800FB758","structural"
"0x800f9458","XaCue_ResolveAndPlay","confirmed","1","1","73","1","2","1","0","0","0","direct_call","direct_call","20b4d1895433012b04d8594476c793497b96ca4c3cbfd040c74d34b61d2a69f9","20b4d1895433012b04d8594476c793497b96ca4c3cbfd040c74d34b61d2a69f9","9ab56cda0f158cf3507d14db9ad21f581d62798c4531d81a6e2be0c1d494bcd0","0x800FB7C8","structural"
"0x800f957c","XaFilteredStream_Start","strong","1","1","141","1","9","1","0","0","0","direct_call","direct_call","a078f888c548752b7493f8968e68892c4779ad70849e5781943d7a6482658765","a078f888c548752b7493f8968e68892c4779ad70849e5781943d7a6482658765","10a18e276928970e0e13defa6d102769afd487108e7bbfa5f2d7ef522e7329ad","0x800FB8EC","structural"
"0x800f97b0",,,"1","1","32","1","4","1","0","0","0","direct_call","direct_call","f5e303b424373486ec28c9b24df77dcae19babcee0a5048bbfe2fd7bd0f7a3c8","f5e303b424373486ec28c9b24df77dcae19babcee0a5048bbfe2fd7bd0f7a3c8","efa6425cbe969d262ec191a89fff9a216c2278e97e6e6f53740d7a04a41b7bf6","0x800FBB20","structural"
"0x800f9830",,,"1","1","120","1","9","1","0","0","0","direct_call","direct_call","ee42ccde9464001f85e163a58e18ad01ca7c32c83d296aaba13c6780a514b2bb","ee42ccde9464001f85e163a58e18ad01ca7c32c83d296aaba13c6780a514b2bb","9f97c87cd9bbb447cbbc1e2ef1a8046bc65abe0812df4a8036c9b0093e42ebea","0x800FBBA0","structural"
"0x800f9a10","XaStream_Stop","confirmed","1","1","16","3","3","1","0","0","0","direct_call","direct_call","20af92b7438a3f6c55a54a438f610b21feb71140e321117d4980d61fac780b66","20af92b7438a3f6c55a54a438f610b21feb71140e321117d4980d61fac780b66","f58d01763dfc05eb921f2402756cc9cf1132727bbbcb7854cc98c62f9de87641","0x800FBD80","structural"
"0x800f9a50",,,"1","1","14","9","1","1","0","0","0","direct_call","direct_call","a5591df7a67bf0cc9da19b6b69e77bc60b3d76de5232bae79f1f960eca485a06","a5591df7a67bf0cc9da19b6b69e77bc60b3d76de5232bae79f1f960eca485a06","d5b63c678d8cef1d116e3434677fb1dc237a2e7b9ceafe8e4444880ca24f8d46","0x800FBDC0","structural"
"0x800f9a88",,,"1","1","3","3","0","1","0","0","0","direct_call","direct_call","0af1bf8b6aa30e52632765d4fa99530814de3b8b9891cf703057e27a1d3055fd","0af1bf8b6aa30e52632765d4fa99530814de3b8b9891cf703057e27a1d3055fd","8f0d2158f71c7be84ea2a8e3a443a4cad020a276b18237a5df1190133f56a79b",,
"0x800f9a94",,,"1","1","32","2","0","1","0","0","0","direct_call","direct_call","91ea1fb723b4ee635699703080fc31c086af6ade091e87f0fb3c93316bdfecf2","91ea1fb723b4ee635699703080fc31c086af6ade091e87f0fb3c93316bdfecf2","80a94a0932ba49e78c86e60c915d806d5a7707bd1418f914a2283410eb7c4511",,
"0x800f9b14",,,"1","1","54","1","0","1","0","0","0","direct_call","direct_call","6599a279a1a312f8e447ec2265904f1f99f2868b54289503486e6356f54bc8c5","6599a279a1a312f8e447ec2265904f1f99f2868b54289503486e6356f54bc8c5","16a0a9e95334f36e321493615cbbe2fd1862bdc7ec86f6a5733812a300c4e343","0x800FBE84","exact"
"0x800f9bec",,,"1","1","14","4","0","1","0","0","0","direct_call","direct_call","f9974361d8535339fa6e6443f4385db874f45ea20f863ed1c555c7260e5db065","f9974361d8535339fa6e6443f4385db874f45ea20f863ed1c555c7260e5db065","9a491c836dca3e0b19f9f2749359c70f2dac59ab7e60a23d9b0a6a9ffc682569","0x800FBF5C","structural"
"0x800f9c24",,,"1","1","187","0","9","1","0","0","0","prologue_only","prologue_only","76469b0e24bbb2096ca35444bdbf97d2288845a1ac7d749858aee052c0dc3984","76469b0e24bbb2096ca35444bdbf97d2288845a1ac7d749858aee052c0dc3984","20569d5df3ca84d6212e9966181aaf3433b0c12102a5e549f9f9da720f961907","0x800FBF94","structural"
"0x800f9f10",,,"1","1","19","3","2","1","0","0","0","direct_call","direct_call","87ddd81f4b14eb4e1a71366a1399dbe11ee5024a9a13b78c96261f8544949621","87ddd81f4b14eb4e1a71366a1399dbe11ee5024a9a13b78c96261f8544949621","507036c6193551d0df583f7dd540e0ef9e98d79ea40635f10757db8d6d2210f6","0x800FC280","structural"
"0x800f9f5c",,,"1","1","3","1","0","1","0","0","0","direct_call","direct_call","c6c3341fcf7362b57901e34d5403c4ec29a1b5f60b68422370912aa80073b34f","c6c3341fcf7362b57901e34d5403c4ec29a1b5f60b68422370912aa80073b34f","07d19ed5397803d3b3287f83764d14af71561a21cebfa8dc2c1ddd0baaaf3ac2",,
"0x800f9f68",,,"1","1","295","4","9","1","0","0","0","direct_call","direct_call","f66ce4f9fb79f6d6dd67a7602440b23967cf815492bcbc92d01fa7b482777d1d","f66ce4f9fb79f6d6dd67a7602440b23967cf815492bcbc92d01fa7b482777d1d","023d83b2881e9bdd89bc4a98d3aa7af2d67e84d859ff3454058ca4d6bc1ae626","0x800FC2D8","structural"
"0x800fa404",,,"1","1","87","4","4","1","0","0","0","direct_call","direct_call","eb2798600e8f9c451e2a013d058357bd8e720314866fda4a56da38a68dc0bb7b","eb2798600e8f9c451e2a013d058357bd8e720314866fda4a56da38a68dc0bb7b","5f568496c2a50807976179b3cd46d8fb0a6d16f649e08309f5d51b67db06450a","0x800FC774","structural"
"0x800fa560",,,"1","1","72","4","0","1","0","0","0","direct_call","direct_call","1036237bdb3854f8b8077ba6405d8fcca6a7b196898c4085ad16e8b14061b8ad","1036237bdb3854f8b8077ba6405d8fcca6a7b196898c4085ad16e8b14061b8ad","f7cef2a47522f56f54c4641b82c8623fa93dd90b43c5b32f35783300540b7b39","0x800FC8D0","structural"
"0x800fa680",,,"1","1","11","3","0","1","0","0","0","direct_call","direct_call","d43275c49f16582cbe8efe86a3c1de628baf004e55c00f707787daf91f525be5","d43275c49f16582cbe8efe86a3c1de628baf004e55c00f707787daf91f525be5","91ed4fe2f2ee35dd0f84177737b592c25dadba53aa00bc0ea02f0c00887eb3af","0x800FC9F0","exact"
"0x800fa720",,,"1","1","7","5","0","1","0","0","0","direct_call","direct_call","ea9ec7faad99ed211b6daf3aec03772b2c2b9c92055031004e147d1c37034f09","ea9ec7faad99ed211b6daf3aec03772b2c2b9c92055031004e147d1c37034f09","64e56f43d6bf9b115d9bddaa52e127957eb47692b0e46d909d4431c34f0e2a32","0x800FCA90","exact"
"0x800fa7dc",,,"1","1","57","2","3","1","0","0","0","direct_call","direct_call","6d2fef445cfe186385c22e6f880818bb60a08689eaf36fdca43412a1bc82b751","6d2fef445cfe186385c22e6f880818bb60a08689eaf36fdca43412a1bc82b751","34c14beb728143e74bbb1b4302ae11d908edab24c3ac3c8954c6a9ca8e4ab9c1","0x800FCB4C","structural"
"0x800fa8c0",,,"1","1","6","2","0","1","0","0","0","direct_call","direct_call","a3416aabeb2be4f367c2e1b8af4c43045d3879b4f486d26b23a68bed74fef68d","a3416aabeb2be4f367c2e1b8af4c43045d3879b4f486d26b23a68bed74fef68d","fa344d614d7b432437e059b2e2228df5c5bf4ff90531649c356d71f77855aa47","0x800FCC30","exact"
"0x800fa8d8",,,"1","1","198","3","8","1","0","0","0","direct_call","direct_call","b699496c5c54e29ae29be75fd89936855548b5d8a54e0cb5adf577e8737e4cae","b699496c5c54e29ae29be75fd89936855548b5d8a54e0cb5adf577e8737e4cae","62c940a385f4cf5e827629da3b02b638e9e5a55a7f65be93172f8994aa9abad9","0x800FCC48","structural"
"0x800fabf0",,,"1","1","11","1","0","1","0","0","0","direct_call","direct_call","ca8db6de6dffec79f6fb89ce6a3ddf942ac2e68e2a9e6f73c60bb205a37c69dc","ca8db6de6dffec79f6fb89ce6a3ddf942ac2e68e2a9e6f73c60bb205a37c69dc","4333a4b57b27726bd559a665cce8dccf259c39760d4cbfddc4aca0e9f5102e68","0x800FCF60","exact"
"0x800fac6c",,,"1","1","81","1","10","1","0","0","0","direct_call","direct_call","f2cc81283f5c79dd3b5bf2d0930fa93dc2dcd5bbcf2c017628465174c9c33acb","f2cc81283f5c79dd3b5bf2d0930fa93dc2dcd5bbcf2c017628465174c9c33acb","bf22ecb93767a8a39a513eca9932c4fdfd4f90425d571db40e22bdda11840d23","0x800FCFDC","structural"
"0x800fadb0",,,"1","1","64","1","7","1","0","0","0","direct_call","direct_call","33f8fdf4814f41af9820dfcff38998ca112292db857821174a8b8575546f2e0c","33f8fdf4814f41af9820dfcff38998ca112292db857821174a8b8575546f2e0c","03d67cc3e1ad3c2c1519be9c3ead3f9cc1188b0b6f6c06897125fd4543f7040a","0x800FD120","structural"
"0x800faeb0",,,"1","1","16","1","0","1","0","0","0","direct_call","direct_call","5a9a39b3791d93ee307f91141cce8c78a781b29b1521a580d056e387a859516b","5a9a39b3791d93ee307f91141cce8c78a781b29b1521a580d056e387a859516b","91307ebcff45d8ec39574e6e6d0a4f2cfbe83668c5ac08a3fa7f172e41a46df2","0x800FD220","structural"
"0x800faf08",,,"1","1","255","1","7","1","0","0","0","direct_call","direct_call","0709878b2aa8d0d2145aac790ad2b7b9b7d13e90047bedc46527af9e555c1da8","0709878b2aa8d0d2145aac790ad2b7b9b7d13e90047bedc46527af9e555c1da8","4b63badac2cbf5723f70f25adcc00d1845034f5a9dfab9436a7c96950daf571e","0x800FD278","structural"
"0x800fb304",,,"1","1","112","0","2","1","0","0","0","prologue_only","prologue_only","52cf12da89eea517dc52290e9baa8af3f135f1f3020ce2276bea1617c281171f","52cf12da89eea517dc52290e9baa8af3f135f1f3020ce2276bea1617c281171f","fa5f9c977d5bbb47e7a2f6677d5356ba64b0c8fac60e093f7bf223f3ae354127","0x800FD674","structural"
"0x800fb4c4",,,"1","1","155","3","6","1","0","0","0","direct_call","direct_call","f8cff1e896e46019816e52c1ca0b7a91d719e2df606cbf361f5b789b0f9f72a2","f8cff1e896e46019816e52c1ca0b7a91d719e2df606cbf361f5b789b0f9f72a2","496030e68ad052772d946a515f7b535c106fa84faa774b0bcef30c5f79f21273","0x800FD834","structural"
"0x800fb730",,,"1","1","26","0","1","1","0","0","0","prologue_only","prologue_only","31080a471423ef7e6b8a082eb9aacedadf3a453e5aa8d3689840077a047dd758","31080a471423ef7e6b8a082eb9aacedadf3a453e5aa8d3689840077a047dd758","a420492dc29e15113b6fe3664cc329a12eb4448f2215504d425a7886016ae8cd","0x800FDAA0","structural"
"0x800fb798",,,"1","1","21","1","0","1","0","0","0","direct_call","direct_call","2163d4f17982428b04fe06c761ac79cc3ddbebb55f0ecbc1d382fc2d4c3187e1","2163d4f17982428b04fe06c761ac79cc3ddbebb55f0ecbc1d382fc2d4c3187e1","d4bb2131a18bfa0935402310a165152a5943d1dfb5a085153158af61bf6de76b",,
"0x800fb824",,,"1","1","21","2","0","1","0","0","0","direct_call","direct_call","2163d4f17982428b04fe06c761ac79cc3ddbebb55f0ecbc1d382fc2d4c3187e1","2163d4f17982428b04fe06c761ac79cc3ddbebb55f0ecbc1d382fc2d4c3187e1","d4bb2131a18bfa0935402310a165152a5943d1dfb5a085153158af61bf6de76b",,
"0x800fb8c8",,,"1","1","135","0","6","1","0","0","0","prologue_only","prologue_only","54ea2939db6ddce4578b60d1039b2f9b30ddc700e9127255cea9a31c1ebe0574","54ea2939db6ddce4578b60d1039b2f9b30ddc700e9127255cea9a31c1ebe0574","6ac11e95ee0c588e25db255dad811d6b6402b4c67f170eaa3316427f36b9d437","0x800FDC38","structural"
"0x800fbae4",,,"1","1","62","8","5","1","1","1","0","direct_call+overlay","direct_call+overlay","e2a5864c83be2b0ea5c74ef9d994a16990cb60ada9f0d7c33331d256e94dfa76","e2a5864c83be2b0ea5c74ef9d994a16990cb60ada9f0d7c33331d256e94dfa76","c5d1ba7bca9c24ae6dfac6df8dbd281b396fa49bfb4834309393dd7a72becd51","0x800FE878","structural"
"0x800fbbdc",,,"1","1","21","3","1","1","1","1","0","direct_call+overlay","direct_call+overlay","d1f7bff087c3ebd7df18b99fe0d2d7a6f916eaf81d3463c5a6a5aef5efb293bd","d1f7bff087c3ebd7df18b99fe0d2d7a6f916eaf81d3463c5a6a5aef5efb293bd","dc93d941db1d271f7e2a62a4a147e4fde5407bb921d4b10126da1a15148ff6ea","0x800FE970","structural"
"0x800fbc30",,,"1","1","39","10","0","1","0","0","0","direct_call","direct_call","f25101b48a996b9564fec8c2bd8e30e46aed4da9760f11f8c5863ea18362fd8e","f25101b48a996b9564fec8c2bd8e30e46aed4da9760f11f8c5863ea18362fd8e","98dc1e84a2820623e924be3af69b808cb3fa0292ea21a8776135a491df81b65c","0x800FE9C4","exact"
"0x800fbf64",,,"1","1","35","24","0","1","0","0","0","direct_call","direct_call","c52daf9d58832e75f23942d24e129fc61dd6b131882ab1c3d56f2ca2f0e779e2","c52daf9d58832e75f23942d24e129fc61dd6b131882ab1c3d56f2ca2f0e779e2","f4888a2380d324bcc2879a36a6fd46c4cf0565a2050a5e5d78339c8a80d7ca6a","0x800FECF8","structural"
"0x800fbff0",,,"1","1","46","1","4","1","0","0","0","direct_call","direct_call","15d3d1055746143630dc9232f5eb571f5901bd16114acc46dee20e4eeac67f88","15d3d1055746143630dc9232f5eb571f5901bd16114acc46dee20e4eeac67f88","d8af87359a5634ce007c49c80147e4de9d3d0ae4a22ca2dcd2073d6565fe86ca","0x800FED84","structural"
"0x800fc0a8",,,"1","1","14","1","0","1","0","0","0","direct_call","direct_call","2df5cab540027ec639bacae5ac17ced9d2536dcc700a21bf28af17a7ec721c6f","2df5cab540027ec639bacae5ac17ced9d2536dcc700a21bf28af17a7ec721c6f","94410693b21b01f5d643b78d14c956f49a923c00e9a279883e959e3d35c7b348","0x800FEE3C","exact"
"0x800fc124",,,"1","1","6","1","0","1","0","0","0","direct_call","direct_call","a87af133bab82856112ca1b0a23f5826b7fcd7e4aa756efde44ec7a0323d9ea2","a87af133bab82856112ca1b0a23f5826b7fcd7e4aa756efde44ec7a0323d9ea2","9bb526288ba84eac714e840d1f3b30f8250cb0a6a7ad93df33428113d2e4f996","0x800FEEB8","structural"
"0x800fc13c",,,"1","1","75","2","5","1","1","1","0","direct_call+overlay","direct_call+overlay","321320396b5db2458a37965bc5f58e323e8bf4d5d18c796002051af0c1763309","321320396b5db2458a37965bc5f58e323e8bf4d5d18c796002051af0c1763309","683f8c235cdae21163e7bcb0573a67176cf1c6294507538e403c23c23f8995b3","0x800FEED0","structural"
"0x800fc268",,,"1","1","3","2","0","1","1","1","0","direct_call+overlay","direct_call+overlay","7c68474b829782bc4c8eea3e6eff26476427086aa7cbd66e4b24fb3f76e52050","7c68474b829782bc4c8eea3e6eff26476427086aa7cbd66e4b24fb3f76e52050","b2ec30029d4d6763d6fc413025f5f0f33dd2f5ab1a58504fd594116e176a7f0d",,
"0x800fc274",,,"1","1","41","2","0","1","1","1","0","direct_call+overlay","direct_call+overlay","508d3924f5628969b7f7e4dd2ca48056e809302255bd205669e2833b0d57fe6e","508d3924f5628969b7f7e4dd2ca48056e809302255bd205669e2833b0d57fe6e","94f1afbab473ce5461eb264b8436c6b811e716c296468f80aab3ec2822d29d17","0x800FF008","structural"
"0x800fc350",,,"1","1","40","1","2","1","0","0","0","direct_call","direct_call","4dd02e10393dbd89b6b32c2b4edd3f86e05ace9b8e50881865e1d73aaad6a281","4dd02e10393dbd89b6b32c2b4edd3f86e05ace9b8e50881865e1d73aaad6a281","7cd0c89200f4cd1bab533c7aaa3105f2bcf9a739fa67ab8baae42fdf333b81d2","0x800FF0E4","structural"
"0x800fc3f0",,,"1","1","174","2","3","1","1","1","0","direct_call+overlay","direct_call+overlay","3b1345eac193c5badc36f9be2f7419fc1af12c6e9b442678dcb2cfaebdfd4fa3","3b1345eac193c5badc36f9be2f7419fc1af12c6e9b442678dcb2cfaebdfd4fa3","262e45e2521026da09b49561df7ccd1296ba7e2f82d698cce2fb332105144652","0x800FF184","structural"
"0x800fc6a8",,,"1","1","14","2","0","1","0","0","0","direct_call","direct_call","2190c91afdd1fc842ec7ad647995bd2256998bc2d2b92b6767c60339e94716b6","2190c91afdd1fc842ec7ad647995bd2256998bc2d2b92b6767c60339e94716b6","ffb01414b769afdd7f4b284fd93bfab0326791677d508ca3ff75e1bfa269f29a","0x800FF43C","structural"
"0x800fc6e8",,,"1","1","14","2","0","1","0","0","0","direct_call","direct_call","4b635b8aac9e92ee23e0e900cb2ce9eb86f98b1c9a6c4fe4c0e1fc30f3d917f5","4b635b8aac9e92ee23e0e900cb2ce9eb86f98b1c9a6c4fe4c0e1fc30f3d917f5","eb4674fb4383df7a542e76b9e2424c08e74982df38042ad297fd8241a8caf53c","0x800FF47C","structural"
"0x800fc728",,,"1","1","59","3","3","1","1","1","0","direct_call+overlay","direct_call+overlay","a8954d4574be606433927796c20ee7523506227a5b471d7210de89ea55e4e4fb","a8954d4574be606433927796c20ee7523506227a5b471d7210de89ea55e4e4fb","4ec00cf0d18b9a3096842a1c8c11ab045e8c575063fe22fa34b9713106529a47","0x800FF4BC","structural"
"0x800fc814",,,"1","1","63","3","2","1","0","0","0","direct_call","direct_call","baa16325932ba547a499242531ca3cbbe4d2a926da6124f17a759173f7821513","baa16325932ba547a499242531ca3cbbe4d2a926da6124f17a759173f7821513","25e403f8ed01397b3eee524d7dfab2b3f13867a0e7ad0bf5252def6559d9c3e8","0x800FF5A8","structural"
"0x800fc910",,,"1","1","14","1","0","1","0","0","0","direct_call","direct_call","15f24ef2e21faed459da4594f1454f30f085530d03cb73d4c58915f56e43de3c","15f24ef2e21faed459da4594f1454f30f085530d03cb73d4c58915f56e43de3c","9822d31fa545e17b4115a75830305531da6140ff8a292e8b82d6af7cd9499837","0x800FF6A4","structural"
"0x800fc948",,,"1","1","7","2","0","1","0","0","0","direct_call","direct_call","2eaa8875aedc120f9af904d4444da30fd58c6c66c184ca794c279e0ea16e0331","2eaa8875aedc120f9af904d4444da30fd58c6c66c184ca794c279e0ea16e0331","fc5c46afe4eedc61f1575efda4f2a1470ccaa6c206a4c8c651614a7c6f8f4e1b","0x800FF6DC","structural"
"0x800fc998",,,"1","1","11","0","0","1","0","0","0","prologue_only","prologue_only","f461e5b0387398e69d543de68c05e424a9986dec83d10c05675081a06c28457c","f461e5b0387398e69d543de68c05e424a9986dec83d10c05675081a06c28457c","a0b2e451cb5b00fc0948eea57a59e6af0e9c25cf6b1b3fdb6a86413ab118dd44","0x800FF72C","structural"
"0x800fc9c4",,,"1","1","42","1","1","1","0","0","0","direct_call","direct_call","868e7f59d644a10bb77b0ead266c0124331d52c3c72ba1ee950cb05d2d6c8694","868e7f59d644a10bb77b0ead266c0124331d52c3c72ba1ee950cb05d2d6c8694","d500c76cfe386a7980dbb353489ac00cdf3f3fc95116894b190acd87351a2ae0","0x800FF758","structural"
"0x800fca6c",,,"1","1","163","3","7","1","0","0","0","direct_call","direct_call","3627a61b1a3d102fdacbbac7ef5ecd2c58aad91b9930462ff174820fb2ef9906","3627a61b1a3d102fdacbbac7ef5ecd2c58aad91b9930462ff174820fb2ef9906","d2a843534ffd0f442097dfe4e0ae78b64dc1e8b4d18f13e615bac89266a6d211","0x800FF800","structural"
"0x800fccf8",,,"1","1","58","0","1","1","0","0","0","prologue_only","prologue_only","3ec32889ba781c711de5d62aa6874ddd532210fb980ae2025cc95877378da223","3ec32889ba781c711de5d62aa6874ddd532210fb980ae2025cc95877378da223","1658e716e2e7332cf16079b54d30fa8e1a52aaa822af7895dddc7e2a6e8d0d08","0x800FFA8C","structural"
"0x800fcde0",,,"1","1","18","1","0","1","0","0","0","direct_call","direct_call","271fcd23681e857025c29732cb4ac8189acda9a6d98bed3d04831aa0493cf474","271fcd23681e857025c29732cb4ac8189acda9a6d98bed3d04831aa0493cf474","43bf01f9ca7160940a8fae72c364add0651bf9c34ed5c4c8f81e9d2bd515d32d","0x800FFB74","structural"
"0x800fce28",,,"1","1","9","16","0","1","0","0","0","direct_call","direct_call","792d2705d9897fc87a2b241e988e20248f6683ca2fb4fe33398231d9731f60ba","792d2705d9897fc87a2b241e988e20248f6683ca2fb4fe33398231d9731f60ba","9edbd78df90227d35d6b02d15b36003090585c6267dcb5071085c88189076648","0x800FFBBC","structural"
"0x800fce58",,,"1","1","20","16","1","1","0","0","0","direct_call","direct_call","15d56e9e44adcc13ebd508aacc9a23c06bb9f2f9f56211134a099f7b453721b8","15d56e9e44adcc13ebd508aacc9a23c06bb9f2f9f56211134a099f7b453721b8","a457c871108fdc424b5009ab1f9ae95388b9cb7dc155c87cd492c586a40a7f61","0x800FFBEC","structural"
"0x800fcea8",,,"1","1","94","2","1","1","0","0","0","direct_call","direct_call","875e260e10491790e0bdaf5d1c8c5262641bf78a3db01629adba5fa6e5579d78","875e260e10491790e0bdaf5d1c8c5262641bf78a3db01629adba5fa6e5579d78","6a7cfa3f4344a0c88cbb5bacc10373c37742c4a68a2eedb4cde11ac2b809af72","0x800FFC3C","structural"
"0x800fd020",,,"1","1","107","2","3","1","0","0","0","direct_call","direct_call","36f4db98c0434839ff0341618a34bc2d7b2c6c2755315bdb5288c894dd2f151e","36f4db98c0434839ff0341618a34bc2d7b2c6c2755315bdb5288c894dd2f151e","f72019f8968ac9675d1b6c61dacbc370c503b8a148dcfa549feab0af88496eae","0x800FFDB4","structural"
"0x800fd1cc",,,"1","1","35","1","3","1","0","0","0","direct_call","direct_call","f18f91ca55f3a389f2af49f75051b536291643aef8453d74182b8f24194b78b5","f18f91ca55f3a389f2af49f75051b536291643aef8453d74182b8f24194b78b5","26f9c7dfb2004b1159be6d3ee9bdaf6ef5985a0e95b2721cfa840d4376ea1e2f","0x800FFF60","structural"
"0x800fd258",,,"1","1","19","1","1","1","0","0","0","direct_call","direct_call","7ad62a110dcb5e5d347c3be6d0017f611ecb7af9a9cb78e44b586d676bba92e4","7ad62a110dcb5e5d347c3be6d0017f611ecb7af9a9cb78e44b586d676bba92e4","542e1c2b2920ee22423385e307c485581c0736b200c801df45211565d190fa0c","0x800FFFEC","structural"
"0x800fd2a4",,,"1","1","26","1","1","1","0","0","0","direct_call","direct_call","f129c0de09eed2ef5bd2ce09fb4d9c1ceae1b53e872e009808b9c05520a97818","f129c0de09eed2ef5bd2ce09fb4d9c1ceae1b53e872e009808b9c05520a97818","1d2e49c5666a1634edf1e131fb09d9255d8cf3039a0dc847121700e153d719b1","0x80100038","structural"
"0x800fd30c",,,"1","1","32","1","0","1","0","0","0","direct_call","direct_call","7f7f8eb94c67d06ce01ce18fb1073c46cfbae595241531d177f99e7a13006a9a","7f7f8eb94c67d06ce01ce18fb1073c46cfbae595241531d177f99e7a13006a9a","812026f79a16321cf80395565c85d070598527da578507f7e8299e15e4b8b4c9","0x801000A0","structural"
"0x800fd38c",,,"1","1","41","1","0","1","0","0","0","direct_call","direct_call","7b445ca6b948502964765a4b8e8562f9322eeed76707c65d3be9def6e15e1024","7b445ca6b948502964765a4b8e8562f9322eeed76707c65d3be9def6e15e1024","bcf04821d9042a901c286e1d20dfd7d139a86320ea4791d18ede6f20b5199bc1","0x80100120","structural"
"0x800fd430",,,"1","1","36","4","0","1","0","0","0","direct_call","direct_call","40fcbdb3f031f7abd0b9c9cd8bd2ea95a444c705ec41e8a85eccbcba812567e9","40fcbdb3f031f7abd0b9c9cd8bd2ea95a444c705ec41e8a85eccbcba812567e9","61194971b24ed7dbd7789828604fcae7381ef430746c80a4d8f0bbf8a9e9e5db","0x801001C4","structural"
"0x800fd4c0",,,"1","1","49","1","0","1","0","0","0","direct_call","direct_call","b0830343423b09ff29ad76eaa77276dc345061fe862426f33b950a7ef616ee52","b0830343423b09ff29ad76eaa77276dc345061fe862426f33b950a7ef616ee52","b4d15ff4de100440b263c5d91b3729d88aa92c544ba0e565b82adcd38d1029fd","0x80100254","structural"
"0x800fd584",,,"1","1","7","9","0","1","0","0","0","direct_call","direct_call","86fe006f4971e05571cf84888dd689afbaf37fc8812fb0d07621afa4e7fe9259","86fe006f4971e05571cf84888dd689afbaf37fc8812fb0d07621afa4e7fe9259","2bdaba720df586f0da1cd1949527cde4c39fd5a5fa7c34d07b391bba418e1d4f","0x80100318","structural"
"0x800fd5a0",,,"1","1","14","1","2","1","0","0","0","direct_call","direct_call","aea32ecafc03ea5f13d57d1605fb4c0d985ec79ee828dc912cadf363df76e4ea","aea32ecafc03ea5f13d57d1605fb4c0d985ec79ee828dc912cadf363df76e4ea","8f3e280fac69ffbbed99c8467502352da94f7f8b5a6d00a7c6c394b05e84ff4f",,
"0x800fd5d8",,,"1","1","14","1","2","1","0","0","0","direct_call","direct_call","dad6637b92b7f9d3ac7d6708eb688bed51c2b71e777948778274b53428fac2c1","dad6637b92b7f9d3ac7d6708eb688bed51c2b71e777948778274b53428fac2c1","8f3e280fac69ffbbed99c8467502352da94f7f8b5a6d00a7c6c394b05e84ff4f",,
"0x800fd610",,,"1","1","37","1","4","1","0","0","0","direct_call","direct_call","b0dbcf40159e82aeef81720b9b780e6f49140ad75ca1db3ebadf92e53a227342","b0dbcf40159e82aeef81720b9b780e6f49140ad75ca1db3ebadf92e53a227342","219a74af4f901eb1ce8c163e132697e0a11c627891c93d97f6f2660fc8f24344","0x801003A4","structural"
"0x800fd6a4",,,"1","1","52","1","5","1","0","0","0","direct_call","direct_call","889f8b5d50697389610fbe28f30844af0e106f6deb16f01bd6fccc41772e135d","889f8b5d50697389610fbe28f30844af0e106f6deb16f01bd6fccc41772e135d","8dbd65143659fcf2c38b9c250c6b8b5764e2b9d7d164a6d1ec3632a3f07243bf","0x80100438","structural"
"0x800fd774",,,"1","1","36","1","3","1","0","0","0","direct_call","direct_call","3d28952c1c8fb3686ebfe1524e8c369b8e5f356e471096ee293020e525c98a97","3d28952c1c8fb3686ebfe1524e8c369b8e5f356e471096ee293020e525c98a97","d1ff90598d94d053de288b928d8ed7209b27b2dfd147c3cc92f2b76f768b407f","0x80100508","structural"
"0x800fd804",,,"1","1","50","1","4","1","0","0","0","direct_call","direct_call","65437437d794a210d18c46e04421a5d02dbe4dcfa391258e4db52b076fce4fb2","65437437d794a210d18c46e04421a5d02dbe4dcfa391258e4db52b076fce4fb2","c8a601b09f1b63068d3532eb09854e162e94b0f16c0e955e1b80a97697c7b705","0x80100598","structural"
"0x800fd8cc",,,"1","1","56","1","3","1","0","0","0","direct_call","direct_call","ae8957a2293bc52da29732bae3076bc38b770c7d816af0f4168781c60ad27e21","ae8957a2293bc52da29732bae3076bc38b770c7d816af0f4168781c60ad27e21","6d353ca4fbf8dfa05fec8eff48b7da288e53a6d1392e8c439a9672e07cc8c48a","0x80100660","structural"
"0x800fd9ac",,,"1","1","40","1","0","1","0","0","0","direct_call","direct_call","c1238fe639aa9cec1282ed254f160d13123b5fb6099d85bfd2b94e90a6e1f546","c1238fe639aa9cec1282ed254f160d13123b5fb6099d85bfd2b94e90a6e1f546","de19b5a795fd40bb6fc318831bd54a3161efaefbbf0b2241fb6632d6eae96a77","0x80100740","structural"
"0x800fda4c",,,"1","1","63","1","3","1","0","0","0","direct_call","direct_call","484a95846ab630e65acc000de4154458378e1d261d1a972a9864fc8e3c4a95d1","484a95846ab630e65acc000de4154458378e1d261d1a972a9864fc8e3c4a95d1","5537f644851f1b3e83eca9bfa9b83445de6dd0f5ae08ef391371b0cbcd9f9f70",,
"0x800fdb48",,,"1","1","6","2","0","1","0","0","0","direct_call","direct_call","d1d91c6b9e6a8f501847957d68c2b2ad906c1dc38bdfe6d88a9ea20af7572e8b","d1d91c6b9e6a8f501847957d68c2b2ad906c1dc38bdfe6d88a9ea20af7572e8b","00284f743552ae2f0122588a4624c6a852f0e97cbdcdb814d8014a6040c90fee","0x801008DC","exact"
"0x800fdba0",,,"1","1","12","0","2","1","0","0","0","prologue_only","prologue_only","899c75d02e9ed27c804841b5b2ba4dcae8c89511bd4073841d2cb13a9f392554","899c75d02e9ed27c804841b5b2ba4dcae8c89511bd4073841d2cb13a9f392554","e63060607ae7944c1264d9f7dac71062846fcc06ac1d837d5f9f23ea50efb18f","0x80100934","structural"
"0x800fdbd0",,,"1","1","6","1","0","1","0","0","0","direct_call","direct_call","fb94102693a4dbe13924a60b4a007e12b93307dcb2932a8e695621b54125d85b","fb94102693a4dbe13924a60b4a007e12b93307dcb2932a8e695621b54125d85b","d49f4016d5338712fe8d845b88d1f7d277078a72f54c56a9419f19e1d0916e9d","0x80100964","exact"
"0x800fdbe8",,,"1","1","7","1","0","1","0","0","0","direct_call","direct_call","7e720301902052b049bacc0fb6c07e35a93fa47907e528a6b68cf1b6a57dd443","7e720301902052b049bacc0fb6c07e35a93fa47907e528a6b68cf1b6a57dd443","1f15bba476d75e9c0fac9d9fd6c2a579d032aaab5283271f9db35b9f4e054aaf","0x8010097C","exact"
"0x800fdc04",,,"1","1","7","5","0","1","0","0","0","direct_call","direct_call","791e961896889759c82709afc5f9e93bc12ea99cdbfdd132a7473accefc211f7","791e961896889759c82709afc5f9e93bc12ea99cdbfdd132a7473accefc211f7","9fff687eea97145d1b9658d68d1a41f64547fabcb48a49cf97e6a42acc470799","0x80100998","structural"
"0x800fdc54",,,"1","1","74","3","5","1","0","0","0","direct_call","direct_call","62cca48f9c3f02305672a3de7b7a765badb4338cd4e82ff29d73267e15cc7d6f","62cca48f9c3f02305672a3de7b7a765badb4338cd4e82ff29d73267e15cc7d6f","79a4585ee961c60ac0dfc6ad4124f7b32704159fc7e3fe8858787262f0dbd866","0x801009E8","structural"
"0x800fdd98",,,"1","1","454","2","9","1","0","0","0","direct_call","direct_call","776636cfd33563ee7afc5515f4ca44e928e638ac966cc42f335fc97e96a4edae","776636cfd33563ee7afc5515f4ca44e928e638ac966cc42f335fc97e96a4edae","cf0e1363948f50048228ad65383b5f506fade45d1413ce73b451e2bef32b6668","0x80100B2C","structural"
"0x800fe4b0",,,"1","1","18","2","0","1","0","0","0","direct_call","direct_call","4576477c9ef6ab60895a30bc233a1c3db47d3b4a48591ed3cd30c8e0d947bea2","4576477c9ef6ab60895a30bc233a1c3db47d3b4a48591ed3cd30c8e0d947bea2","f9d02239f40ab5962dff6969d1b3c6d4c0bf70debd1ced6fc39da86ca6bddecd","0x80101244","exact"
"0x800fe4f8",,,"1","1","251","1","6","1","0","0","0","direct_call","direct_call","24bc4f38cd2dc2c3622abf95020b2f9c6895a0ffbfec54b393a23eea8641d087","24bc4f38cd2dc2c3622abf95020b2f9c6895a0ffbfec54b393a23eea8641d087","af9e0c3cd0870eaa7a381ea54c9868b9aa24628625e27251f7cafb3ff950ddd4","0x8010128C","structural"
"0x800fe8e4",,,"1","1","59","3","4","1","0","0","0","direct_call","direct_call","f5df921458ab84bcf0ff29b6698bf805210281d17469aef1dc4d5f59e8def1c9","f5df921458ab84bcf0ff29b6698bf805210281d17469aef1dc4d5f59e8def1c9","9fdcc10683032140188d94079811904042a2ae5e74d5d176016e07a64cb0047f","0x80101678","structural"
"0x800fe9d0",,,"1","1","53","1","4","1","0","0","0","direct_call","direct_call","8e881c8279ee32f60bfd80bae2bc193112f1a15cb5035b8f7e2c1906604db156","8e881c8279ee32f60bfd80bae2bc193112f1a15cb5035b8f7e2c1906604db156","e8a52e6934ab8e0c7e84e68b594db76944ffcd55d0c7693c0a49dfb06c640539","0x80101764","structural"
"0x800feaa4",,,"1","1","16","5","0","1","0","0","0","direct_call","direct_call","8edc1354ae69dbdb276f8ce043f12bdef52cfffbac7fe60cc1a62c21d7fc66ef","8edc1354ae69dbdb276f8ce043f12bdef52cfffbac7fe60cc1a62c21d7fc66ef","2a5d0bc78c815f48f45b80a009c385f03388841f45f89973d3f7c25865eb145b","0x80101838","exact"
"0x800feae4",,,"1","1","119","1","4","1","0","0","0","direct_call","direct_call","f3842a735685d3a9cb3149cff441863126d6d570ef310ada6b52050728095124","f3842a735685d3a9cb3149cff441863126d6d570ef310ada6b52050728095124","2bb345b402ef517128bd51487e279a3c9810c578c80a9b3784487a8b379a29f4","0x80101878","structural"
"0x800fecc0",,,"1","1","118","0","7","1","0","0","0","prologue_only","prologue_only","4eedad0a9fa787aa8f3dc4ae115b9a9e23128879d9770287b68f6839b152fafc","4eedad0a9fa787aa8f3dc4ae115b9a9e23128879d9770287b68f6839b152fafc","1eb1026c509b6ced79e201d7329f18711fe0d8c541cbcd448dfdff87251c5b45","0x80101A54","structural"
"0x800fee98",,,"1","1","10","9","0","1","0","0","0","direct_call","direct_call","b821ac83a86822b7f7f86d144c71f923b2252469c4e5be70d445dcb90af2a68b","b821ac83a86822b7f7f86d144c71f923b2252469c4e5be70d445dcb90af2a68b","b25fec7faabb823cba527824216ccf3bb950fd7042c4b1c80a4f49328686ca19","0x80101C2C","exact"
"0x800feec8",,,"1","1","8","5","0","1","0","0","0","direct_call","direct_call","2f228789930df0a6d6db76e145ba3301694d7c01b9df2dbf45d2f48ad7aaee1e","2f228789930df0a6d6db76e145ba3301694d7c01b9df2dbf45d2f48ad7aaee1e","67a449d3e31100cd1f53e4a964ca13196f27d367dc40b1ed0e8c1ade43a8c15e","0x80101C5C","exact"
"0x800feee8",,,"1","1","12","3","0","1","0","0","0","direct_call","direct_call","8bfa92f74089c242879b6a9d56a611913c5ac52412b5011764e24f65dbea76dd","8bfa92f74089c242879b6a9d56a611913c5ac52412b5011764e24f65dbea76dd","e6b1367e7c89e74d80c3f00c0296e8263795f63060d97c61da7869ef2c66bd88","0x80101C7C","exact"
"0x800fef18",,,"1","1","12","6","0","1","0","0","0","direct_call","direct_call","095799477a23b46afa40d99dc027e7ef467cd14b8e135234d7e5b5c9ebc07883","095799477a23b46afa40d99dc027e7ef467cd14b8e135234d7e5b5c9ebc07883","0d07301d69b9e33a824e0eb5c600c5fccc29fd383c3783fc14df652a6106e833",,
"0x800fef48",,,"1","1","90","1","7","1","0","0","0","direct_call","direct_call","958359e5379313ced44ac5d14a7acb6173240db3073e61d09bb902aafe920579","958359e5379313ced44ac5d14a7acb6173240db3073e61d09bb902aafe920579","bb6d0a43779f34c23a2034f76aba7f526a9b1c7d51585a5ab6a146f85d5ead23","0x80101CDC","structural"
"0x800ff0bc",,,"1","1","19","3","0","1","1","1","0","direct_call+overlay","direct_call+overlay","d24fcf1270bfe6a6a9cc5bae3a4c4363664ad4c8085c1687d8ca33bbcfb65b79","d24fcf1270bfe6a6a9cc5bae3a4c4363664ad4c8085c1687d8ca33bbcfb65b79","9bc4e8f1a9827327e8406a9d3f24362fc6cb1067dac86e89fec4f4959771d05e","0x80101E50","structural"
"0x800ff10c",,,"1","1","4","1","0","0","1","1","0","direct_call+overlay","direct_call+overlay","6daffeef625d037fa9865a606a9122c37b5cb9afb17f4dde5f7655894c49d1cf","6daffeef625d037fa9865a606a9122c37b5cb9afb17f4dde5f7655894c49d1cf","2677dd5b4382d7b09b559111168f4d6a1253112fd4d3db90a6da99116aef4af3",,
"0x800ff11c",,,"1","1","583","2","5","1","1","1","0","direct_call+overlay","direct_call+overlay","8665ca94137df06ff28ae1660b691503d7faeff214fee4531ca5b14168a73767","8665ca94137df06ff28ae1660b691503d7faeff214fee4531ca5b14168a73767","4156fd9899cf7adb154e2f783d68f367eb4e7da5f86775abdde19e3061668f56","0x80101EB0","structural"
"0x800ffa38",,,"1","1","11","3","0","1","0","0","0","direct_call","direct_call","f91cd87bc431cf1eaa8877002a465f52cc61dff482723f5c3e2eedcca4bf23d4","f91cd87bc431cf1eaa8877002a465f52cc61dff482723f5c3e2eedcca4bf23d4","7f1c68850217c3266d57b16c5db48b675b1b5b9ac723cc1234f5b273fb9f198e","0x801027CC","exact"
"0x800ffa64",,,"1","1","106","3","1","1","0","0","0","direct_call","direct_call","288114ea537e6b62241f81820b21d46b0b14d995782bc4346a7ccd0e8d6a533b","288114ea537e6b62241f81820b21d46b0b14d995782bc4346a7ccd0e8d6a533b","9cbbdb40dd802b97e2588d45de872f198a32bb18a77957e7f6d34d38aec0eb05","0x801027F8","structural"
"0x800ffc0c",,,"1","1","24","6","1","1","1","1","0","direct_call+overlay","direct_call+overlay","3f651bf6d1cbd70f4c22c7aa2ffee556c70ac833f909848c696a1ac44ce7b2fd","3f651bf6d1cbd70f4c22c7aa2ffee556c70ac833f909848c696a1ac44ce7b2fd","be077c4b9072b86b4a02d5461c28ba0f95e34f48970994abf20e232ab607133a","0x801029A0","structural"
"0x800ffc6c",,,"1","1","32","1","6","1","1","1","0","direct_call+overlay","direct_call+overlay","10750462bcc38b8666d2356b7bd0634f419b61e954bd08ed4c61755a72dff055","10750462bcc38b8666d2356b7bd0634f419b61e954bd08ed4c61755a72dff055","18da3960cbf8fce2033a7496741bb42dc96db32e237f9ec580d9b71023283c3d","0x80102A00","structural"
"0x800ffcec",,,"1","1","33","1","1","1","1","1","0","direct_call+overlay","direct_call+overlay","2f8cbaeb252149dd25a2238f675a4d544e29a5f964b6f31cf0dea05d31908442","2f8cbaeb252149dd25a2238f675a4d544e29a5f964b6f31cf0dea05d31908442","f53bbbb4547e532039a796217b96c2822a19de12b11ba45efa00a984db72781c","0x80102A80","structural"
"0x800ffd7c",,,"1","1","7","4","0","1","1","1","0","direct_call+overlay","direct_call+overlay","fe0f27875fe433298459ea5448990f739c8ac8a4605776f4793f481d772e6d17","fe0f27875fe433298459ea5448990f739c8ac8a4605776f4793f481d772e6d17","85b4ed8cb91b4fe970b1d00ebbd660cdce2d789a33b3cd3429b867811e3eb9fe","0x80102B10","structural"
"0x800ffd9c",,,"1","1","11","1","1","1","1","1","0","direct_call+overlay","direct_call+overlay","23c9c3971a1f6a9a3d12793440a94985625e86432ed0049347e9bd4685202cb9","23c9c3971a1f6a9a3d12793440a94985625e86432ed0049347e9bd4685202cb9","c61d51031f6691eff1e5b8511c272fa9951eec47779762a2a666a17420883a63","0x80102B30","structural"
"0x800ffdcc",,,"1","1","46","1","0","1","1","1","0","direct_call+overlay","direct_call+overlay","790675407e783835bc8f5f1bc81e9877a39a8f8d2e379d15dc039f9293b24f77","790675407e783835bc8f5f1bc81e9877a39a8f8d2e379d15dc039f9293b24f77","4a25eb3638ae30df3ddc21832fcc93d901f47456a339f12bc82c8f213676fcb3","0x80102B60","structural"
"0x800ffe8c",,,"1","1","43","2","0","1","1","1","0","direct_call+overlay","direct_call+overlay","48247e4c688963423cdee61afe98957a74b6708dd7e803442e9137b5b292f4a4","48247e4c688963423cdee61afe98957a74b6708dd7e803442e9137b5b292f4a4","82eb18639665ffb68d224acf44714d01e0b2acda8274c77e35c56e4b80e822b5","0x80102C20","structural"
"0x800fff3c",,,"1","1","78","1","0","1","0","0","0","direct_call","direct_call","7027f77a701baa82a3518e7d807eeab1be0a4b17a14267c9e57619e03ff146f7","7027f77a701baa82a3518e7d807eeab1be0a4b17a14267c9e57619e03ff146f7","8f4a3fef32a2ea51d9536858282a96006659005701ceb3a767ee7d7411d00e03","0x80102CD0","exact"
"0x8010007c",,,"1","1","4","4","0","0","1","1","0","direct_call+overlay","direct_call+overlay","bdbc720eea468b392fda982eea65ddec5bbc068fa3fab6fcf707543078f5ebdc","bdbc720eea468b392fda982eea65ddec5bbc068fa3fab6fcf707543078f5ebdc","2677dd5b4382d7b09b559111168f4d6a1253112fd4d3db90a6da99116aef4af3",,
"0x8010008c",,,"1","1","78","2","9","1","1","1","0","direct_call+overlay","direct_call+overlay","f3005160c253a046834eb4f1e3c995b6d612901b47a04bd4d5800407077a4a18","f3005160c253a046834eb4f1e3c995b6d612901b47a04bd4d5800407077a4a18","87f11eedfeddfc8831086f3c1fdca37a04c16c077a98ef68e1eb3dae30e2050b","0x80102E20","structural"
"0x801001c4",,,"1","1","15","7","1","1","1","1","0","direct_call+overlay","direct_call+overlay","a0f6f8d5498b1f9dbe08b6ff85b2d8fbb88dd231b35aea480d88de4dd786c779","a0f6f8d5498b1f9dbe08b6ff85b2d8fbb88dd231b35aea480d88de4dd786c779","d0f74e2f865fc52a9ebfa1c4e8437c6a556bc159000c319779882d291cb31036","0x80102F58","structural"
"0x80100200",,,"1","1","24","8","0","1","1","1","0","direct_call+overlay","direct_call+overlay","3474a66b73ddc15d17f0710385bdf88f4cc816b55faf685d836ec49030dc1c22","3474a66b73ddc15d17f0710385bdf88f4cc816b55faf685d836ec49030dc1c22","9c425f5ab4032e49773ec05c42a8632d0a8ab5dd7e38c905657d9fabf2dee73c","0x800F7930","exact"
"0x80100260",,,"1","1","4","6","0","0","1","1","0","direct_call+overlay","direct_call+overlay","5a8d7916e8706090b06fd0e55b278b5f3220f629f3990e12106e26e4012ae4ca","5a8d7916e8706090b06fd0e55b278b5f3220f629f3990e12106e26e4012ae4ca","2677dd5b4382d7b09b559111168f4d6a1253112fd4d3db90a6da99116aef4af3",,
"0x80100270",,,"1","1","12","1","0","1","0","0","0","direct_call","direct_call","59b534e4432f141e4f5db760d413c82a0e72f2c6c922b227f8ddaa2b0f48dff7","59b534e4432f141e4f5db760d413c82a0e72f2c6c922b227f8ddaa2b0f48dff7","90507bdf74cb29f1867c252b1e07b468ae5c037960ce9ce3aebcf63af55c4d9b","0x80102FA4","exact"
"0x801002a0",,,"1","1","3","2","0","1","0","0","0","direct_call","direct_call","d8c79a8c2661cba5b0c79fdf925407b5a4945c383bb0c8c293287878a693cac2","d8c79a8c2661cba5b0c79fdf925407b5a4945c383bb0c8c293287878a693cac2","bf98df2862ae72a61a4ed653f022eca43b782c4d5fe6c60e727292ce75a2bbe9",,
"0x801002b0",,,"1","1","12","1","0","1","0","0","0","direct_call","direct_call","32169d0ce375b3a1a24a5beadfd11cd857ce0a89d610ddf3a1f3855fa6ed34f6","32169d0ce375b3a1a24a5beadfd11cd857ce0a89d610ddf3a1f3855fa6ed34f6","0d07301d69b9e33a824e0eb5c600c5fccc29fd383c3783fc14df652a6106e833",,
"0x801002e0",,,"1","1","4","1","0","0","0","0","0","direct_call","direct_call","2cf33c1d3c2e56be4bedc55e50c92b3a9c385781d695274ddd44e3bb64dd6927","2cf33c1d3c2e56be4bedc55e50c92b3a9c385781d695274ddd44e3bb64dd6927","2677dd5b4382d7b09b559111168f4d6a1253112fd4d3db90a6da99116aef4af3",,
"0x801002f0",,,"1","1","27","1","0","1","0","0","0","direct_call","direct_call","645a68b8475a8d27a77155cbdfad7e871ff25fe1139b6609970d1d9363725c5a","645a68b8475a8d27a77155cbdfad7e871ff25fe1139b6609970d1d9363725c5a","3b37284bee0265e8de813264d7a6e1f01cc41efb35e1ced577e007baef154f85","0x80103024","structural"
"0x80100360",,,"1","1","38","2","1","1","0","0","0","direct_call","direct_call","b5ea1dc9b42a8876b602774a4340bee91a9ca65c3961a0624242bc40799cf7bc","b5ea1dc9b42a8876b602774a4340bee91a9ca65c3961a0624242bc40799cf7bc","5d0a538a16c591577d7d27bebeb08119b76c0c280e39809b720d7c143a4520b8","0x80103094","structural"
"0x80100400",,,"1","1","4","1","0","0","0","0","0","direct_call","direct_call","7c2333e325be8e693e09cde0816e776348404ce7e883e17cdc429e157b2f3372","7c2333e325be8e693e09cde0816e776348404ce7e883e17cdc429e157b2f3372","2677dd5b4382d7b09b559111168f4d6a1253112fd4d3db90a6da99116aef4af3",,
"0x80100410",,,"1","1","30","3","1","1","0","0","0","direct_call","direct_call","d324e0a2b12f535da029b5247f84cade8612861dfe3974af822a57f13ecb0666","d324e0a2b12f535da029b5247f84cade8612861dfe3974af822a57f13ecb0666","89d60d9a6eb2c98f07b5c37d74dc272857797b80af55bfcf3d6ebfcaf6c8c202","0x80103144","structural"
"0x80100490",,,"1","1","66","4","2","1","0","0","0","direct_call","direct_call","3523301bf0929f1da5103b6c0d1ab3ef2263f9bb1ac7caa25696221dbeb60ea9","3523301bf0929f1da5103b6c0d1ab3ef2263f9bb1ac7caa25696221dbeb60ea9","723c5c2b5305e6c294e970d325d84812c4a0fe426a7ad645de0f81537bbb6724","0x801031C4","structural"
"0x801005a0",,,"1","1","19","1","3","1","0","0","0","direct_call","direct_call","fcd0090f9fcb0c597eaa021a487ae501764f2945108a142124758ff120f151c3","fcd0090f9fcb0c597eaa021a487ae501764f2945108a142124758ff120f151c3","229d025e00fac772e5dd86e7783f3971b53d87f0375cd2a9630e2cc53495e0d8","0x801032D4","structural"
"0x801005f0",,,"1","1","67","1","0","1","0","0","0","direct_call","direct_call","e03fec4cdb4fe80746af26e1a0331924167eed842a8334f9d6555c63232d016e","e03fec4cdb4fe80746af26e1a0331924167eed842a8334f9d6555c63232d016e","3dbdb5f91a55998863723444c5fabc4fffc4e14fa07afa95fb44dd18b1937278","0x80103324","exact"
"0x80100700",,,"1","1","66","1","0","1","0","0","0","direct_call","direct_call","6da26e01149624e83d930496b660ad57784131363b2d09f7ee353a63836f5c7d","6da26e01149624e83d930496b660ad57784131363b2d09f7ee353a63836f5c7d","7be8bed84502bf39deb546232d6ab28bb4b9fd776e61d8f50b214990dbca3963",,
"0x80100808",,,"1","1","1","1","0","0","0","0","0","direct_call","direct_call","df3f619804a92fdb4057192dc43dd748ea778adc52bc498ce80524c014b81119","df3f619804a92fdb4057192dc43dd748ea778adc52bc498ce80524c014b81119","df3f619804a92fdb4057192dc43dd748ea778adc52bc498ce80524c014b81119","0x80140808","exact"
"0x8010080c",,,"1","1","1","1","0","0","0","0","0","direct_call","direct_call","df3f619804a92fdb4057192dc43dd748ea778adc52bc498ce80524c014b81119","df3f619804a92fdb4057192dc43dd748ea778adc52bc498ce80524c014b81119","df3f619804a92fdb4057192dc43dd748ea778adc52bc498ce80524c014b81119","0x80140808","exact"
"0x80100810",,,"1","1","174","1","1","1","0","0","0","direct_call","direct_call","121c088b00b9c9946e291d98ac44b93b20ebcc565a80792189b131283dd9353c","121c088b00b9c9946e291d98ac44b93b20ebcc565a80792189b131283dd9353c","b951fc7643fc065c0272a80ba4be82b28583dc6aa2506437ac1e05c3ed720658","0x80103544","structural"
"0x80100ad0",,,"1","1","163","1","0","1","0","0","0","direct_call","direct_call","8385ce5385ab150b5a34290c44df41ea7fda13cb9816a144b450ba0ac30946b2","8385ce5385ab150b5a34290c44df41ea7fda13cb9816a144b450ba0ac30946b2","cbef219f52a89cc5ad8f114279da3a59fa8e62082e0ab2e92299b66e226672e6","0x80103804","structural"
"0x80100d60",,,"1","1","3","1","0","1","0","0","0","direct_call","direct_call","4ecf2f5bbdb450de400e5eeafac260aaf27c3f5d36b3f67ef8ceb47855a2e800","4ecf2f5bbdb450de400e5eeafac260aaf27c3f5d36b3f67ef8ceb47855a2e800","065d55ec2cd56367a105151172eb49ec38db0c03b29c22de418e7107de594565","0x80103A94","exact"
"0x80100d70",,,"1","1","9","1","0","1","0","0","0","direct_call","direct_call","e7c83d5bccd6bc52a2f15133283c464864c5087e31234fa07c436e2946e8eac4","e7c83d5bccd6bc52a2f15133283c464864c5087e31234fa07c436e2946e8eac4","43be62119f69529695e9ff0fc9af70f9fc1b226615710e011f8e5cd5f2a9f271","0x80103AA4","exact"
"0x80100da0",,,"1","1","30","1","0","1","0","0","0","direct_call","direct_call","7aabdde0f4e769f401038cd12dfc6daed66e77372ee145f066b22b7b3edc97eb","7aabdde0f4e769f401038cd12dfc6daed66e77372ee145f066b22b7b3edc97eb","d7eeabcaa9f7e3623b0f03878b082a1980ea739840a1a824a64f2dc5c737434f","0x80103AD4","exact"
"0x80100e20",,,"1","1","3","1","0","1","0","0","0","direct_call","direct_call","137430d515cfca2b9014536398a80cdb7341660e9b7ae4b91b8ffbe4fe866406","137430d515cfca2b9014536398a80cdb7341660e9b7ae4b91b8ffbe4fe866406","bf98df2862ae72a61a4ed653f022eca43b782c4d5fe6c60e727292ce75a2bbe9",,
"0x80100e2c",,,"1","1","3","1","0","1","0","0","0","direct_call","direct_call","82fe222ec657dc8d11063c998d2a78c33a8c451f20b4c3e8f96d693f9a091070","82fe222ec657dc8d11063c998d2a78c33a8c451f20b4c3e8f96d693f9a091070","bf98df2862ae72a61a4ed653f022eca43b782c4d5fe6c60e727292ce75a2bbe9",,
"0x80100e38",,,"1","1","8","2","0","1","0","0","0","direct_call","direct_call","7c5febbc8fceb4e4b3065c8276416832651867316006f05c53e0a20b893d522d","7c5febbc8fceb4e4b3065c8276416832651867316006f05c53e0a20b893d522d","05238b0b614c3037d5ada5cc0549a5aef682e1c0eed0405992c1a8a96dd90de8","0x80103B6C","exact"
"0x80100e58",,,"1","1","22","1","2","1","0","0","0","direct_call","direct_call","a08153b68f34b6ac3e6532186b3c2631bf54a4804ac0ebf5dc103e71dda51835","a08153b68f34b6ac3e6532186b3c2631bf54a4804ac0ebf5dc103e71dda51835","cc57f071b758f322ce5fd77afa8d92810ba39f79febc7f2d36f40a533e4c1656","0x80103B8C","structural"
"0x80100eb8",,,"1","1","25","0","0","1","0","0","0","prologue_only","prologue_only","ddfad872d6df6eab360d0b26e64f7967fd670c48473f1498e1846a0ee778f021","ddfad872d6df6eab360d0b26e64f7967fd670c48473f1498e1846a0ee778f021","752ab8d11ff9ec936ef745409bb1cbe6b700f851c462a3b25e74297104fa5a82","0x80103BEC","structural"
"0x80100f48",,,"1","1","9","1","0","1","0","0","0","direct_call","direct_call","7205982a9f3764f91f1bab001959ef54d1d12176ea93ee300af2b342db7a47df","7205982a9f3764f91f1bab001959ef54d1d12176ea93ee300af2b342db7a47df","70f7fd2a984a947262032203ca71679dbb12ce1b2481c33b5f309b9751382e7e",,
"0x80100f80",,,"1","1","6","10","0","0","0","0","0","direct_call","direct_call","1205be8b3f315afcb15f1ea45624ee0c9376ba943cee2e5bc8d637f79ecb60e9","1205be8b3f315afcb15f1ea45624ee0c9376ba943cee2e5bc8d637f79ecb60e9","e58cb156dc0ae0452e2a16ea648c1975277ffdf75362282bd50e7484223eb08a",,
"0x80100f98",,,"1","1","4","4","0","0","1","1","0","direct_call+overlay","direct_call+overlay","1e5b87bfede28345cb9701b76974698b353783fd345c8bdb1172d727b4ee64b9","1e5b87bfede28345cb9701b76974698b353783fd345c8bdb1172d727b4ee64b9","2677dd5b4382d7b09b559111168f4d6a1253112fd4d3db90a6da99116aef4af3",,
"0x80100fa8",,,"1","1","4","6","0","0","0","0","0","direct_call","direct_call","b66aac87180e52cdbfb2ad4683f941695a8f429d21e312d4ec840810df4a54cf","b66aac87180e52cdbfb2ad4683f941695a8f429d21e312d4ec840810df4a54cf","2677dd5b4382d7b09b559111168f4d6a1253112fd4d3db90a6da99116aef4af3",,
"0x80100fb8",,,"1","1","4","1","0","0","0","0","0","direct_call","direct_call","70e4f9ee9cc0fede4dae3613c85e925cf1067db6770426be2588c60d3e11bee8","70e4f9ee9cc0fede4dae3613c85e925cf1067db6770426be2588c60d3e11bee8","2677dd5b4382d7b09b559111168f4d6a1253112fd4d3db90a6da99116aef4af3",,
"0x80100fc8",,,"1","1","4","2","0","0","0","0","0","direct_call","direct_call","71bc7d71dd0d687c9d2831da8cfefac289bd4e79b870095ce0e51d39f49f64e8","71bc7d71dd0d687c9d2831da8cfefac289bd4e79b870095ce0e51d39f49f64e8","2677dd5b4382d7b09b559111168f4d6a1253112fd4d3db90a6da99116aef4af3",,
"0x80100fd8",,,"1","1","19","1","2","1","0","0","0","direct_call","direct_call","49048252970cc78ec511e09c177dc43df664247f9f2a754abab178eb8d460605","49048252970cc78ec511e09c177dc43df664247f9f2a754abab178eb8d460605","6532e31c0146f44f9f4113176016cfddcf62fe1a54dcc2c2abe61945fc6152df","0x80103D0C","structural"
"0x8010102c",,,"1","1","94","0","1","1","0","0","0","prologue_only","prologue_only","f2e7d65382589fb64af3e8298821fad771e56bc61d9bce1587a0f275a4c802cd","f2e7d65382589fb64af3e8298821fad771e56bc61d9bce1587a0f275a4c802cd","8b98f0bc4b5f9bdd73694748d76f246670ce98428a9a988b05a825047eebeacf","0x80103D60","structural"
"0x80101250",,,"1","1","9","1","0","1","0","0","0","direct_call","direct_call","7205982a9f3764f91f1bab001959ef54d1d12176ea93ee300af2b342db7a47df","7205982a9f3764f91f1bab001959ef54d1d12176ea93ee300af2b342db7a47df","70f7fd2a984a947262032203ca71679dbb12ce1b2481c33b5f309b9751382e7e",,
"0x80101280",,,"1","1","6","1","0","0","0","0","0","direct_call","direct_call","6641b87c847fae4a9ba20ae78c9afd8aecc9e0e45fc131869bf859fc43537835","6641b87c847fae4a9ba20ae78c9afd8aecc9e0e45fc131869bf859fc43537835","e58cb156dc0ae0452e2a16ea648c1975277ffdf75362282bd50e7484223eb08a",,
"0x80101298",,,"1","1","4","14","0","1","1","1","0","direct_call+overlay","direct_call+overlay","6e003f701ca622421a42bea9b13f252e5325ecafcb0e85216766a154e060e578","6e003f701ca622421a42bea9b13f252e5325ecafcb0e85216766a154e060e578","a731583e42c149ea1ca11482f39984319673cbc99729f1864c07084ce8c1a5a7",,
"0x801012a8",,,"1","1","4","2","0","0","0","0","0","direct_call","direct_call","f0cdeab31ae4c93b6f67e6afcbb1a7d89848759b52868dfd6814889063f58395","f0cdeab31ae4c93b6f67e6afcbb1a7d89848759b52868dfd6814889063f58395","2677dd5b4382d7b09b559111168f4d6a1253112fd4d3db90a6da99116aef4af3",,
"0x801012b8",,,"1","1","4","12","0","1","1","1","0","direct_call+overlay","direct_call+overlay","505f018057cab576fce3e80a248467f5c8ad5e14c7d2289869e453ad092ef931","505f018057cab576fce3e80a248467f5c8ad5e14c7d2289869e453ad092ef931","a731583e42c149ea1ca11482f39984319673cbc99729f1864c07084ce8c1a5a7",,
"0x801012c8",,,"1","1","4","1","0","0","0","0","0","direct_call","direct_call","d2bc95f90007b5994f42dca64682330a28203d4e9b0891baf58a4afa5cab7030","d2bc95f90007b5994f42dca64682330a28203d4e9b0891baf58a4afa5cab7030","2677dd5b4382d7b09b559111168f4d6a1253112fd4d3db90a6da99116aef4af3",,
"0x801012d8",,,"1","1","11","1","0","1","0","0","0","direct_call","direct_call","8a4b666489fb9f2f087cad29cd2d0f469c19e0468bbef90e2598e8627b2a711d","8a4b666489fb9f2f087cad29cd2d0f469c19e0468bbef90e2598e8627b2a711d","ff057f8183e24cda2660a4de80507c9cd34261bc715dfa1f3d091a9391cd1b4e","0x8010400C","structural"
"0x8010130c",,,"1","1","24","0","0","1","0","0","0","prologue_only","prologue_only","bd04bfdd4d7c49b9a3eb26ec62a4e11ccf7d0ac4853603b0bd6a4d5eeeebf7a2","bd04bfdd4d7c49b9a3eb26ec62a4e11ccf7d0ac4853603b0bd6a4d5eeeebf7a2","e6a0d45e66d1ecce092f1d4b136b69abcadbc4475372f46c7a26aaca9c18ecc2","0x80104040","structural"
"0x80101374",,,"1","1","98","0","2","1","0","0","0","prologue_only","prologue_only","2e7b9ede6ffcce0acdba83bbc154a80331cd0e76e71d0f159ad51edecb4f84ae","2e7b9ede6ffcce0acdba83bbc154a80331cd0e76e71d0f159ad51edecb4f84ae","a162ca48eff08de8b2f10ed447758cdcddc9907ce6413bf368eb571910e6988e","0x801040A8","structural"
"0x801014fc",,,"1","1","51","1","5","1","0","0","0","direct_call","direct_call","aa19eb9fe4502bc6ec510d65f0aef1b9a7fd3856f7b29d7070e17787319290d5","aa19eb9fe4502bc6ec510d65f0aef1b9a7fd3856f7b29d7070e17787319290d5","523108897e425f4aa178402c67fad4457dbef051b121f775b8f12c885148b611","0x80104230","structural"
"0x801015c8",,,"1","1","205","2","4","1","0","0","0","direct_call","direct_call","2d7f4f55912f05741ce73648c96118c51776f05f9e0fff609451ea05cb3eae37","2d7f4f55912f05741ce73648c96118c51776f05f9e0fff609451ea05cb3eae37","485032907b0efa20e1e030eb7dacc7ea1e0ceebfcbaeed3466331e6734c1e84d","0x801042FC","structural"
"0x801018fc",,,"1","1","60","1","2","1","0","0","0","direct_call","direct_call","c89af56d8727e8bc31d495c6dc37f6add216bc33b8057a3b75df5491155d3faf","c89af56d8727e8bc31d495c6dc37f6add216bc33b8057a3b75df5491155d3faf","c7286cb96c48fb5dda75653505fa99438ba0c8424bb0a6b3c3bb8ef7502b7ed6","0x80104630","structural"
"0x801019ec",,,"1","1","132","3","1","1","0","0","0","direct_call","direct_call","8bf803876c357040296e201fd2205b2506dcbf21cbcd1c5b3b0ae23b3ddeb3b6","8bf803876c357040296e201fd2205b2506dcbf21cbcd1c5b3b0ae23b3ddeb3b6","1669b9c2a4cc31afc96e07fc3a6eabc7cbd5e249b45e54d3f4e02128868179ca","0x80104720","structural"
"0x80101bfc",,,"1","1","8","4","0","0","0","0","0","direct_call","direct_call","9fca6c74f4ddfc9805feed050d26137dbc59977ca34b7bde29ef0df2fdc00723","9fca6c74f4ddfc9805feed050d26137dbc59977ca34b7bde29ef0df2fdc00723","0849ec793cf3af92f2e2d49d0f711e6afe0cc51348b740e407a1f827ccec381d",,
"0x80101c1c",,,"1","1","150","1","2","1","0","0","0","direct_call","direct_call","9bc9ae55df7519e527d97d71006b77d890242c7c344ce6b0b7b14895e4a6394c","9bc9ae55df7519e527d97d71006b77d890242c7c344ce6b0b7b14895e4a6394c","abbd8aeb65113a27fcd6568b424f961f0305c1fcb02ce97c12c9df4c0a885181",,
"0x80101e74",,,"1","1","36","7","1","1","0","0","0","direct_call","direct_call","4b59daeb38211fe11cf6d97ecd8d00ea59378c94c2ddf07938819d0622ea1b4d","4b59daeb38211fe11cf6d97ecd8d00ea59378c94c2ddf07938819d0622ea1b4d","19a85a1fe5aa68cab98ff6db12f911279d81c851572b440bb35050c9e2bb550a","0x80104BA8","structural"
"0x80101f04",,,"1","1","10","4","0","1","0","0","0","direct_call","direct_call","7055b24a8d5a0fe9490d2774b8a902313bd981bc358321cf2f9af53f36e253b5","7055b24a8d5a0fe9490d2774b8a902313bd981bc358321cf2f9af53f36e253b5","83a996202719fbe52b5678aacb6062e52b1abc344ce04aea3f4c19149be72746","0x80104C38","structural"
"0x80101f38",,,"1","1","13","1","0","1","0","0","0","direct_call","direct_call","53d4e2eace3f5792433a7f586ca3b02b7ab8329034bd267acca9ca91a0a2c594","53d4e2eace3f5792433a7f586ca3b02b7ab8329034bd267acca9ca91a0a2c594","9c91add336d7aa77c66cc81a1b29b13cc1b4862d2c2c5521121ba409161d1ac8","0x80104C6C","structural"
"0x80101f6c",,,"1","1","68","0","2","1","0","0","0","prologue_only","prologue_only","93a06139fff09faf9e2b15c3fe3b2664a33debdcd2e50c82cbc0ede035e8078d","93a06139fff09faf9e2b15c3fe3b2664a33debdcd2e50c82cbc0ede035e8078d","3228a066ab6b2c40675aa09c1a0a5c41204d596b73dbd37984eaf99849f6c90d","0x80104CA0","structural"
"0x8010207c",,,"1","1","153","0","1","1","0","0","0","prologue_only","prologue_only","bcda44e252c4e66bea74665258d5073092a02c206c6219bbfd01c007f47e82d4","bcda44e252c4e66bea74665258d5073092a02c206c6219bbfd01c007f47e82d4","b17080298dcc4b9f51b49f00074e952a5747adf5e763848478ea6afd9f86b483","0x80104DB0","structural"
"0x801022e0",,,"1","1","56","1","0","1","0","0","0","direct_call","direct_call","f90dc26b1c5481dd33fbf835ede9e0a07a8a83c7b757c0ec1e7ba2d001c84daf","f90dc26b1c5481dd33fbf835ede9e0a07a8a83c7b757c0ec1e7ba2d001c84daf","2fa6eeba54c72ea4c8c29cb3ebbbf9b4500172ccebbd31c5426145cd110b22c3","0x80105014","structural"
"0x801023f8",,,"1","1","4","11","0","0","1","1","0","direct_call+overlay","direct_call+overlay","aee0821f0a0f469253248c6cb6322011c63edbc8012f3f4e224c3c843920c736","aee0821f0a0f469253248c6cb6322011c63edbc8012f3f4e224c3c843920c736","2677dd5b4382d7b09b559111168f4d6a1253112fd4d3db90a6da99116aef4af3",,
"0x80102408",,,"1","1","3","1","0","1","0","0","0","direct_call","direct_call","223c2878731da8ce91e18d2701c2c6e3b44145cc3a7958ca01a0cfaaaa03bf13","223c2878731da8ce91e18d2701c2c6e3b44145cc3a7958ca01a0cfaaaa03bf13","4349e7489afcbf69daec4cac5e991f1ecf42692ef1c86ee279d0b173ee462f03","0x8010513C","exact"
"0x80102414",,,"1","1","33","1","3","1","0","0","0","direct_call","direct_call","0d50d4e10e1fd1c2bde9ab6066dd4e09adaeff133e69a74899288c19754af8f7","0d50d4e10e1fd1c2bde9ab6066dd4e09adaeff133e69a74899288c19754af8f7","7bb9c1ede697006d556714a638ebc463f9f62da623ca5abb2ab5a663ff3ae211","0x80105148","structural"
"0x80102498",,,"1","1","156","1","2","1","0","0","0","direct_call","direct_call","1f06268f57204833ff6d47c54c26d4592c8ab9560d74390596ec30f209610603","1f06268f57204833ff6d47c54c26d4592c8ab9560d74390596ec30f209610603","2b2665b82889d22202209c0be9de015f2505326ea9e5cd6291c44926cc860847","0x801051CC","structural"
"0x80102708",,,"1","1","14","1","0","1","0","0","0","direct_call","direct_call","5b2512101db5e7b7f42707e89257a11ba120d19f4833b7a3e1a5353dfcca1b25","5b2512101db5e7b7f42707e89257a11ba120d19f4833b7a3e1a5353dfcca1b25","d79d8a9686d0a95fe5646254a0e18e6def3bec972a67df482820463f29c46b03","0x8010543C","exact"
"0x80102740",,,"1","1","53","1","0","1","0","0","0","direct_call","direct_call","545ff098ceacb05fd5b95328396d51ed4ce993f3a1e53532634131f3f8636e39","545ff098ceacb05fd5b95328396d51ed4ce993f3a1e53532634131f3f8636e39","07cdab89c723e54f4a0ed9f481cdf149da6611b7428ed2d2f3dd40af8c24bc97","0x80105474","structural"
"0x80102814",,,"1","1","42","0","4","1","0","0","0","prologue_only","prologue_only","be76f924ba1dd70e6f41b3f349ad8b2a9fe61f857bb3b927014df18298ca7e35","be76f924ba1dd70e6f41b3f349ad8b2a9fe61f857bb3b927014df18298ca7e35","5d2ebf3b4d0f8f0ace345e7af1f302c3a3ba5225f9655b1aa16320f6c2d6e195","0x80105548","structural"
"0x80102c0c",,,"0","1","42","0","0","1","","1","0","","overlay","","3b9c3a7c82b56bdf1a29b38c5930becf4a42d49e7ef64a1fa4de9cd6573569c8","197c6ecd2c7a5edc1726bce15152b5e79ffb9bac6c606547e4d1b3438fb23488",,
"0x80102cb4",,,"1","1","26","1","0","1","0","0","0","direct_call","direct_call","d0f74712d6fa6ba69e94f930a48520c8de7df2cc9013f899cc478ee314ed1e88","d0f74712d6fa6ba69e94f930a48520c8de7df2cc9013f899cc478ee314ed1e88","d2aca6055c501751fc844f8e93b070b1abd5161d151f784f679ea27d76f99bd5","0x801059E8","structural"
"0x80102e00",,,"1","1","8","2","0","1","0","0","0","direct_call","direct_call","3e46221373866b25732cc1dc61c51252a3c585c1a89666cc76732530bda971e7","3e46221373866b25732cc1dc61c51252a3c585c1a89666cc76732530bda971e7","14b1766ec3bcfaf643a5d2cab07c56bb268ead04ed1544a55b5923890a47609c",,
"0x80102e20",,,"1","1","5","1","0","1","0","0","0","direct_call","direct_call","4bdc9b073f021fa0534ea569bf7b9af8976b4702828a3114607eaa3b390a88e4","4bdc9b073f021fa0534ea569bf7b9af8976b4702828a3114607eaa3b390a88e4","0760b7830b7c8efafabdd5151c5178f3694579eae2587a75bbc018b2365b6828",,
"0x80102e34",,,"1","1","8","2","0","1","0","0","0","direct_call","direct_call","2258ca0b3a77c47e7068c32d78190856eec06f4129e53b955b0ea99e325e7cb9","2258ca0b3a77c47e7068c32d78190856eec06f4129e53b955b0ea99e325e7cb9","14b1766ec3bcfaf643a5d2cab07c56bb268ead04ed1544a55b5923890a47609c",,
"0x80102e54",,,"1","1","8","1","0","1","0","0","0","direct_call","direct_call","c99f766c77e8e1d4a1ffa915aec8c2c0e9761fdcdebea925f248be7f8380e626","c99f766c77e8e1d4a1ffa915aec8c2c0e9761fdcdebea925f248be7f8380e626","14b1766ec3bcfaf643a5d2cab07c56bb268ead04ed1544a55b5923890a47609c",,
"0x80102e74",,,"1","1","8","2","0","1","0","0","0","direct_call","direct_call","e37458f9a19fcc77b37f61d273deffe12f293d1dfc840a22960d7ce618c9c4f5","e37458f9a19fcc77b37f61d273deffe12f293d1dfc840a22960d7ce618c9c4f5","14b1766ec3bcfaf643a5d2cab07c56bb268ead04ed1544a55b5923890a47609c",,
"0x80102e94",,,"1","1","5","1","0","1","0","0","0","direct_call","direct_call","4569e12a2de5015b0f6d5e3aeace4c09889aa5325551d2784a41d84714888fe2","4569e12a2de5015b0f6d5e3aeace4c09889aa5325551d2784a41d84714888fe2","0760b7830b7c8efafabdd5151c5178f3694579eae2587a75bbc018b2365b6828",,
"0x80102eac",,,"1","1","4","1","0","0","1","1","0","direct_call+overlay","direct_call+overlay","6d011673eb04bf3a24a7326b3e0c93884881d829922f15cd3c1829b2c7dcbd4f","6d011673eb04bf3a24a7326b3e0c93884881d829922f15cd3c1829b2c7dcbd4f","2677dd5b4382d7b09b559111168f4d6a1253112fd4d3db90a6da99116aef4af3",,
"0x80102ebc",,,"1","1","345","4","2","1","0","0","0","direct_call","direct_call","f3944d4108f4c876f89897043447d561ab2b2caf897a79ca2095ed1b891c9aca","f3944d4108f4c876f89897043447d561ab2b2caf897a79ca2095ed1b891c9aca","db4e40f5f4d6ff34f7f3df374b5a399279f6e83cded4b45607fee3756a5c4b9a","0x80105BF0","structural"
"0x80103420",,,"1","1","160","4","6","1","0","0","0","direct_call","direct_call","16e455b4eb10356bd42faf98f25905734ef18a6f3f1afc784466ea86f7db9d6e","16e455b4eb10356bd42faf98f25905734ef18a6f3f1afc784466ea86f7db9d6e","38753c2e912b191ed7b707fe4c624106a5aaae6cb3e2900c2f65e8efd074e8a3","0x80106154","structural"
"0x801036a0",,,"1","1","178","1","6","1","0","0","0","direct_call","direct_call","7138d25b4ec7400cdd5275faa7c60e8f84fc868ed8da4e54d5c05997ed4a22e0","7138d25b4ec7400cdd5275faa7c60e8f84fc868ed8da4e54d5c05997ed4a22e0","0f1ab8451522a4ff4d9dc1c85ac3081ac5011ebc00ccd4f01e8d9eada40033ea","0x801063D4","structural"
"0x80103968","CdControl","confirmed","1","1","259","13","7","1","0","0","0","direct_call","direct_call","ab3d6ed1caafaa94b8c6092bd59c54a8ce5acdef1eccf2c1800ba10ca68c7206","ab3d6ed1caafaa94b8c6092bd59c54a8ce5acdef1eccf2c1800ba10ca68c7206","2642d03c8041117418b0dc14d0d9e8cd451e41752b892ff71f6bbde2688a0f51","0x8010669C","structural"
"0x80103d74",,,"1","1","34","1","0","1","0","0","0","direct_call","direct_call","cafde66b3d88107c424c624caea76771ed38f1ea3a554aa84acaf218a4ef5156","cafde66b3d88107c424c624caea76771ed38f1ea3a554aa84acaf218a4ef5156","9b9ea3c13858df6e82832e19b46cb7c1e91f060f9dc1163505ce19ee8aa46699","0x80106AA8","structural"
"0x80103dfc",,,"1","1","53","5","0","1","0","0","0","direct_call","direct_call","6c197d7491341851d50873f6227319f3c7f0f2ed666b4ac26ee2c6da7f8d2480","6c197d7491341851d50873f6227319f3c7f0f2ed666b4ac26ee2c6da7f8d2480","3ac231c2287e723d009d687d698e691bdbab0f286b63b3585d4cababf79f4cd0","0x80106B30","structural"
"0x80103ed0",,,"1","1","6","1","0","0","0","0","0","direct_call","direct_call","a2f42f605f9b9da5b35a373a1504848735a262e43e09e779323f6b7a9b76ea0b","a2f42f605f9b9da5b35a373a1504848735a262e43e09e779323f6b7a9b76ea0b","492b983a1f82f913ec2f79ce43a6c903bf02313c5ec24628efc6e3d379706c7e","0x80106C04","structural"
"0x80103ee8",,,"1","1","54","0","0","1","0","0","0","prologue_only","prologue_only","2b5e2fefc58921f9b2166f816f1a37d108e0b09e6c7ce33c974eeb5a4542a3f0","2b5e2fefc58921f9b2166f816f1a37d108e0b09e6c7ce33c974eeb5a4542a3f0","b95c1bbba110f99819be6122bdfa94116538f2d3b7e0e91eaec1785f60557a94","0x80106C1C","structural"
"0x80103fc0",,,"1","1","120","1","6","1","0","0","0","direct_call","direct_call","dce0bfe94aca6a1d877a106acde9b8d5ee7670870767f6f65ada26c0675d8cbc","dce0bfe94aca6a1d877a106acde9b8d5ee7670870767f6f65ada26c0675d8cbc","dea7fc148284125e612dfb7bc54195ba0d9b16ce968687f6a0ec1f4f1d2e2855","0x80106CF4","structural"
"0x801041a0",,,"1","1","90","1","4","1","0","0","0","direct_call","direct_call","62d6aabf7bd576a9f0da7c58f6a883c46785a227444c5a180b6377f80238e2cc","62d6aabf7bd576a9f0da7c58f6a883c46785a227444c5a180b6377f80238e2cc","b431dd2ea4ecc40858754c58baad8d67f65f341b121eb4c956c944d6e51ab797","0x80106ED4","structural"
"0x80104308",,,"1","1","64","1","0","1","0","0","0","direct_call","direct_call","ed69d54cacaf1e20fb557956c6e0a3b1a4f0e35407c956906c48132cbb1100aa","ed69d54cacaf1e20fb557956c6e0a3b1a4f0e35407c956906c48132cbb1100aa","bf8a8e33dc22d79b89a5953ffda36b634c2a96f9bc71045c3fc13a06af6d7d15","0x8010703C","structural"
"0x80104408",,,"1","1","39","1","0","0","0","0","0","direct_call","direct_call","5d3e1b040608e6762ab3446c758f4048e4e8f902ddae39f3fda92fd8e44c18d2","5d3e1b040608e6762ab3446c758f4048e4e8f902ddae39f3fda92fd8e44c18d2","a4a1afa6cb5417b7dbc44aeafd303e61ac9f90073548c52e258ce9baeb1f04b2","0x8010713C","structural"
"0x801044a4",,,"1","1","20","0","0","1","0","0","0","prologue_only","prologue_only","b9a22a2506220fe919a79e6efdcd096702d5af2e946504186a3bb52021825296","b9a22a2506220fe919a79e6efdcd096702d5af2e946504186a3bb52021825296","7cb68ce6d6f121506d7925c75f9fa93d33c522e9570b3d07a6150b22c85a78d6","0x801071D8","structural"
"0x80104508",,,"1","1","52","0","1","1","0","0","0","prologue_only","prologue_only","8c6ec3f4636aa79ef5cd7cac814ff92fe361cc16000542b236c7df49259f8cba","8c6ec3f4636aa79ef5cd7cac814ff92fe361cc16000542b236c7df49259f8cba","960b2c96dd7cddcc47f57212594a63aabe65209ac131edcb9aea410d6639d67d","0x8010723C","structural"
"0x801045e0",,,"1","1","9","4","0","0","0","0","0","direct_call","direct_call","a7800f2164afe9e769842fa0fd7580371979f0592982f379196dba98365d096c","a7800f2164afe9e769842fa0fd7580371979f0592982f379196dba98365d096c","a1c527d1a0b335a2839323fa793225a51bac03fbc88347a46408e2e9e981ce2f","0x80107314","exact"
"0x80104604",,,"1","1","12","3","1","1","0","0","0","direct_call","direct_call","dd4a34cba680a3943a249869051026c4d296844629c3b3f65d452ccb61930b2c","dd4a34cba680a3943a249869051026c4d296844629c3b3f65d452ccb61930b2c","68ef7204be7d1f3664f48356bdeb5b5e8a56674ae5ac9997196924c3839c0dff","0x80107338","structural"
"0x80104664",,,"1","1","48","2","0","1","0","0","0","direct_call","direct_call","20b10b837a8d7fd96e0e9e5b4d4880308f1976e356a43fde6088c68036c47ee7","20b10b837a8d7fd96e0e9e5b4d4880308f1976e356a43fde6088c68036c47ee7","310e49d5ec55807c26b0339489b844a0d0a265d4b4da97c84a18eed217ebad77","0x80107398","structural"
"0x80104724",,,"1","1","35","1","0","1","0","0","0","direct_call","direct_call","8c76e7aa9d91eb5490ae6c473247c818014b61742d69240bc8b606318b842419","8c76e7aa9d91eb5490ae6c473247c818014b61742d69240bc8b606318b842419","9a5de4977308c819be47d82327ba44020879ddeb3fa4fd3a965e97bb52a76596","0x80107458","structural"
"0x801047b0","CrtHeapInitialize","strong","1","1","4","1","0","0","0","0","0","direct_call","direct_call","b2a341cca7698a1f246a9a4f43bed1f46d59a771f52cdb1602bbbbbb5ebadb5b","b2a341cca7698a1f246a9a4f43bed1f46d59a771f52cdb1602bbbbbb5ebadb5b","2677dd5b4382d7b09b559111168f4d6a1253112fd4d3db90a6da99116aef4af3",,
"0x801047c0",,,"1","1","223","1","0","1","0","0","0","direct_call","direct_call","319ab2d6e3304bc72a62f398c49878bd6a32d32e3ce000f45705b9523620ccd6","319ab2d6e3304bc72a62f398c49878bd6a32d32e3ce000f45705b9523620ccd6","3c69a15171dfcaae5c1e727b1ffa8e26abd96d8971fcf1814e20986883e5deaf","0x801074F4","structural"
"0x80104b40",,,"1","1","124","1","9","1","0","0","0","direct_call","direct_call","8b845075cbda97f09bcf9c34b2d2c6cd0ba072cfdc8050fd4e17b9b5d6dd351f","8b845075cbda97f09bcf9c34b2d2c6cd0ba072cfdc8050fd4e17b9b5d6dd351f","50aa6896589a52ce72e7ca6ad142c1a489261bb81df772d2e3a4bdc915af1cb7","0x801078A4","structural"
"0x80104d30",,,"1","1","3","5","0","1","0","0","0","direct_call","direct_call","a37b7b2367d624e52c3184c37d8b5ae606bbac9745306a1115413d9621a8f642","a37b7b2367d624e52c3184c37d8b5ae606bbac9745306a1115413d9621a8f642","8f0d2158f71c7be84ea2a8e3a443a4cad020a276b18237a5df1190133f56a79b",,
"0x80104d3c",,,"1","1","10","4","0","1","0","0","0","direct_call","direct_call","43a80eb88761dc7a2ca29a3cda562eb21515adfc29061e92581df8307c1e3052","43a80eb88761dc7a2ca29a3cda562eb21515adfc29061e92581df8307c1e3052","578521ee266a4dda90679105b8512775f3184696e4ca403ac40fb7a2179995c8","0x80107874","structural"
"0x80104d6c",,,"1","1","16","4","0","1","0","0","0","direct_call","direct_call","5124332396c0cd3e6b3ce7c76038b70b5f6942c78b1816cbd4ef0399a28900dc","5124332396c0cd3e6b3ce7c76038b70b5f6942c78b1816cbd4ef0399a28900dc","6e5e31a1a64569c2fac3658966f426dd8c135a644a8437a398c916f38b5d11f1",,
"0x80104dac",,,"1","1","16","3","0","1","0","0","0","direct_call","direct_call","09702644671726a74847b747be4707b30a74dc0a2c4adc633ed7a3ba2580b3f0","09702644671726a74847b747be4707b30a74dc0a2c4adc633ed7a3ba2580b3f0","6e5e31a1a64569c2fac3658966f426dd8c135a644a8437a398c916f38b5d11f1",,
"0x80104dec",,,"1","1","6","9","0","1","0","0","0","direct_call","direct_call","5d06e511a7f1233166877cc8e262e75230d1382b993443ee81c8a735a6f38b10","5d06e511a7f1233166877cc8e262e75230d1382b993443ee81c8a735a6f38b10","6f20978e47763213f2b08d77af763985ab01bac302129c8c326c15f6d08e1526","0x80107B20","structural"
"0x80104e0c",,,"1","1","17","1","0","1","0","0","0","direct_call","direct_call","de1c4c4a6bd3e87d7ce893abe948c3c08e9b0576c6eeba85839581c0cdfb001f","de1c4c4a6bd3e87d7ce893abe948c3c08e9b0576c6eeba85839581c0cdfb001f","7e250ef1ae13840d1bc0334c3cb57dfc8ae23606b9ed278d4402a164a4f4588f","0x80107B40","structural"
"0x80104e50",,,"1","1","54","1","1","1","0","0","0","direct_call","direct_call","45971983edc466441592bc45fe616825c30f7af5f373d614b52a8c8947eec30d","45971983edc466441592bc45fe616825c30f7af5f373d614b52a8c8947eec30d","74d8b0c942d14e9577b5cb115e4d49c56c25fb7f5944a75d9cded36b85b57588","0x80107B84","structural"
"0x80104f28",,,"1","1","28","9","0","1","0","0","0","direct_call","direct_call","94072f7e06d5eb3e49c1b6279e217632c1353637d6e557811982c97c5520f2dd","94072f7e06d5eb3e49c1b6279e217632c1353637d6e557811982c97c5520f2dd","f436d172d74d298a4dc96e2cbb0ee47af527e9ee69ad1b1318937b40785195dc","0x80107C5C","structural"
"0x80104f98",,,"1","1","6","2","0","1","0","0","0","direct_call","direct_call","4494b017bfbab4308d4847a61bacd8d8c60e9183438dedc5e91a67bd910b22df","4494b017bfbab4308d4847a61bacd8d8c60e9183438dedc5e91a67bd910b22df","59a9c8467d58e8c08155e1609616eeb09745a21f0fc56ae330cf0e604f0f4324","0x80107CCC","structural"
"0x80104fe4",,,"1","1","25","2","0","1","0","0","0","direct_call","direct_call","301a81f532c941f4d5cbc35910ce28097a63ffa65a8ac66086e69bb4467e9f3e","301a81f532c941f4d5cbc35910ce28097a63ffa65a8ac66086e69bb4467e9f3e","6e0a3d75ceef10efef147beaf4b6fc48ce5ab4acf9c3606ab6083caa4477fd6a","0x80107D18","structural"
"0x80105048",,,"1","1","21","4","0","1","0","0","0","direct_call","direct_call","0e177d8c3e25f3d814ac8786dae0ffdcb1549f71809dfd30fad074c2bc347875","0e177d8c3e25f3d814ac8786dae0ffdcb1549f71809dfd30fad074c2bc347875","9a7e79d16b35404d553dbe819942c093f9ff15a7e2607b1262d89f233702872f","0x80107D7C","structural"
"0x801050b4",,,"1","1","32","2","1","1","0","0","0","direct_call","direct_call","7b035c5fb8bb82e815acc339638f42bd7f0983da1366c382fa122351f85e7e61","7b035c5fb8bb82e815acc339638f42bd7f0983da1366c382fa122351f85e7e61","a5b4d951a970168ea7f8b934664bc69046e75cc61bdabcd0412b121ae178e370","0x80107DE8","structural"
"0x80105134",,,"1","1","3","5","0","1","0","0","0","direct_call","direct_call","01d18b4d1d6e5eaa27981ecad9bc47bd4e0073eea79a69ff8ec4cd2fae4cd2fa","01d18b4d1d6e5eaa27981ecad9bc47bd4e0073eea79a69ff8ec4cd2fae4cd2fa","d0bde885a68b67c8be25e11530e09bf6f04e7889046920763c9478db109e229b",,
"0x80105140",,,"1","1","4","1","0","1","0","0","0","direct_call","direct_call","ba8936ce8837ac87072e7579b95ba3a4b3b7c6c06af2f56fc9c56a3183d14871","ba8936ce8837ac87072e7579b95ba3a4b3b7c6c06af2f56fc9c56a3183d14871","46c57467510c749d16377f879b8e1d5df10f8e2f129a0b5b302ce99af534e463","0x80107E74","structural"
"0x80105150",,,"1","1","3","1","0","1","0","0","0","direct_call","direct_call","1529744fd2a8fd99b18f521c4b760983985ebb157c706d812a71a797fb9eef00","1529744fd2a8fd99b18f521c4b760983985ebb157c706d812a71a797fb9eef00","d0bde885a68b67c8be25e11530e09bf6f04e7889046920763c9478db109e229b",,
"0x8010515c",,,"1","1","31","7","0","1","0","0","0","direct_call","direct_call","f6ebdc3b3e3421df036e5b197a3d3fffb38606f9d48009041abc161564a9f237","f6ebdc3b3e3421df036e5b197a3d3fffb38606f9d48009041abc161564a9f237","57f1de9945d6c2bf18994aeb3b13bb29271eab61cf9db1933ccf91759f033382","0x80107E90","structural"
"0x801051dc",,,"1","1","39","1","0","1","0","0","0","direct_call","direct_call","83473a7c5bbf5b5c1aec3ca6893b25c56975ed3a28e6290122a23aa47fa8ab4a","83473a7c5bbf5b5c1aec3ca6893b25c56975ed3a28e6290122a23aa47fa8ab4a","eafcb65b191f0a9bcc0ed0c7161777e53228d3bf862cc052150f8da337cdd3d6","0x80107F10","structural"
"0x80105278",,,"1","1","12","1","0","1","0","0","0","direct_call","direct_call","215b892907ea124303d2bf359bde1f35d59eac79dc21fb5dcae2418cb50eb924","215b892907ea124303d2bf359bde1f35d59eac79dc21fb5dcae2418cb50eb924","5ebf8405b72042666068f3d59fc6385bf1378468ced4c288380ba4bb7ca13c7c","0x80107FAC","structural"
"0x801052a8",,,"1","1","13","1","0","1","0","0","0","direct_call","direct_call","fc41402d9f2e528ce0edf47456d6e28104ae796be9fd0bda5639747023ea746f","fc41402d9f2e528ce0edf47456d6e28104ae796be9fd0bda5639747023ea746f","1b5b5ea616e16acaa1f1c1511d531623c6ef0c5fa35e2ab37fc883926b468b1c","0x80107FDC","structural"
"0x801052e0",,,"1","1","4","10","0","0","1","1","0","direct_call+overlay","direct_call+overlay","9aa900f79f4f3f07620ef5ea343fd0cde1e29aed0a802b106c3efed374300412","9aa900f79f4f3f07620ef5ea343fd0cde1e29aed0a802b106c3efed374300412","2677dd5b4382d7b09b559111168f4d6a1253112fd4d3db90a6da99116aef4af3",,
"0x801052f0",,,"1","1","4","1","0","1","0","0","0","direct_call","direct_call","9c98d87a107df0b707ce1b39fd450b5beb67615e2339fbeb40c957e54f4153f6","9c98d87a107df0b707ce1b39fd450b5beb67615e2339fbeb40c957e54f4153f6","e5b2c8ce5632c52b5a4fab3075f25f8dce92b47d8a6496f0563c48615a5ae051","0x80108024","structural"
"0x80105300",,,"1","1","6","1","0","1","0","0","0","direct_call","direct_call","cd5a0fecf23079739e9138a29fc3be76fe6a1304fe65fabfdbb0aa3ddee9b259","cd5a0fecf23079739e9138a29fc3be76fe6a1304fe65fabfdbb0aa3ddee9b259","2aadcc6328516e4ac3286e46c79c4bc16d36e80759adf18809578442432dcba6","0x80108034","structural"
"0x80105318",,,"1","1","4","1","0","1","0","0","0","direct_call","direct_call","0e5caf0110d4962bb9b49df4af0bfd4e8d30ef84ffa934491109acd6e9f80836","0e5caf0110d4962bb9b49df4af0bfd4e8d30ef84ffa934491109acd6e9f80836","b1cd80409c7f75d7d06b823e584a336d2cada0e34f02c5c8a75ca81f9dc90bc7","0x8010804C","structural"
"0x80105328",,,"1","1","4","10","0","0","1","1","0","direct_call+overlay","direct_call+overlay","aa2854c7ca7498981559c2cfb0cf50c38dc043d106fa21e86877f5e27aa9139e","aa2854c7ca7498981559c2cfb0cf50c38dc043d106fa21e86877f5e27aa9139e","2677dd5b4382d7b09b559111168f4d6a1253112fd4d3db90a6da99116aef4af3",,
"0x80105338",,,"1","1","19","1","1","1","0","0","0","direct_call","direct_call","6c1b1b608fb8720b8d27ddc4038d8a2f88f7511cf0723c17845f4a57e7d99059","6c1b1b608fb8720b8d27ddc4038d8a2f88f7511cf0723c17845f4a57e7d99059","f6dd073f5715a258f1a4c5f18cf79379f25e0c04f5e2ae54828bfd5d36f56a3c","0x8010806C","structural"
"0x80105384",,,"1","1","44","1","3","1","0","0","0","direct_call","direct_call","8f1f732bc99a6e90e193aabdb1c14ad2562ab89c39dc55e408762f66d8dca78a","8f1f732bc99a6e90e193aabdb1c14ad2562ab89c39dc55e408762f66d8dca78a","026b02bb39964c782bfff910350422b19b031433f70ccfd56a7d5d662ac0eba3","0x801080B8","structural"
"0x80105434",,,"1","1","71","3","2","1","0","0","0","direct_call","direct_call","217f106539d48fb8ca155df4f5413380f590ef1bc45781ba904a1bc45baa79ef","217f106539d48fb8ca155df4f5413380f590ef1bc45781ba904a1bc45baa79ef","4346f777fd499d2f3b090fab20063a251b8e3bc35ea2924a82853e80501977f2","0x80108168","structural"
"0x80105550",,,"1","1","108","3","2","1","0","0","0","direct_call","direct_call","6dee05fdb3635395ffd9733b3a059d610ca4d96606f8b7e153d9c3cfacae1f25","6dee05fdb3635395ffd9733b3a059d610ca4d96606f8b7e153d9c3cfacae1f25","233a646ef635f21b4a9aa575af579cb9db0d83d655fe7e41d370d6f7aff07359","0x80108284","structural"
"0x80105700",,,"1","1","46","4","1","1","0","0","0","direct_call","direct_call","9b303bba3fb5fa456e6f6fc2c4d6de92eb9fa4ea52ccc1535d8792df38333887","9b303bba3fb5fa456e6f6fc2c4d6de92eb9fa4ea52ccc1535d8792df38333887","8e59a77004620420829e5c6eb4a4a1baf5082fcbfe5da642611db629d0a70b34","0x80108434","structural"
"0x801057b8",,,"1","1","12","5","0","1","0","0","0","direct_call","direct_call","76e44eff2c5de34fd6baa501343997ba9fdafd32421bcca964e003055beb636d","76e44eff2c5de34fd6baa501343997ba9fdafd32421bcca964e003055beb636d","cb794e39497360fa1612a3715530f4fedf7020881c34616df25df33e3f273b85","0x801084EC","structural"
"0x80105844",,,"1","1","12","2","0","1","0","0","0","direct_call","direct_call","8ca3aca27932e0a979137b7acb176e7b618d5a4757fd199fd0d4944d8b1b1a8e","8ca3aca27932e0a979137b7acb176e7b618d5a4757fd199fd0d4944d8b1b1a8e","0ab4128a427e3495379683a5784b2266a6b8ac80a75c45c1aab3d4901fbfd086","0x80108578","structural"
"0x8010587c",,,"1","1","8","1","1","1","0","0","0","direct_call","direct_call","e39c028aa8db982e7fdeff3ba0cb55f0cb0278142c0076c2c2e3e178836aa9a2","e39c028aa8db982e7fdeff3ba0cb55f0cb0278142c0076c2c2e3e178836aa9a2","bc0d189abe299f775deb701e8b5bcc7ecb3cf5ee0bc7a7f8ba631aae4b57cadc",,
"0x8010589c",,,"1","1","4","8","0","0","1","1","0","direct_call+overlay","direct_call+overlay","7676325d36200bb7ef6728002d9b31567836f5997487290097cfbf69df2e64f3","7676325d36200bb7ef6728002d9b31567836f5997487290097cfbf69df2e64f3","2677dd5b4382d7b09b559111168f4d6a1253112fd4d3db90a6da99116aef4af3",,
"0x801058ac",,,"1","1","44","3","1","1","0","0","0","direct_call","direct_call","d77d15b199acdba3316b0241d476f52c51419de27b3be335ad3d538ef41ed324","d77d15b199acdba3316b0241d476f52c51419de27b3be335ad3d538ef41ed324","1bb2460bafda3718589b5405fcff7db00624d55cf5c1903ff1385e77e5069b3d","0x801085E0","structural"
"0x8010595c",,,"1","1","7","1","0","1","0","0","0","direct_call","direct_call","c09635ecdba924d07dcc1799e71eb78cbf70301be88f9abba66bee7bdff39d09","c09635ecdba924d07dcc1799e71eb78cbf70301be88f9abba66bee7bdff39d09","2ad1f9ecb76e6bf5dfb1d2f6a2c1b2b9699b9d3a425adcf5b6128b831060c5b3","0x80108690","structural"
"0x8010597c",,,"1","1","23","1","1","1","0","0","0","direct_call","direct_call","c017a98213d4fa8a46bd0615b45621785093ae195536a5f38f117497658dbaf6","c017a98213d4fa8a46bd0615b45621785093ae195536a5f38f117497658dbaf6","e1790d12e69403ede63480ba485c6e74342a5c2e63abad92949eddfc17b28cd8","0x801086B0","structural"
"0x801059dc",,,"1","1","9","1","0","1","0","0","0","direct_call","direct_call","996c55a227b7236998c7ffc9feb05ec5cf799f1ba0c89035ff6c667b403e6e9b","996c55a227b7236998c7ffc9feb05ec5cf799f1ba0c89035ff6c667b403e6e9b","004852730c6cc43dcf7efecdcee5cf6ad66c7fd0128b3c1798ef8b3b4aa8a7a3","0x80108710","structural"
"0x80105a0c",,,"1","1","34","1","2","1","0","0","0","direct_call","direct_call","48b869712a23fcdd2cb4bea96a1db1ffcc4c59c3147a819482ae682f8bc2b745","48b869712a23fcdd2cb4bea96a1db1ffcc4c59c3147a819482ae682f8bc2b745","810226da375793d3247d9a4e2a0f5a4967d8042e5197bf82a54b8c30b7edfc5c","0x80108740","structural"
"0x80105a9c",,,"1","1","111","3","0","1","0","0","0","direct_call","direct_call","2701aba97830880f14e23d31165615cdea84e6729222c68a961a8af737035e5a","2701aba97830880f14e23d31165615cdea84e6729222c68a961a8af737035e5a","6ab755cc322b11cb50c074a35488bc4cd6c6a00c87571ab915b69c1b55b471de","0x801087D0","structural"
"0x80105c5c",,,"1","1","9","1","1","1","0","0","0","direct_call","direct_call","3e33a9fcc02a0463ca36f39ccf2e2342aca620104ae84d5c7f8a11c0894f0aed","3e33a9fcc02a0463ca36f39ccf2e2342aca620104ae84d5c7f8a11c0894f0aed","fe1f36340bf1228aff68796f97247d56f3af152406910d7da24a8da66f943ae4","0x80108990","structural"
"0x80105c8c",,,"1","1","382","1","2","1","0","0","0","direct_call","direct_call","5eb0c7f6a0427c55f38720e6802d474aedd3e4eea0d039cf9686bb27541da017","5eb0c7f6a0427c55f38720e6802d474aedd3e4eea0d039cf9686bb27541da017","ed0b9a678816e4e013f4c22eddea78745ba334b6ddba0b33b4d8437b814bb041","0x801089C0","structural"
"0x8010628c",,,"1","1","4","2","0","0","1","1","0","direct_call+overlay","direct_call+overlay","e964e050b512fb720d64bc508f2fe84c5b1dfd2ca78ab0cac5c15838252d466b","e964e050b512fb720d64bc508f2fe84c5b1dfd2ca78ab0cac5c15838252d466b","2677dd5b4382d7b09b559111168f4d6a1253112fd4d3db90a6da99116aef4af3",,
"0x8010629c",,,"1","1","4","2","0","0","1","1","0","direct_call+overlay","direct_call+overlay","f0a4980cb5e50a9d5c91635595396f286bb4e50ea98b25b5272c8cee640fd6b1","f0a4980cb5e50a9d5c91635595396f286bb4e50ea98b25b5272c8cee640fd6b1","2677dd5b4382d7b09b559111168f4d6a1253112fd4d3db90a6da99116aef4af3",,
"0x801062ac",,,"1","1","4","2","0","0","1","1","0","direct_call+overlay","direct_call+overlay","15a4c4384ba0fd38769ec0652be194c545bc920d9479c5f4090374604bd07b62","15a4c4384ba0fd38769ec0652be194c545bc920d9479c5f4090374604bd07b62","2677dd5b4382d7b09b559111168f4d6a1253112fd4d3db90a6da99116aef4af3",,
"0x801062bc",,,"1","1","4","1","0","0","1","1","0","direct_call+overlay","direct_call+overlay","61d9bba43e1510d318c216df826774f814a2d50b789131971d8c44e7ffcc712c","61d9bba43e1510d318c216df826774f814a2d50b789131971d8c44e7ffcc712c","2677dd5b4382d7b09b559111168f4d6a1253112fd4d3db90a6da99116aef4af3",,
"0x801062cc",,,"1","1","4","1","0","0","1","1","0","direct_call+overlay","direct_call+overlay","5c075aa8a7ebe5be8018a52058b763faffa0d2351ecfbaa38289a4676649642d","5c075aa8a7ebe5be8018a52058b763faffa0d2351ecfbaa38289a4676649642d","2677dd5b4382d7b09b559111168f4d6a1253112fd4d3db90a6da99116aef4af3",,
"0x801062dc",,,"1","1","103","1","2","1","1","1","0","direct_call+overlay","direct_call+overlay","059f98e4dce81c370b7862615ce5666f5549e26821e166680f770fcf36160454","059f98e4dce81c370b7862615ce5666f5549e26821e166680f770fcf36160454","d0693bd17c5d392d2bc6c73bdea38e6494398b0c0368044dea5e93be24fbaf3a","0x80109010","structural"
"0x80106478",,,"1","1","64","0","1","1","0","0","0","prologue_only","prologue_only","e7414ad5bd35ac1d6993932389b28247775d186b7557cb61c24ceb312bbb0331","e7414ad5bd35ac1d6993932389b28247775d186b7557cb61c24ceb312bbb0331","a00bf27d9f1deb10faa3e5fa6021c6939f6900d69e90728c660a2888c3045c70","0x801091AC","structural"
"0x8010657c",,,"1","1","4","1","0","0","1","1","0","direct_call+overlay","direct_call+overlay","77f77a03b65476edc6855674389c393518987a52cc91c142d071cb4a8a977dd4","77f77a03b65476edc6855674389c393518987a52cc91c142d071cb4a8a977dd4","2677dd5b4382d7b09b559111168f4d6a1253112fd4d3db90a6da99116aef4af3",,
"0x8010658c",,,"1","1","13","3","0","1","0","0","0","direct_call","direct_call","896b00cf1e514c651dd41652cd13e886818c27ebbfa487f9f9be0c55472103f8","896b00cf1e514c651dd41652cd13e886818c27ebbfa487f9f9be0c55472103f8","411d6a2bfd1799fa2666cc72c2812f17663890eb6fd0379adc2720bc2017b445","0x801092C0","structural"
"0x801065cc",,,"1","1","5","1","0","1","0","0","0","direct_call","direct_call","18191ee79d6e62d0e83d90eeecf34b21f546c0ae7fd0c73b6839531e0e36f40a","18191ee79d6e62d0e83d90eeecf34b21f546c0ae7fd0c73b6839531e0e36f40a","de4069f4f03d9062c275835452ef8650029334dadf8dd04b1a8af9e719eb7591","0x80109300","structural"
"0x801065e0",,,"1","1","9","1","1","1","0","0","0","direct_call","direct_call","9adad67e9acf88ec6c3ef7969651222c94371b0909878042b95f1108ef37bdb8","9adad67e9acf88ec6c3ef7969651222c94371b0909878042b95f1108ef37bdb8","988f7deefdfa4efac2f42268ef6cf055ac5453bd8deb96dd415ac174bf153224",,
"0x80106604",,,"1","1","101","3","3","1","0","0","0","direct_call","direct_call","641149b5f7794703f57320b2889d6a0e4efd8ccf2d06e31c2424df7a2532845e","641149b5f7794703f57320b2889d6a0e4efd8ccf2d06e31c2424df7a2532845e","00531045a0f82d39df06ecc1aa75a5ca85a571ebf927c2605892b8f5c21ca692","0x80109338","structural"
"0x801067a4",,,"1","1","51","1","1","1","0","0","0","direct_call","direct_call","fcf5793a441b073454f802b781dd0e4be459933cdaaa15bd6fd2492adeb706f1","fcf5793a441b073454f802b781dd0e4be459933cdaaa15bd6fd2492adeb706f1","9ba3b86e8a9bda9967ec1e50a585165de120a701dc955f37641d5b7b8f395cb2","0x801094D8","structural"
"0x80106874",,,"1","1","115","1","4","1","0","0","0","direct_call","direct_call","fc82d933658fd84e2c94b6979f31fb2b2e1d5fe00230b52d0fd7377f246339da","fc82d933658fd84e2c94b6979f31fb2b2e1d5fe00230b52d0fd7377f246339da","538ba856248c48a945b14626b5d3570b925bead563adeccf22d2278512f2ce03","0x801095A8","structural"
"0x80106a44",,,"1","1","6","2","0","1","0","0","0","direct_call","direct_call","9aa95b09a0c5f31d49c3f954d1bc4cbe5101b46feb9a7a9a92673d0716fdfcf1","9aa95b09a0c5f31d49c3f954d1bc4cbe5101b46feb9a7a9a92673d0716fdfcf1","d4dc7ab26506e518f160c7f8a4ab3b5d4e12685c728158e1fba89feea23c95b4","0x80109778","exact"
"0x80106a6c",,,"1","1","32","1","1","1","0","0","0","direct_call","direct_call","7cc490f41cbd4b2a7501bac8f002a7eecb49305304c24093ac8e4baae8dda8d2","7cc490f41cbd4b2a7501bac8f002a7eecb49305304c24093ac8e4baae8dda8d2","4254410a514ee809e999d7d2e65069867a42807ab94f59b9d510323fb17aa0e3","0x801097A0","structural"
"0x80106af4",,,"1","1","4","1","0","0","0","0","0","direct_call","direct_call","fef767267a3f372369dc54dbb710c2d83e5a9abbb903623679d4ad4ed774ed69","fef767267a3f372369dc54dbb710c2d83e5a9abbb903623679d4ad4ed774ed69","2677dd5b4382d7b09b559111168f4d6a1253112fd4d3db90a6da99116aef4af3",,
"0x80106b04",,,"1","1","4","1","0","0","0","0","0","direct_call","direct_call","0793f55754cc31987ecd9c86a69ce145afe13c746d14fbadeb054d7ffd681803","0793f55754cc31987ecd9c86a69ce145afe13c746d14fbadeb054d7ffd681803","2677dd5b4382d7b09b559111168f4d6a1253112fd4d3db90a6da99116aef4af3",,
"0x80106b14",,,"1","1","8","12","0","1","0","0","0","direct_call","direct_call","9f3fe0e835c76651cd14b7b0f1dd77f7b60f80e020942366225eb03089378df8","9f3fe0e835c76651cd14b7b0f1dd77f7b60f80e020942366225eb03089378df8","678dc8d22984ad4be16d4c8143d378c807134fbd3cf3a3bed23024106dd414a2","0x80109848","structural"
"0x80106b34",,,"1","1","40","7","0","1","0","0","0","direct_call","direct_call","5ed13ee93cc5c0377fbbaae43065f46e82f85ab84cd4c8316e79c39bd99833de","5ed13ee93cc5c0377fbbaae43065f46e82f85ab84cd4c8316e79c39bd99833de","a38d247408b5d3465159469a84a01c6ce2f574b49dce5facff517c5c2eb5c374","0x80109868","structural"
"0x80106bd4",,,"1","1","18","0","1","1","0","0","0","prologue_only","prologue_only","48004eab786333e2bd41d216b32f5090857470b183607062d392075c004b43ce","48004eab786333e2bd41d216b32f5090857470b183607062d392075c004b43ce","07e82f01ea2bb6aa3ba40d435a628539e016f695865f53c92b15000cebdcfc13","0x80109908","structural"
"0x80106c2c",,,"1","1","50","0","1","1","0","0","0","prologue_only","prologue_only","e9455806fb68a3d8543d733be76689254b73ca540beb9d9c0df8f30d394cba98","e9455806fb68a3d8543d733be76689254b73ca540beb9d9c0df8f30d394cba98","6150ba872753b7404e2445a081a3aeb6979b101516d028b433307e21dc5daf01","0x80109960","structural"
"0x80106cfc",,,"1","1","41","0","1","1","0","0","0","prologue_only","prologue_only","55fc79b3f5201802863f6e924ea9f66114d6fc4fcb616f76d6f17b74f8fbdf6a","55fc79b3f5201802863f6e924ea9f66114d6fc4fcb616f76d6f17b74f8fbdf6a","7e961104493105f244bfd7e7f09dbb2ebfd91ec61694590db086cb9f78912380","0x80109A30","structural"
"0x80106da0",,,"1","1","49","0","1","1","0","0","0","prologue_only","prologue_only","1ea5a79c6becc9ae88485e72c4673f740857eef5b84f03e3a3cba3ec0c7c002b","1ea5a79c6becc9ae88485e72c4673f740857eef5b84f03e3a3cba3ec0c7c002b","1af57bef906172f8639206280c02814e21db359ee0a62fa31b2d9aca0459cd5f","0x80109AD4","structural"
"0x80106e6c",,,"1","1","227","0","5","1","0","0","0","prologue_only","prologue_only","e3f5548a31f8c818e4d5ccfc0dedbbf1656fe7666f5737d1323d909bddf369e7","e3f5548a31f8c818e4d5ccfc0dedbbf1656fe7666f5737d1323d909bddf369e7","ef4aefa10655afe03731a767dc758c9dbd21e926c427c9b79cc84906e1019958","0x80109BA0","structural"
"0x80107204",,,"1","1","4","1","0","1","1","1","0","direct_call+overlay","direct_call+overlay","618e51fcb17454c7dc6ad2d5b2df6ed717a0d5d5fcad21d213d0481a6f61b7ed","618e51fcb17454c7dc6ad2d5b2df6ed717a0d5d5fcad21d213d0481a6f61b7ed","9ba82d759a74ed6e068a2b41d68812d6fa2e99772a1b5b58a8cd959bdcd67d9e",,
"0x80107214",,,"1","1","160","1","3","1","0","0","0","direct_call","direct_call","647d0268f0d0ceb18801860874da66eda589c25a9664008c7625c85f924710bf","647d0268f0d0ceb18801860874da66eda589c25a9664008c7625c85f924710bf","cf729b903255b5a5e511b2b161c533f195e7c258bc4580bfc2a7dd1513b7d692","0x80109F48","structural"
"0x80107494",,,"1","1","112","2","2","1","0","0","0","direct_call","direct_call","417e92070a10c3c82d396202c2982661e0e7f6d942b3883006690be419bf2383","417e92070a10c3c82d396202c2982661e0e7f6d942b3883006690be419bf2383","f9745bdbb7663592bc3a762c03769fca302971e2f32e38df1a598c9ace33bdce","0x8010A1C8","structural"
"0x8010765c",,,"1","1","45","0","2","1","0","0","0","prologue_only","prologue_only","8c05b23db0efbf31a245a62e867b6ffa428f7ce4f94413cc1f8deebd8f0daccd","8c05b23db0efbf31a245a62e867b6ffa428f7ce4f94413cc1f8deebd8f0daccd","79d1dbd9d9e886fd2cfceeb1a61a4f6ae068776760db2c43de5565e51f070c1c","0x8010A390","structural"
"0x80107710",,,"1","1","160","6","2","1","0","0","0","direct_call","direct_call","d775313e60c5ffceb272e8683ab6b0c5211b39b3c818fdb28b9375e43cafd4b5","d775313e60c5ffceb272e8683ab6b0c5211b39b3c818fdb28b9375e43cafd4b5","aff253651f8e093bc367183debd161c68c649933b3c97366330933a21a3f7a3e","0x8010A444","structural"
"0x80107990",,,"1","1","33","1","2","1","0","0","0","direct_call","direct_call","c8146e01cbbe97fb2329cdd1a05ac21a727f14078c68ba85932909d282b705b8","c8146e01cbbe97fb2329cdd1a05ac21a727f14078c68ba85932909d282b705b8","452f75f3f877a9ae23423853a443342b6a2f4d714eca95531cbf2926248d977d","0x8010A6C4","structural"
"0x80107a14",,,"1","1","17","2","0","1","0","0","0","direct_call","direct_call","babfe3f39a02cadb0fd0077e2c5734c7114631ea2d5bf0224d2bd9f3f9c6dfc5","babfe3f39a02cadb0fd0077e2c5734c7114631ea2d5bf0224d2bd9f3f9c6dfc5","f95b6a19abd6d65bbe32a1fa52b49ce43567a2ed4a08ec6bf35a619278cefbd7","0x8010A748","structural"
"0x80107a58",,,"1","1","41","4","0","1","0","0","0","direct_call","direct_call","532db7c7b3af894109d6ac593e21938b4e49b6f720736413e4317073a5896f72","532db7c7b3af894109d6ac593e21938b4e49b6f720736413e4317073a5896f72","018fa7529c1f8cf1035de8c6a85a3cca94d6c140d4ff060b6e66aaee85278645","0x8010A78C","structural"
"0x80107b54",,,"1","1","10","1","0","1","0","0","0","direct_call","direct_call","82cd83fb791fce6528510682dbdd45fa8574e176c3ddcd744ad7495430ffd121","82cd83fb791fce6528510682dbdd45fa8574e176c3ddcd744ad7495430ffd121","6803438938f8cbb35072a828de178b6162f7a31c9d316392dc101abfd20efb74",,
"0x80107b7c",,,"1","1","10","1","0","1","0","0","0","direct_call","direct_call","c776ea89a60ecb697ec9784279e44b8cc640122c616e5cd5b7cc1f3fb55a4dc1","c776ea89a60ecb697ec9784279e44b8cc640122c616e5cd5b7cc1f3fb55a4dc1","6803438938f8cbb35072a828de178b6162f7a31c9d316392dc101abfd20efb74",,
"0x80107ba4",,,"1","1","23","14","0","1","0","0","0","direct_call","direct_call","b0d9134bad439966c0995c5e0995b8ccaa728d62d052f65fecc44e18b734dcd8","b0d9134bad439966c0995c5e0995b8ccaa728d62d052f65fecc44e18b734dcd8","4fe5cbaa4c47f4a699f5028705fad20c2ee6ab83fc58326fef6f76fa06d8e296","0x8010A8D8","structural"
"0x80107c0c",,,"1","1","7","1","0","1","0","0","0","direct_call","direct_call","b4c77009ac451a6351601ea289eac008447ea85c6ab2ca3bd6b7445cfa8eab4c","b4c77009ac451a6351601ea289eac008447ea85c6ab2ca3bd6b7445cfa8eab4c","bc481b8a7c47732157c2407cd24d1f950efbc753f1d91a7090ded3bf9f322161","0x8010AAA0","structural"
"0x80107c2c",,,"1","1","58","1","4","1","0","0","0","direct_call","direct_call","3aa9e3fdc725b3758d87acf7607d327ce79ce2c06165ae79d8c5518a1a24a662","3aa9e3fdc725b3758d87acf7607d327ce79ce2c06165ae79d8c5518a1a24a662","cc416c4510186cb10df861c709905ad56fd0f1de374186f2ff6e454709396769","0x8010A940","structural"
"0x80107d14",,,"1","1","28","1","5","1","0","0","0","direct_call","direct_call","cf675db0262f98bf22403eee8ce123d3e0b5a0b37f48eb5549be351b1b8ffd4e","cf675db0262f98bf22403eee8ce123d3e0b5a0b37f48eb5549be351b1b8ffd4e","132ece754efbe90c81247b874b15fdecdf2b9afe839d8ce411c478d1ed75fd51","0x8010AA28","structural"
"0x80107d8c",,,"1","1","9","1","1","1","0","0","0","direct_call","direct_call","c247ab3268b39f64f4f774dbe8fa6c9df0bb2f6b3f3f30e8fa9776641aa1f14a","c247ab3268b39f64f4f774dbe8fa6c9df0bb2f6b3f3f30e8fa9776641aa1f14a","988f7deefdfa4efac2f42268ef6cf055ac5453bd8deb96dd415ac174bf153224",,
"0x80107dbc",,,"1","1","52","2","0","1","0","0","0","direct_call","direct_call","f782b0404da9ebba2c2585f231402832450be19e3d08e9bede7d646c4619f733","f782b0404da9ebba2c2585f231402832450be19e3d08e9bede7d646c4619f733","9d38f9736697b68487c877d89bfd4978d8befc14cb00a1a82eafcec9cfc3b42b","0x8010AAF0","structural"
"0x80107e8c",,,"1","1","175","1","0","1","0","0","0","direct_call","direct_call","37f388e1a0c70be096dcd43bfbe1f389e9d622bb4668acc59d49e385e4de092e","37f388e1a0c70be096dcd43bfbe1f389e9d622bb4668acc59d49e385e4de092e","83f828264896a9ed316c35755f71d06433c294fccad7a8ddaf5681560e6d241a","0x8010ABC0","structural"
"0x8010814c",,,"1","1","4","16","0","0","1","1","0","direct_call+overlay","direct_call+overlay","310222cdbb94b7d9048f6ddb2026f00bb8c20b4a9745d4c20b85f4f421dbcad6","310222cdbb94b7d9048f6ddb2026f00bb8c20b4a9745d4c20b85f4f421dbcad6","2677dd5b4382d7b09b559111168f4d6a1253112fd4d3db90a6da99116aef4af3",,
"0x8010815c",,,"1","1","4","1","0","0","0","0","0","direct_call","direct_call","6536f490307d3083867f9d89a5ff355072695e06e95a529a14e4c13d2ffac8ae","6536f490307d3083867f9d89a5ff355072695e06e95a529a14e4c13d2ffac8ae","2677dd5b4382d7b09b559111168f4d6a1253112fd4d3db90a6da99116aef4af3",,
"0x8010816c",,,"1","1","4","1","0","0","1","1","0","direct_call+overlay","direct_call+overlay","e889d268a4f5d4789e97df1b5eef2d4b6ffe320838366043ab93857342bb08e9","e889d268a4f5d4789e97df1b5eef2d4b6ffe320838366043ab93857342bb08e9","2677dd5b4382d7b09b559111168f4d6a1253112fd4d3db90a6da99116aef4af3",,
"0x8010817c",,,"1","1","35","3","0","1","0","0","0","direct_call","direct_call","020f401c5e7fabebc3a491cc5414ec3f9938e583c88a351dd2b2b47d0137a520","020f401c5e7fabebc3a491cc5414ec3f9938e583c88a351dd2b2b47d0137a520","171971ae676e9efbbd8dcecfa19f2d78d3f2b672c7fa6ab41e2ab26732b72710","0x8010AEB0","structural"
"0x8010820c",,,"1","1","4","1","0","0","0","0","0","direct_call","direct_call","046432c378ef027da5f1a518e7e0aa980f68e4deb8bdf6250c7d8bcc3be752be","046432c378ef027da5f1a518e7e0aa980f68e4deb8bdf6250c7d8bcc3be752be","2677dd5b4382d7b09b559111168f4d6a1253112fd4d3db90a6da99116aef4af3",,
"0x8010821c",,,"1","1","308","1","0","1","0","0","0","direct_call","direct_call","74e941f46e0290a87aac6c6aa88123b06ab8eb624ecdaee6e560d287953e8f7e","74e941f46e0290a87aac6c6aa88123b06ab8eb624ecdaee6e560d287953e8f7e","b245d38399384886cf2e649f984795533a5749989264674d73e37be4442d8773","0x8010AF50","structural"
"0x801086ec",,,"1","1","43","1","3","1","0","0","0","direct_call","direct_call","bc5faef97b8848f0296a70244a7a719ffc2d8d86b628995d2bebf9ef76c7a05f","bc5faef97b8848f0296a70244a7a719ffc2d8d86b628995d2bebf9ef76c7a05f","021dfcda72a001a9f29cf02b2c0e3c446b557ec4d2517d4e8d8b8749afc13fda","0x8010B420","structural"
"0x801087cc",,,"1","1","4096","4","1","0","1","1","0","direct_call+overlay","direct_call+overlay","d72d58a1e77264884647542dc64c158dd1f6870725f9ae54d5291eddb03cbcba","d72d58a1e77264884647542dc64c158dd1f6870725f9ae54d5291eddb03cbcba","a12a606f542253ef4183cda83195032df93d8c89e76e833a27b594349d140cbd",,
"0x80140808",,,"1","1","1","1","0","0","0","0","0","direct_call","direct_call","df3f619804a92fdb4057192dc43dd748ea778adc52bc498ce80524c014b81119","df3f619804a92fdb4057192dc43dd748ea778adc52bc498ce80524c014b81119","df3f619804a92fdb4057192dc43dd748ea778adc52bc498ce80524c014b81119","0x80140808","exact"
"0x8014080c",,,"1","1","1825","1","0","0","0","0","0","direct_call","direct_call","fa2a0a858265e639c86094b57fee6733dcaf6287ac231a45a76055c182bd187b","fa2a0a858265e639c86094b57fee6733dcaf6287ac231a45a76055c182bd187b","fa2a0a858265e639c86094b57fee6733dcaf6287ac231a45a76055c182bd187b",,
"0x80142490",,,"1","1","28","2","0","0","0","0","0","direct_call","direct_call","b5fdab78d8947eacc864bfeecb4d2100780e5afe1cd8efafb124887913ac49fa","b5fdab78d8947eacc864bfeecb4d2100780e5afe1cd8efafb124887913ac49fa","b5fdab78d8947eacc864bfeecb4d2100780e5afe1cd8efafb124887913ac49fa",,
"0x80142500",,,"1","1","20","2","0","0","0","0","0","direct_call","direct_call","5b6fb58e61fa475939767d68a446f97f1bff02c0e5935a3ea8bb51e6515783d8","5b6fb58e61fa475939767d68a446f97f1bff02c0e5935a3ea8bb51e6515783d8","5b6fb58e61fa475939767d68a446f97f1bff02c0e5935a3ea8bb51e6515783d8",,
"0x80142550",,,"1","1","155","1","0","0","0","0","0","direct_call","direct_call","b5afda9531d50eca02d7e10dd6a5e5a9346ef452f1aea17049b4acf84be62641","b5afda9531d50eca02d7e10dd6a5e5a9346ef452f1aea17049b4acf84be62641","b5afda9531d50eca02d7e10dd6a5e5a9346ef452f1aea17049b4acf84be62641","0x80146D50","exact"
"0x801427bc",,,"1","1","132","1","0","0","0","0","0","direct_call","direct_call","8889eb3cdd3d0ac94711b47ce78b430d8e23a7b31ecc994c56d0c3310c87674a","8889eb3cdd3d0ac94711b47ce78b430d8e23a7b31ecc994c56d0c3310c87674a","8889eb3cdd3d0ac94711b47ce78b430d8e23a7b31ecc994c56d0c3310c87674a","0x80146FBC","exact"
"0x801429cc",,,"1","1","29","1","0","0","0","0","0","direct_call","direct_call","5b517952cbe9c4c147bc3f3434f9d82409e76d09ea58905aefe7fb5415912d9a","5b517952cbe9c4c147bc3f3434f9d82409e76d09ea58905aefe7fb5415912d9a","5b517952cbe9c4c147bc3f3434f9d82409e76d09ea58905aefe7fb5415912d9a",,
"0x80142a40",,,"1","1","2","1","0","0","0","0","0","direct_call","direct_call","af5570f5a1810b7af78caf4bc70a660f0df51e42baf91d4de5b2328de0e83dfc","af5570f5a1810b7af78caf4bc70a660f0df51e42baf91d4de5b2328de0e83dfc","af5570f5a1810b7af78caf4bc70a660f0df51e42baf91d4de5b2328de0e83dfc","0x80161924","exact"
"0x80142a48",,,"1","1","110","1","0","0","0","0","0","direct_call","direct_call","360d579dbd14759b41afdf7fb5e80c0101e15150ae401d59f92a1e32d129f7cb","360d579dbd14759b41afdf7fb5e80c0101e15150ae401d59f92a1e32d129f7cb","360d579dbd14759b41afdf7fb5e80c0101e15150ae401d59f92a1e32d129f7cb",,
"0x80142c00",,,"1","1","78","2","0","0","0","0","0","direct_call","direct_call","6287e17fe5efcb191aec8a2578e685d0a1040a0ab53bd1f02c7f49cc6c8fced7","6287e17fe5efcb191aec8a2578e685d0a1040a0ab53bd1f02c7f49cc6c8fced7","6287e17fe5efcb191aec8a2578e685d0a1040a0ab53bd1f02c7f49cc6c8fced7",,
"0x80142d38",,,"1","1","61","1","0","0","0","0","0","direct_call","direct_call","b33e76357c515a25091049d146d7acf2ace055261b0fb28aff0572f8c448efb6","b33e76357c515a25091049d146d7acf2ace055261b0fb28aff0572f8c448efb6","b33e76357c515a25091049d146d7acf2ace055261b0fb28aff0572f8c448efb6","0x80147538","exact"
"0x80142e2c",,,"1","1","9","1","0","0","0","0","0","direct_call","direct_call","6db65fd59fd356f6729140571b5bcd6bb3b83492a16e1bf0a3884442fc3c8a0e","6db65fd59fd356f6729140571b5bcd6bb3b83492a16e1bf0a3884442fc3c8a0e","6db65fd59fd356f6729140571b5bcd6bb3b83492a16e1bf0a3884442fc3c8a0e",,
"0x80142e50",,,"1","1","4","1","0","0","0","0","0","direct_call","direct_call","374708fff7719dd5979ec875d56cd2286f6d3cf7ec317a3b25632aab28ec37bb","374708fff7719dd5979ec875d56cd2286f6d3cf7ec317a3b25632aab28ec37bb","374708fff7719dd5979ec875d56cd2286f6d3cf7ec317a3b25632aab28ec37bb",,
"0x80142e60",,,"1","1","146","1","0","0","0","0","0","direct_call","direct_call","62ec1707572ac5078d31a687a5d23de0c6d2a58d3462efb7039957548a7986cc","62ec1707572ac5078d31a687a5d23de0c6d2a58d3462efb7039957548a7986cc","62ec1707572ac5078d31a687a5d23de0c6d2a58d3462efb7039957548a7986cc","0x80147660","exact"
"0x801430a8",,,"1","1","8","1","0","0","1","1","0","direct_call+overlay","direct_call+overlay","66687aadf862bd776c8fc18b8e9f8e20089714856ee233b3902a591d0d5f2925","66687aadf862bd776c8fc18b8e9f8e20089714856ee233b3902a591d0d5f2925","66687aadf862bd776c8fc18b8e9f8e20089714856ee233b3902a591d0d5f2925",,
"0x801430c8",,,"1","1","38","1","0","0","0","0","0","direct_call","direct_call","85ada57e1f601e962d705f389285adb4e74f450bc00672240dfef7399d82457f","85ada57e1f601e962d705f389285adb4e74f450bc00672240dfef7399d82457f","85ada57e1f601e962d705f389285adb4e74f450bc00672240dfef7399d82457f",,
"0x80143160",,,"1","1","163","1","0","0","0","0","0","direct_call","direct_call","ff851fd853ed0307abd0224fe62418ca7d8c3c19e5a70a67ccd5740717d24681","ff851fd853ed0307abd0224fe62418ca7d8c3c19e5a70a67ccd5740717d24681","ff851fd853ed0307abd0224fe62418ca7d8c3c19e5a70a67ccd5740717d24681",,
"0x801433ec",,,"1","1","32","2","0","0","0","0","0","direct_call","direct_call","38723a2e5e8a17aa7950dc008209944e898f69a7bd10a23c839d341e935fd5ca","38723a2e5e8a17aa7950dc008209944e898f69a7bd10a23c839d341e935fd5ca","38723a2e5e8a17aa7950dc008209944e898f69a7bd10a23c839d341e935fd5ca","0x80147BEC","exact"
"0x8014346c",,,"1","1","29","2","0","0","0","0","0","direct_call","direct_call","5b517952cbe9c4c147bc3f3434f9d82409e76d09ea58905aefe7fb5415912d9a","5b517952cbe9c4c147bc3f3434f9d82409e76d09ea58905aefe7fb5415912d9a","5b517952cbe9c4c147bc3f3434f9d82409e76d09ea58905aefe7fb5415912d9a",,
"0x801434e0",,,"1","1","24","12","0","0","0","0","0","direct_call","direct_call","2ea9ab9198d1638007400cd2c3bef1cc745b864b76011a0e1bc52180ac6452d4","2ea9ab9198d1638007400cd2c3bef1cc745b864b76011a0e1bc52180ac6452d4","2ea9ab9198d1638007400cd2c3bef1cc745b864b76011a0e1bc52180ac6452d4",,
"0x80143540",,,"1","1","13","4","0","0","0","0","0","direct_call","direct_call","7955cb2de90dd9efc6df9fdbf5f5d10c114f4135a9a6b52db1003be749e32f7a","7955cb2de90dd9efc6df9fdbf5f5d10c114f4135a9a6b52db1003be749e32f7a","7955cb2de90dd9efc6df9fdbf5f5d10c114f4135a9a6b52db1003be749e32f7a",,
"0x80143574",,,"1","1","3","1","0","0","0","0","0","direct_call","direct_call","15ec7bf0b50732b49f8228e07d24365338f9e3ab994b00af08e5a3bffe55fd8b","15ec7bf0b50732b49f8228e07d24365338f9e3ab994b00af08e5a3bffe55fd8b","15ec7bf0b50732b49f8228e07d24365338f9e3ab994b00af08e5a3bffe55fd8b",,
"0x80143580",,,"1","1","31","1","0","0","0","0","0","direct_call","direct_call","7b8ec8dd836b564f0c85ad088fc744de820345204e154bc1503e04e9d6fdd9f1","7b8ec8dd836b564f0c85ad088fc744de820345204e154bc1503e04e9d6fdd9f1","7b8ec8dd836b564f0c85ad088fc744de820345204e154bc1503e04e9d6fdd9f1",,
"0x801435fc",,,"1","1","8","2","0","0","0","0","0","direct_call","direct_call","66687aadf862bd776c8fc18b8e9f8e20089714856ee233b3902a591d0d5f2925","66687aadf862bd776c8fc18b8e9f8e20089714856ee233b3902a591d0d5f2925","66687aadf862bd776c8fc18b8e9f8e20089714856ee233b3902a591d0d5f2925",,
"0x8014361c",,,"1","1","9","2","0","0","0","0","0","direct_call","direct_call","6db65fd59fd356f6729140571b5bcd6bb3b83492a16e1bf0a3884442fc3c8a0e","6db65fd59fd356f6729140571b5bcd6bb3b83492a16e1bf0a3884442fc3c8a0e","6db65fd59fd356f6729140571b5bcd6bb3b83492a16e1bf0a3884442fc3c8a0e",,
"0x80143640",,,"1","1","60","1","0","0","0","0","0","direct_call","direct_call","2dfba633817046c7f559ed4b93076048435f7e1a90f14eb8035c04b9ebae2537","2dfba633817046c7f559ed4b93076048435f7e1a90f14eb8035c04b9ebae2537","2dfba633817046c7f559ed4b93076048435f7e1a90f14eb8035c04b9ebae2537","0x80147E40","exact"
"0x80143730",,,"1","1","36","3","0","0","0","0","0","direct_call","direct_call","81c611f35bff79491538b2f7cf201c7597a661a5c549633541c62bdc8af1613f","81c611f35bff79491538b2f7cf201c7597a661a5c549633541c62bdc8af1613f","81c611f35bff79491538b2f7cf201c7597a661a5c549633541c62bdc8af1613f",,
"0x801437c0",,,"1","1","35","1","0","0","0","0","0","direct_call","direct_call","24045c10c12a89f4c11e3b88ea34558fcdf926a8c1008cd08cc33bc71407c774","24045c10c12a89f4c11e3b88ea34558fcdf926a8c1008cd08cc33bc71407c774","24045c10c12a89f4c11e3b88ea34558fcdf926a8c1008cd08cc33bc71407c774","0x80147FC0","exact"
"0x8014384c",,,"1","1","37","1","0","0","0","0","0","direct_call","direct_call","3b18c58c739716e76429634a61375c45b3b5cd470c22ab6d3e14cee23dd992e1","3b18c58c739716e76429634a61375c45b3b5cd470c22ab6d3e14cee23dd992e1","3b18c58c739716e76429634a61375c45b3b5cd470c22ab6d3e14cee23dd992e1",,
"0x801438e0",,,"1","1","43","1","0","0","0","0","0","direct_call","direct_call","58f218aeb259309eeb545345a8f5c715987967b0ec724806d448394da578d0b0","58f218aeb259309eeb545345a8f5c715987967b0ec724806d448394da578d0b0","58f218aeb259309eeb545345a8f5c715987967b0ec724806d448394da578d0b0",,
"0x8014398c",,,"1","1","33","2","0","0","0","0","0","direct_call","direct_call","115bad14f1c9f2c027a84de21b107015722cb76be8d0abf3760ad8e00d6c24a5","115bad14f1c9f2c027a84de21b107015722cb76be8d0abf3760ad8e00d6c24a5","115bad14f1c9f2c027a84de21b107015722cb76be8d0abf3760ad8e00d6c24a5","0x8014818C","exact"
"0x80143a10",,,"1","1","12","1","0","0","0","0","0","direct_call","direct_call","17b0761f87b081d5cf10757ccc89f12be355c70e2e29df288b65b30710dcbcd1","17b0761f87b081d5cf10757ccc89f12be355c70e2e29df288b65b30710dcbcd1","17b0761f87b081d5cf10757ccc89f12be355c70e2e29df288b65b30710dcbcd1",,
"0x80143a40",,,"1","1","28","1","0","0","1","1","0","direct_call+overlay","direct_call+overlay","b5fdab78d8947eacc864bfeecb4d2100780e5afe1cd8efafb124887913ac49fa","b5fdab78d8947eacc864bfeecb4d2100780e5afe1cd8efafb124887913ac49fa","b5fdab78d8947eacc864bfeecb4d2100780e5afe1cd8efafb124887913ac49fa",,
"0x80143ab0",,,"1","1","16","1","0","0","1","1","0","direct_call+overlay","direct_call+overlay","f5a5fd42d16a20302798ef6ed309979b43003d2320d9f0e8ea9831a92759fb4b","f5a5fd42d16a20302798ef6ed309979b43003d2320d9f0e8ea9831a92759fb4b","f5a5fd42d16a20302798ef6ed309979b43003d2320d9f0e8ea9831a92759fb4b",,
"0x80143af0",,,"1","1","225","1","0","0","1","1","0","direct_call+overlay","direct_call+overlay","fa807c957eafe34b850cb453a096df2e5899f0902a837fccd59f9aafa869fb44","fa807c957eafe34b850cb453a096df2e5899f0902a837fccd59f9aafa869fb44","fa807c957eafe34b850cb453a096df2e5899f0902a837fccd59f9aafa869fb44","0x801482F0","exact"
"0x80143e74",,,"1","1","446","1","0","0","1","1","0","direct_call+overlay","direct_call+overlay","161e5073a0bdc6cd6a4842aae8e537e13998336cc3545fe0572174b8ae0160cd","161e5073a0bdc6cd6a4842aae8e537e13998336cc3545fe0572174b8ae0160cd","161e5073a0bdc6cd6a4842aae8e537e13998336cc3545fe0572174b8ae0160cd","0x80148674","exact"
"0x8014456c",,,"1","1","150","1","0","0","1","1","0","direct_call+overlay","direct_call+overlay","bd50e12c55dda3ee443c1cb6d71c7bcf6351c4ec96f7bc8d6adec015d1192eea","bd50e12c55dda3ee443c1cb6d71c7bcf6351c4ec96f7bc8d6adec015d1192eea","bd50e12c55dda3ee443c1cb6d71c7bcf6351c4ec96f7bc8d6adec015d1192eea",,
"0x801447c4",,,"1","1","150","2","0","0","1","1","0","direct_call+overlay","direct_call+overlay","bd50e12c55dda3ee443c1cb6d71c7bcf6351c4ec96f7bc8d6adec015d1192eea","bd50e12c55dda3ee443c1cb6d71c7bcf6351c4ec96f7bc8d6adec015d1192eea","bd50e12c55dda3ee443c1cb6d71c7bcf6351c4ec96f7bc8d6adec015d1192eea",,
"0x80144a1c",,,"1","1","151","2","0","0","1","1","0","direct_call+overlay","direct_call+overlay","91be3e043e5d72c901e47f8245d27e23f94c426e6c091b391887dd54f039e818","91be3e043e5d72c901e47f8245d27e23f94c426e6c091b391887dd54f039e818","91be3e043e5d72c901e47f8245d27e23f94c426e6c091b391887dd54f039e818","0x8014921C","exact"
"0x80144c78",,,"1","1","5","2","0","0","0","0","0","direct_call","direct_call","de47c9b27eb8d300dbb5f2c353e632c393262cf06340c4fa7f1b40c4cbd36f90","de47c9b27eb8d300dbb5f2c353e632c393262cf06340c4fa7f1b40c4cbd36f90","de47c9b27eb8d300dbb5f2c353e632c393262cf06340c4fa7f1b40c4cbd36f90",,
"0x80144c8c",,,"1","1","71","3","0","0","1","1","0","direct_call+overlay","direct_call+overlay","d72511e843bf5a2e44e8bd1da20c2626311d1d6679424f717807a1db731d62f5","d72511e843bf5a2e44e8bd1da20c2626311d1d6679424f717807a1db731d62f5","d72511e843bf5a2e44e8bd1da20c2626311d1d6679424f717807a1db731d62f5","0x8014948C","exact"
"0x80144da8",,,"1","1","63","1","0","0","1","1","0","direct_call+overlay","direct_call+overlay","913c6e2c32d99e4baff62cf421a494730cb043924f2c6bf46406573b59c641bd","913c6e2c32d99e4baff62cf421a494730cb043924f2c6bf46406573b59c641bd","913c6e2c32d99e4baff62cf421a494730cb043924f2c6bf46406573b59c641bd",,
"0x80144ea4",,,"1","1","74","1","0","0","1","1","0","direct_call+overlay","direct_call+overlay","250f52cb2d6f1966a29f6ac771fa1cd185b8f8531396c8a4026c0fe635617e0c","250f52cb2d6f1966a29f6ac771fa1cd185b8f8531396c8a4026c0fe635617e0c","250f52cb2d6f1966a29f6ac771fa1cd185b8f8531396c8a4026c0fe635617e0c",,
"0x80144fcc",,,"1","1","64","10","0","0","0","0","0","direct_call","direct_call","5341e6b2646979a70e57653007a1f310169421ec9bdd9f1a5648f75ade005af1","5341e6b2646979a70e57653007a1f310169421ec9bdd9f1a5648f75ade005af1","5341e6b2646979a70e57653007a1f310169421ec9bdd9f1a5648f75ade005af1",,
"0x801450cc",,,"1","1","23","4","0","0","0","0","0","direct_call","direct_call","62b14867e4e79d50673d2f7474335229f54c478f56d2a910235e1953c6d29206","62b14867e4e79d50673d2f7474335229f54c478f56d2a910235e1953c6d29206","62b14867e4e79d50673d2f7474335229f54c478f56d2a910235e1953c6d29206",,
"0x80145128",,,"1","1","36","1","0","0","0","0","0","direct_call","direct_call","81c611f35bff79491538b2f7cf201c7597a661a5c549633541c62bdc8af1613f","81c611f35bff79491538b2f7cf201c7597a661a5c549633541c62bdc8af1613f","81c611f35bff79491538b2f7cf201c7597a661a5c549633541c62bdc8af1613f",,
"0x801451b8",,,"1","1","18","1","0","0","0","0","0","direct_call","direct_call","834a709ba2534ebe3ee1397fd4f7bd288b2acc1d20a08d6c862dcd99b6f04400","834a709ba2534ebe3ee1397fd4f7bd288b2acc1d20a08d6c862dcd99b6f04400","834a709ba2534ebe3ee1397fd4f7bd288b2acc1d20a08d6c862dcd99b6f04400",,
"0x80145200",,,"1","1","4","1","0","0","0","0","0","direct_call","direct_call","374708fff7719dd5979ec875d56cd2286f6d3cf7ec317a3b25632aab28ec37bb","374708fff7719dd5979ec875d56cd2286f6d3cf7ec317a3b25632aab28ec37bb","374708fff7719dd5979ec875d56cd2286f6d3cf7ec317a3b25632aab28ec37bb",,
"0x80145210",,,"1","1","31","12","0","0","0","0","0","direct_call","direct_call","7b8ec8dd836b564f0c85ad088fc744de820345204e154bc1503e04e9d6fdd9f1","7b8ec8dd836b564f0c85ad088fc744de820345204e154bc1503e04e9d6fdd9f1","7b8ec8dd836b564f0c85ad088fc744de820345204e154bc1503e04e9d6fdd9f1",,
"0x8014528c",,,"1","1","27","1","0","0","0","0","0","direct_call","direct_call","77133f431d5e12dd850002c0d3d4e0fecbe3a7a699d604dc8c5eae9976e1d260","77133f431d5e12dd850002c0d3d4e0fecbe3a7a699d604dc8c5eae9976e1d260","77133f431d5e12dd850002c0d3d4e0fecbe3a7a699d604dc8c5eae9976e1d260",,
"0x801452f8",,,"1","1","46","2","0","0","0","0","0","direct_call","direct_call","d81bfb50e59a9abbe66f6ae0c6b45c7b9c0bc6eead2cf982118ac4d62b6ffeda","d81bfb50e59a9abbe66f6ae0c6b45c7b9c0bc6eead2cf982118ac4d62b6ffeda","d81bfb50e59a9abbe66f6ae0c6b45c7b9c0bc6eead2cf982118ac4d62b6ffeda",,
"0x801453b0",,,"1","1","119","1","0","0","0","0","0","direct_call","direct_call","d51c15401c9d321e95a53bb9f69ab1546bc108efffeac4cbaa4ead352869d7d6","d51c15401c9d321e95a53bb9f69ab1546bc108efffeac4cbaa4ead352869d7d6","d51c15401c9d321e95a53bb9f69ab1546bc108efffeac4cbaa4ead352869d7d6",,
"0x8014558c",,,"1","1","45","1","0","0","0","0","0","direct_call","direct_call","10b2a66888c58a54b277fe2e68fb6e87150c3cd2c537b7f6a2d84559017438c7","10b2a66888c58a54b277fe2e68fb6e87150c3cd2c537b7f6a2d84559017438c7","10b2a66888c58a54b277fe2e68fb6e87150c3cd2c537b7f6a2d84559017438c7","0x80149D8C","exact"
"0x80145640",,,"1","1","66","28","0","0","0","0","0","direct_call","direct_call","44b8aa4d28701168922acf61435ea4bb442f97b0b14ad7a2510ed68874ee2a72","44b8aa4d28701168922acf61435ea4bb442f97b0b14ad7a2510ed68874ee2a72","44b8aa4d28701168922acf61435ea4bb442f97b0b14ad7a2510ed68874ee2a72",,
"0x80145748",,,"1","1","54","7","0","0","0","0","0","direct_call","direct_call","a5645e7a3fa0866cde8842c4dab96567507c3d1a3c028b816bc63f6966367b70","a5645e7a3fa0866cde8842c4dab96567507c3d1a3c028b816bc63f6966367b70","a5645e7a3fa0866cde8842c4dab96567507c3d1a3c028b816bc63f6966367b70",,
"0x80145820",,,"1","1","54","20","0","0","0","0","0","direct_call","direct_call","a5645e7a3fa0866cde8842c4dab96567507c3d1a3c028b816bc63f6966367b70","a5645e7a3fa0866cde8842c4dab96567507c3d1a3c028b816bc63f6966367b70","a5645e7a3fa0866cde8842c4dab96567507c3d1a3c028b816bc63f6966367b70",,
"0x801458f8",,,"1","1","15","5","0","0","0","0","0","direct_call","direct_call","5dcc1b5872dd9ff1c234501f1fefda01f664164e1583c3e1bb3dbea47588ab31","5dcc1b5872dd9ff1c234501f1fefda01f664164e1583c3e1bb3dbea47588ab31","5dcc1b5872dd9ff1c234501f1fefda01f664164e1583c3e1bb3dbea47588ab31",,
"0x80145934",,,"1","1","15","4","0","0","0","0","0","direct_call","direct_call","5dcc1b5872dd9ff1c234501f1fefda01f664164e1583c3e1bb3dbea47588ab31","5dcc1b5872dd9ff1c234501f1fefda01f664164e1583c3e1bb3dbea47588ab31","5dcc1b5872dd9ff1c234501f1fefda01f664164e1583c3e1bb3dbea47588ab31",,
"0x80145970",,,"1","1","4","2","0","0","0","0","0","direct_call","direct_call","374708fff7719dd5979ec875d56cd2286f6d3cf7ec317a3b25632aab28ec37bb","374708fff7719dd5979ec875d56cd2286f6d3cf7ec317a3b25632aab28ec37bb","374708fff7719dd5979ec875d56cd2286f6d3cf7ec317a3b25632aab28ec37bb",,
"0x80145980",,,"1","1","16","12","0","0","0","0","0","direct_call","direct_call","f5a5fd42d16a20302798ef6ed309979b43003d2320d9f0e8ea9831a92759fb4b","f5a5fd42d16a20302798ef6ed309979b43003d2320d9f0e8ea9831a92759fb4b","f5a5fd42d16a20302798ef6ed309979b43003d2320d9f0e8ea9831a92759fb4b",,
"0x801459c0",,,"1","1","4","3","0","0","0","0","0","direct_call","direct_call","374708fff7719dd5979ec875d56cd2286f6d3cf7ec317a3b25632aab28ec37bb","374708fff7719dd5979ec875d56cd2286f6d3cf7ec317a3b25632aab28ec37bb","374708fff7719dd5979ec875d56cd2286f6d3cf7ec317a3b25632aab28ec37bb",,
"0x801459d0",,,"1","1","244","1","0","0","0","0","0","direct_call","direct_call","116d7399ce18e417bb9d1586091987731f6b78e79edbea12349960da3b9269b2","116d7399ce18e417bb9d1586091987731f6b78e79edbea12349960da3b9269b2","116d7399ce18e417bb9d1586091987731f6b78e79edbea12349960da3b9269b2","0x8014A1D0","exact"
"0x80145da0",,,"1","1","432","1","0","0","0","0","0","direct_call","direct_call","7636c9f8da9a82f9a9fcd804a25795a9c900e1c7e19f7442a7b113c8ccd64eb2","7636c9f8da9a82f9a9fcd804a25795a9c900e1c7e19f7442a7b113c8ccd64eb2","7636c9f8da9a82f9a9fcd804a25795a9c900e1c7e19f7442a7b113c8ccd64eb2","0x8014A5A0","exact"
"0x80146460",,,"1","1","4","2","0","0","0","0","0","direct_call","direct_call","374708fff7719dd5979ec875d56cd2286f6d3cf7ec317a3b25632aab28ec37bb","374708fff7719dd5979ec875d56cd2286f6d3cf7ec317a3b25632aab28ec37bb","374708fff7719dd5979ec875d56cd2286f6d3cf7ec317a3b25632aab28ec37bb",,
"0x80146470",,,"1","1","4","6","0","0","0","0","0","direct_call","direct_call","374708fff7719dd5979ec875d56cd2286f6d3cf7ec317a3b25632aab28ec37bb","374708fff7719dd5979ec875d56cd2286f6d3cf7ec317a3b25632aab28ec37bb","374708fff7719dd5979ec875d56cd2286f6d3cf7ec317a3b25632aab28ec37bb",,
"0x80146480",,,"1","1","4","1","0","0","0","0","0","direct_call","direct_call","374708fff7719dd5979ec875d56cd2286f6d3cf7ec317a3b25632aab28ec37bb","374708fff7719dd5979ec875d56cd2286f6d3cf7ec317a3b25632aab28ec37bb","374708fff7719dd5979ec875d56cd2286f6d3cf7ec317a3b25632aab28ec37bb",,
"0x80146490",,,"1","1","55","1","0","0","0","0","0","direct_call","direct_call","ac9ab7fef49ac432f1e4b9b43d3df89ca06dd53c244676fa5d47a8725dcc5eb9","ac9ab7fef49ac432f1e4b9b43d3df89ca06dd53c244676fa5d47a8725dcc5eb9","ac9ab7fef49ac432f1e4b9b43d3df89ca06dd53c244676fa5d47a8725dcc5eb9",,
"0x8014656c",,,"1","1","37","1","0","0","0","0","0","direct_call","direct_call","3b18c58c739716e76429634a61375c45b3b5cd470c22ab6d3e14cee23dd992e1","3b18c58c739716e76429634a61375c45b3b5cd470c22ab6d3e14cee23dd992e1","3b18c58c739716e76429634a61375c45b3b5cd470c22ab6d3e14cee23dd992e1",,
"0x80146600",,,"1","1","28","1","0","0","0","0","0","direct_call","direct_call","b5fdab78d8947eacc864bfeecb4d2100780e5afe1cd8efafb124887913ac49fa","b5fdab78d8947eacc864bfeecb4d2100780e5afe1cd8efafb124887913ac49fa","b5fdab78d8947eacc864bfeecb4d2100780e5afe1cd8efafb124887913ac49fa",,
"0x80146670",,,"1","1","16","1","0","0","0","0","0","direct_call","direct_call","f5a5fd42d16a20302798ef6ed309979b43003d2320d9f0e8ea9831a92759fb4b","f5a5fd42d16a20302798ef6ed309979b43003d2320d9f0e8ea9831a92759fb4b","f5a5fd42d16a20302798ef6ed309979b43003d2320d9f0e8ea9831a92759fb4b",,
"0x801466b0",,,"1","1","4","1","0","0","0","0","0","direct_call","direct_call","374708fff7719dd5979ec875d56cd2286f6d3cf7ec317a3b25632aab28ec37bb","374708fff7719dd5979ec875d56cd2286f6d3cf7ec317a3b25632aab28ec37bb","374708fff7719dd5979ec875d56cd2286f6d3cf7ec317a3b25632aab28ec37bb",,
"0x801466c0",,,"1","1","4096","2","0","0","0","0","0","direct_call","direct_call","4fe7b59af6de3b665b67788cc2f99892ab827efae3a467342b3bb4e3bc8e5bfe","4fe7b59af6de3b665b67788cc2f99892ab827efae3a467342b3bb4e3bc8e5bfe","4fe7b59af6de3b665b67788cc2f99892ab827efae3a467342b3bb4e3bc8e5bfe",,
"0x8014aad0",,,"1","1","979","1","0","0","0","0","0","direct_call","direct_call","3781a3d642162eb7913db4267fb132033952c9e41e74dc03afb0c047fadbef38","3781a3d642162eb7913db4267fb132033952c9e41e74dc03afb0c047fadbef38","3781a3d642162eb7913db4267fb132033952c9e41e74dc03afb0c047fadbef38",,
"0x8014ba1c",,,"1","1","293","3","0","0","0","0","0","direct_call","direct_call","c8d3d03b39a0415c1e1bb968a39b364d2c9dd3026d44b44158312b6292abdfbd","c8d3d03b39a0415c1e1bb968a39b364d2c9dd3026d44b44158312b6292abdfbd","c8d3d03b39a0415c1e1bb968a39b364d2c9dd3026d44b44158312b6292abdfbd",,
"0x8014beb0",,,"1","1","144","1","0","0","0","0","0","direct_call","direct_call","1a0295f4bf5986c5f74eca9153a6a4cb10b073a01a76ba4a457fd862c78966a4","1a0295f4bf5986c5f74eca9153a6a4cb10b073a01a76ba4a457fd862c78966a4","1a0295f4bf5986c5f74eca9153a6a4cb10b073a01a76ba4a457fd862c78966a4",,
"0x8014c0f0",,,"1","1","16","1","0","0","0","0","0","direct_call","direct_call","f5a5fd42d16a20302798ef6ed309979b43003d2320d9f0e8ea9831a92759fb4b","f5a5fd42d16a20302798ef6ed309979b43003d2320d9f0e8ea9831a92759fb4b","f5a5fd42d16a20302798ef6ed309979b43003d2320d9f0e8ea9831a92759fb4b",,
"0x8014c130",,,"1","1","122","1","0","0","0","0","0","direct_call","direct_call","f8afcaf4ddde4b7d144069a66a2a5f6ee05b9652f6de33095ae49251486216af","f8afcaf4ddde4b7d144069a66a2a5f6ee05b9652f6de33095ae49251486216af","f8afcaf4ddde4b7d144069a66a2a5f6ee05b9652f6de33095ae49251486216af",,
"0x8014c318",,,"1","1","97","1","0","0","0","0","0","direct_call","direct_call","8de76ee7eb6b32c307d4a46a43ac55bc15b917e2a24d36c3d001878a97fd39d6","8de76ee7eb6b32c307d4a46a43ac55bc15b917e2a24d36c3d001878a97fd39d6","8de76ee7eb6b32c307d4a46a43ac55bc15b917e2a24d36c3d001878a97fd39d6","0x801569A0","exact"
"0x8014c49c",,,"1","1","35","1","0","0","0","0","0","direct_call","direct_call","24045c10c12a89f4c11e3b88ea34558fcdf926a8c1008cd08cc33bc71407c774","24045c10c12a89f4c11e3b88ea34558fcdf926a8c1008cd08cc33bc71407c774","24045c10c12a89f4c11e3b88ea34558fcdf926a8c1008cd08cc33bc71407c774","0x80147FC0","exact"
"0x8014c528",,,"1","1","73","1","0","0","0","0","0","direct_call","direct_call","3453f578e4f10a1cafd84b6500620ae42aeb9b31d700b3b9c3ef5498062a25d4","3453f578e4f10a1cafd84b6500620ae42aeb9b31d700b3b9c3ef5498062a25d4","3453f578e4f10a1cafd84b6500620ae42aeb9b31d700b3b9c3ef5498062a25d4",,
"0x8014c64c",,,"1","1","29","1","0","0","0","0","0","direct_call","direct_call","5b517952cbe9c4c147bc3f3434f9d82409e76d09ea58905aefe7fb5415912d9a","5b517952cbe9c4c147bc3f3434f9d82409e76d09ea58905aefe7fb5415912d9a","5b517952cbe9c4c147bc3f3434f9d82409e76d09ea58905aefe7fb5415912d9a",,
"0x8014c6c0",,,"1","1","121","1","0","0","0","0","0","direct_call","direct_call","280cd897348c9100635bf79e7dbda96fac1641df479216a6eb059c52522860a3","280cd897348c9100635bf79e7dbda96fac1641df479216a6eb059c52522860a3","280cd897348c9100635bf79e7dbda96fac1641df479216a6eb059c52522860a3",,
"0x8014c8a4",,,"1","1","114","2","0","0","0","0","0","direct_call","direct_call","b960fb5cb94682dfc4a873035d65f8befdcb9bed0e7db0feb905f0dcf437b38c","b960fb5cb94682dfc4a873035d65f8befdcb9bed0e7db0feb905f0dcf437b38c","b960fb5cb94682dfc4a873035d65f8befdcb9bed0e7db0feb905f0dcf437b38c",,
"0x8014ca6c",,,"1","1","127","1","0","0","0","0","0","direct_call","direct_call","64d6c19683061d281bcee4c3cb3fa451f3724613dcc114467cebfd53ee182e31","64d6c19683061d281bcee4c3cb3fa451f3724613dcc114467cebfd53ee182e31","64d6c19683061d281bcee4c3cb3fa451f3724613dcc114467cebfd53ee182e31",,
"0x8014cc68",,,"1","1","29","1","0","0","0","0","0","direct_call","direct_call","5b517952cbe9c4c147bc3f3434f9d82409e76d09ea58905aefe7fb5415912d9a","5b517952cbe9c4c147bc3f3434f9d82409e76d09ea58905aefe7fb5415912d9a","5b517952cbe9c4c147bc3f3434f9d82409e76d09ea58905aefe7fb5415912d9a",,
"0x8014ccdc",,,"1","1","55","6","0","0","0","0","0","direct_call","direct_call","ac9ab7fef49ac432f1e4b9b43d3df89ca06dd53c244676fa5d47a8725dcc5eb9","ac9ab7fef49ac432f1e4b9b43d3df89ca06dd53c244676fa5d47a8725dcc5eb9","ac9ab7fef49ac432f1e4b9b43d3df89ca06dd53c244676fa5d47a8725dcc5eb9",,
"0x8014cdb8",,,"1","1","148","3","0","0","0","0","0","direct_call","direct_call","2b73f6b3cd6cd9f97ccbbedc2fa1904331b916b2ace865882f72ddd083c79b04","2b73f6b3cd6cd9f97ccbbedc2fa1904331b916b2ace865882f72ddd083c79b04","2b73f6b3cd6cd9f97ccbbedc2fa1904331b916b2ace865882f72ddd083c79b04",,
"0x8014d008",,,"1","1","24","10","0","0","0","0","0","direct_call","direct_call","2ea9ab9198d1638007400cd2c3bef1cc745b864b76011a0e1bc52180ac6452d4","2ea9ab9198d1638007400cd2c3bef1cc745b864b76011a0e1bc52180ac6452d4","2ea9ab9198d1638007400cd2c3bef1cc745b864b76011a0e1bc52180ac6452d4",,
"0x8014d068",,,"1","1","194","3","0","0","0","0","0","direct_call","direct_call","508f5ba745944e982367cdbcd6a240acc7f895583df43b519b7d6745f5d86f7b","508f5ba745944e982367cdbcd6a240acc7f895583df43b519b7d6745f5d86f7b","508f5ba745944e982367cdbcd6a240acc7f895583df43b519b7d6745f5d86f7b",,
"0x8014d370",,,"1","1","40","3","0","0","0","0","0","direct_call","direct_call","b393978842a0fa3d3e1470196f098f473f9678e72463cb65ec4ab5581856c2e4","b393978842a0fa3d3e1470196f098f473f9678e72463cb65ec4ab5581856c2e4","b393978842a0fa3d3e1470196f098f473f9678e72463cb65ec4ab5581856c2e4",,
"0x8014d410",,,"1","1","92","2","0","0","0","0","0","direct_call","direct_call","71818ecc26433c32172dd9a3544657971c7078daa2257da7c3c303e08693cb23","71818ecc26433c32172dd9a3544657971c7078daa2257da7c3c303e08693cb23","71818ecc26433c32172dd9a3544657971c7078daa2257da7c3c303e08693cb23","0x8016498C","exact"
"0x8014d580",,,"1","1","28","30","0","0","0","0","0","direct_call","direct_call","b5fdab78d8947eacc864bfeecb4d2100780e5afe1cd8efafb124887913ac49fa","b5fdab78d8947eacc864bfeecb4d2100780e5afe1cd8efafb124887913ac49fa","b5fdab78d8947eacc864bfeecb4d2100780e5afe1cd8efafb124887913ac49fa",,
"0x8014d5f0",,,"1","1","64","14","0","0","0","0","0","direct_call","direct_call","5341e6b2646979a70e57653007a1f310169421ec9bdd9f1a5648f75ade005af1","5341e6b2646979a70e57653007a1f310169421ec9bdd9f1a5648f75ade005af1","5341e6b2646979a70e57653007a1f310169421ec9bdd9f1a5648f75ade005af1",,
"0x8014d6f0",,,"1","1","34","1","0","0","0","0","0","direct_call","direct_call","b707241545a346265aab1ffb32ff64b55bf8f8dc1b56a46ef33ce3d15db11d33","b707241545a346265aab1ffb32ff64b55bf8f8dc1b56a46ef33ce3d15db11d33","b707241545a346265aab1ffb32ff64b55bf8f8dc1b56a46ef33ce3d15db11d33","0x80151C64","exact"
"0x8014d778",,,"1","1","37","1","0","0","0","0","0","direct_call","direct_call","3b18c58c739716e76429634a61375c45b3b5cd470c22ab6d3e14cee23dd992e1","3b18c58c739716e76429634a61375c45b3b5cd470c22ab6d3e14cee23dd992e1","3b18c58c739716e76429634a61375c45b3b5cd470c22ab6d3e14cee23dd992e1",,
"0x8014d80c",,,"1","1","209","3","0","0","0","0","0","direct_call","direct_call","875fd088c3e4fc6a48ec6d7f9b897956a5ab6a83b9710de550857731c1311fef","875fd088c3e4fc6a48ec6d7f9b897956a5ab6a83b9710de550857731c1311fef","875fd088c3e4fc6a48ec6d7f9b897956a5ab6a83b9710de550857731c1311fef",,
"0x8014db50",,,"1","1","36","1","0","0","0","0","0","direct_call","direct_call","81c611f35bff79491538b2f7cf201c7597a661a5c549633541c62bdc8af1613f","81c611f35bff79491538b2f7cf201c7597a661a5c549633541c62bdc8af1613f","81c611f35bff79491538b2f7cf201c7597a661a5c549633541c62bdc8af1613f",,
"0x8014dbe0",,,"1","1","42","1","0","0","0","0","0","direct_call","direct_call","e3c2af35d1dfc500e16f826a071cc311bf55003a3de77de7ea3376c6b6fa2857","e3c2af35d1dfc500e16f826a071cc311bf55003a3de77de7ea3376c6b6fa2857","e3c2af35d1dfc500e16f826a071cc311bf55003a3de77de7ea3376c6b6fa2857",,
"0x8014dc88",,,"1","1","27","17","0","0","0","0","0","direct_call","direct_call","77133f431d5e12dd850002c0d3d4e0fecbe3a7a699d604dc8c5eae9976e1d260","77133f431d5e12dd850002c0d3d4e0fecbe3a7a699d604dc8c5eae9976e1d260","77133f431d5e12dd850002c0d3d4e0fecbe3a7a699d604dc8c5eae9976e1d260",,
"0x8014dcf4",,,"1","1","30","2","0","0","0","0","0","direct_call","direct_call","6edd9f6f9cc92cded36e6c4a580933f9c9f1b90562b46903b806f21902a1a54f","6edd9f6f9cc92cded36e6c4a580933f9c9f1b90562b46903b806f21902a1a54f","6edd9f6f9cc92cded36e6c4a580933f9c9f1b90562b46903b806f21902a1a54f",,
"0x8014dd6c",,,"1","1","15","5","0","0","0","0","0","direct_call","direct_call","5dcc1b5872dd9ff1c234501f1fefda01f664164e1583c3e1bb3dbea47588ab31","5dcc1b5872dd9ff1c234501f1fefda01f664164e1583c3e1bb3dbea47588ab31","5dcc1b5872dd9ff1c234501f1fefda01f664164e1583c3e1bb3dbea47588ab31",,
"0x8014dda8",,,"1","1","24","1","0","0","0","0","0","direct_call","direct_call","2ea9ab9198d1638007400cd2c3bef1cc745b864b76011a0e1bc52180ac6452d4","2ea9ab9198d1638007400cd2c3bef1cc745b864b76011a0e1bc52180ac6452d4","2ea9ab9198d1638007400cd2c3bef1cc745b864b76011a0e1bc52180ac6452d4",,
"0x8014de08",,,"1","1","39","6","0","0","0","0","0","direct_call","direct_call","59bf9091f4cbbd2a8796bfe086a501c57226c42739dcf8ad323e7493ad51e38f","59bf9091f4cbbd2a8796bfe086a501c57226c42739dcf8ad323e7493ad51e38f","59bf9091f4cbbd2a8796bfe086a501c57226c42739dcf8ad323e7493ad51e38f","0x8015236C","exact"
"0x8014dea4",,,"1","1","108","19","0","0","0","0","0","direct_call","direct_call","1fe2373734955e60c172999142934b52e69ba7ab9039b3c18ea54082ba32afcd","1fe2373734955e60c172999142934b52e69ba7ab9039b3c18ea54082ba32afcd","1fe2373734955e60c172999142934b52e69ba7ab9039b3c18ea54082ba32afcd","0x80152408","exact"
"0x8014e054",,,"1","1","93","2","0","0","0","0","0","direct_call","direct_call","3efddf6dfe905d7626ce129093eba0c053415057485f175ae47fbd9f5781644b","3efddf6dfe905d7626ce129093eba0c053415057485f175ae47fbd9f5781644b","3efddf6dfe905d7626ce129093eba0c053415057485f175ae47fbd9f5781644b","0x801525B8","exact"
"0x8014e1c8",,,"1","1","321","1","0","0","0","0","0","direct_call","direct_call","8b3827b7bae22f976e2a59e9957ba8b3b9cee57a4cf923a4da970a8f3c1e79c5","8b3827b7bae22f976e2a59e9957ba8b3b9cee57a4cf923a4da970a8f3c1e79c5","8b3827b7bae22f976e2a59e9957ba8b3b9cee57a4cf923a4da970a8f3c1e79c5",,
"0x8014e6cc",,,"1","1","60","1","0","0","0","0","0","direct_call","direct_call","2dfba633817046c7f559ed4b93076048435f7e1a90f14eb8035c04b9ebae2537","2dfba633817046c7f559ed4b93076048435f7e1a90f14eb8035c04b9ebae2537","2dfba633817046c7f559ed4b93076048435f7e1a90f14eb8035c04b9ebae2537","0x80147E40","exact"
"0x8014e7bc",,,"1","1","242","1","0","0","0","0","0","direct_call","direct_call","a038ee252f6057f767a2e97566457a8ade06fc1203c8e9be326a5c29181df5ba","a038ee252f6057f767a2e97566457a8ade06fc1203c8e9be326a5c29181df5ba","a038ee252f6057f767a2e97566457a8ade06fc1203c8e9be326a5c29181df5ba",,
"0x8014eb84",,,"1","1","75","1","0","0","0","0","0","direct_call","direct_call","d13d4a8b3b8add19b5970157f09d00c12cbda4fed4d74d8493156523f7069b66","d13d4a8b3b8add19b5970157f09d00c12cbda4fed4d74d8493156523f7069b66","d13d4a8b3b8add19b5970157f09d00c12cbda4fed4d74d8493156523f7069b66","0x80152E3C","exact"
"0x8014ecb0",,,"1","1","51","1","0","0","0","0","0","direct_call","direct_call","c0c74543cc9dcc7f0ddc24eaced85c278aa3e357d3cb319977a8140d26268d06","c0c74543cc9dcc7f0ddc24eaced85c278aa3e357d3cb319977a8140d26268d06","c0c74543cc9dcc7f0ddc24eaced85c278aa3e357d3cb319977a8140d26268d06","0x80152F68","exact"
"0x8014ed7c",,,"1","1","67","1","0","0","0","0","0","direct_call","direct_call","38bba6186c2e0320d30f77c0985a842e25c44c67341a2d6b5a522a4bcd067a1d","38bba6186c2e0320d30f77c0985a842e25c44c67341a2d6b5a522a4bcd067a1d","38bba6186c2e0320d30f77c0985a842e25c44c67341a2d6b5a522a4bcd067a1d",,
"0x8014ee88",,,"1","1","89","8","0","0","0","0","0","direct_call","direct_call","0b449271fd1144706bf5906e35493614c6a9bacc6c4ac786e1ab8f8268f9ea0c","0b449271fd1144706bf5906e35493614c6a9bacc6c4ac786e1ab8f8268f9ea0c","0b449271fd1144706bf5906e35493614c6a9bacc6c4ac786e1ab8f8268f9ea0c","0x80153140","exact"
"0x8014efec",,,"1","1","97","1","0","0","0","0","0","direct_call","direct_call","8de76ee7eb6b32c307d4a46a43ac55bc15b917e2a24d36c3d001878a97fd39d6","8de76ee7eb6b32c307d4a46a43ac55bc15b917e2a24d36c3d001878a97fd39d6","8de76ee7eb6b32c307d4a46a43ac55bc15b917e2a24d36c3d001878a97fd39d6","0x801569A0","exact"
"0x8014f170",,,"1","1","164","12","0","0","0","0","0","direct_call","direct_call","e06e79cdfedfc6d6107b945613e65b2de3a209e40115b9b00ab048d2b91cd7d5","e06e79cdfedfc6d6107b945613e65b2de3a209e40115b9b00ab048d2b91cd7d5","e06e79cdfedfc6d6107b945613e65b2de3a209e40115b9b00ab048d2b91cd7d5",,
"0x8014f400",,,"1","1","96","7","0","0","0","0","0","direct_call","direct_call","a1a4f5721c1c4610af7f71078f3a68c330536d679803b0e0507ee8dc10c5dfca","a1a4f5721c1c4610af7f71078f3a68c330536d679803b0e0507ee8dc10c5dfca","a1a4f5721c1c4610af7f71078f3a68c330536d679803b0e0507ee8dc10c5dfca",,
"0x8014f580",,,"1","1","27","1","0","0","0","0","0","direct_call","direct_call","77133f431d5e12dd850002c0d3d4e0fecbe3a7a699d604dc8c5eae9976e1d260","77133f431d5e12dd850002c0d3d4e0fecbe3a7a699d604dc8c5eae9976e1d260","77133f431d5e12dd850002c0d3d4e0fecbe3a7a699d604dc8c5eae9976e1d260",,
"0x8014f5ec",,,"1","1","122","2","0","0","0","0","0","direct_call","direct_call","f8afcaf4ddde4b7d144069a66a2a5f6ee05b9652f6de33095ae49251486216af","f8afcaf4ddde4b7d144069a66a2a5f6ee05b9652f6de33095ae49251486216af","f8afcaf4ddde4b7d144069a66a2a5f6ee05b9652f6de33095ae49251486216af",,
"0x8014f7d4",,,"1","1","197","1","0","0","0","0","0","direct_call","direct_call","3e84c247e11701fb5451865acb6262c8495d47c5f397a772a7bc01c9ce9f5b12","3e84c247e11701fb5451865acb6262c8495d47c5f397a772a7bc01c9ce9f5b12","3e84c247e11701fb5451865acb6262c8495d47c5f397a772a7bc01c9ce9f5b12","0x80153ABC","exact"
"0x8014fae8",,,"1","1","151","1","0","0","0","0","0","direct_call","direct_call","91be3e043e5d72c901e47f8245d27e23f94c426e6c091b391887dd54f039e818","91be3e043e5d72c901e47f8245d27e23f94c426e6c091b391887dd54f039e818","91be3e043e5d72c901e47f8245d27e23f94c426e6c091b391887dd54f039e818","0x8014921C","exact"
"0x8014fd44",,,"1","1","29","4","0","0","0","0","0","direct_call","direct_call","5b517952cbe9c4c147bc3f3434f9d82409e76d09ea58905aefe7fb5415912d9a","5b517952cbe9c4c147bc3f3434f9d82409e76d09ea58905aefe7fb5415912d9a","5b517952cbe9c4c147bc3f3434f9d82409e76d09ea58905aefe7fb5415912d9a",,
"0x8014fdb8",,,"1","1","10","2","0","0","0","0","0","direct_call","direct_call","2c34ce1df23b838c5abf2a7f6437cca3d3067ed509ff25f11df6b11b582b51eb","2c34ce1df23b838c5abf2a7f6437cca3d3067ed509ff25f11df6b11b582b51eb","2c34ce1df23b838c5abf2a7f6437cca3d3067ed509ff25f11df6b11b582b51eb",,
"0x8014fde0",,,"1","1","44","5","0","0","0","0","0","direct_call","direct_call","86d2cf5b090f43ee54d8f7c1dcf746a853951191457ff6dac96269a9d24860b9","86d2cf5b090f43ee54d8f7c1dcf746a853951191457ff6dac96269a9d24860b9","86d2cf5b090f43ee54d8f7c1dcf746a853951191457ff6dac96269a9d24860b9",,
"0x8014fe90",,,"1","1","216","2","0","0","0","0","0","direct_call","direct_call","0ed9e26c3f1435e498beb2369bdf5a04a7fe4f0e302068ef2c308e1ff872b5f7","0ed9e26c3f1435e498beb2369bdf5a04a7fe4f0e302068ef2c308e1ff872b5f7","0ed9e26c3f1435e498beb2369bdf5a04a7fe4f0e302068ef2c308e1ff872b5f7","0x801541AC","exact"
"0x801501f0",,,"1","1","1038","2","0","0","0","0","0","direct_call","direct_call","660f6715b01eb19bac9abdbc48f30be844747aca4d6947c421994b6b9b77a015","660f6715b01eb19bac9abdbc48f30be844747aca4d6947c421994b6b9b77a015","660f6715b01eb19bac9abdbc48f30be844747aca4d6947c421994b6b9b77a015",,
"0x80151228",,,"1","1","647","1","0","0","0","0","0","direct_call","direct_call","2f680214eacfa9368cbbfecbcb91779af07be985820659bf3a99ed5bed9d6c2e","2f680214eacfa9368cbbfecbcb91779af07be985820659bf3a99ed5bed9d6c2e","2f680214eacfa9368cbbfecbcb91779af07be985820659bf3a99ed5bed9d6c2e",,
"0x80151c44",,,"1","1","559","1","0","0","0","0","0","direct_call","direct_call","ef27ae9ee0ded29e57d2bd66c13fbaae0774e5a8db66069338b07352ddad63c7","ef27ae9ee0ded29e57d2bd66c13fbaae0774e5a8db66069338b07352ddad63c7","ef27ae9ee0ded29e57d2bd66c13fbaae0774e5a8db66069338b07352ddad63c7",,
"0x80152500",,,"1","1","356","3","0","0","0","0","0","direct_call","direct_call","5e796fbf009f80334fea0839be003bfbcc320f4dcacdfa2f53c6ca00c7d99e8c","5e796fbf009f80334fea0839be003bfbcc320f4dcacdfa2f53c6ca00c7d99e8c","5e796fbf009f80334fea0839be003bfbcc320f4dcacdfa2f53c6ca00c7d99e8c",,
"0x80152a90",,,"1","1","38","1","0","0","0","0","0","direct_call","direct_call","85ada57e1f601e962d705f389285adb4e74f450bc00672240dfef7399d82457f","85ada57e1f601e962d705f389285adb4e74f450bc00672240dfef7399d82457f","85ada57e1f601e962d705f389285adb4e74f450bc00672240dfef7399d82457f",,
"0x80152b28",,,"1","1","230","2","0","0","0","0","0","direct_call","direct_call","2211e3d7915507b94bf14efafa3a951cc9a82a3ea4ed0a6f4dc612f640af1ae9","2211e3d7915507b94bf14efafa3a951cc9a82a3ea4ed0a6f4dc612f640af1ae9","2211e3d7915507b94bf14efafa3a951cc9a82a3ea4ed0a6f4dc612f640af1ae9",,
"0x80152ec0",,,"1","1","190","1","0","0","0","0","0","direct_call","direct_call","4f30fcacbfd63bac8e76d8a4e97e451d48353631dfa7064250df934b872232f5","4f30fcacbfd63bac8e76d8a4e97e451d48353631dfa7064250df934b872232f5","4f30fcacbfd63bac8e76d8a4e97e451d48353631dfa7064250df934b872232f5",,
"0x801531b8",,,"1","1","37","1","0","0","0","0","0","direct_call","direct_call","3b18c58c739716e76429634a61375c45b3b5cd470c22ab6d3e14cee23dd992e1","3b18c58c739716e76429634a61375c45b3b5cd470c22ab6d3e14cee23dd992e1","3b18c58c739716e76429634a61375c45b3b5cd470c22ab6d3e14cee23dd992e1",,
"0x8015324c",,,"1","1","414","1","0","0","0","0","0","direct_call","direct_call","f8ae869707f0b5b28616c2bd13782d5d89ee022dbc737f19ca0cd46f6cd9af64","f8ae869707f0b5b28616c2bd13782d5d89ee022dbc737f19ca0cd46f6cd9af64","f8ae869707f0b5b28616c2bd13782d5d89ee022dbc737f19ca0cd46f6cd9af64",,
"0x801538c4",,,"1","1","283","1","0","0","0","0","0","direct_call","direct_call","899f0efe46e4d50ee63e350d6afd3c55135e0c56278e84f3752d6cb3e54a68c8","899f0efe46e4d50ee63e350d6afd3c55135e0c56278e84f3752d6cb3e54a68c8","899f0efe46e4d50ee63e350d6afd3c55135e0c56278e84f3752d6cb3e54a68c8",,
"0x80153d30",,,"1","1","61","1","0","0","0","0","0","direct_call","direct_call","b33e76357c515a25091049d146d7acf2ace055261b0fb28aff0572f8c448efb6","b33e76357c515a25091049d146d7acf2ace055261b0fb28aff0572f8c448efb6","b33e76357c515a25091049d146d7acf2ace055261b0fb28aff0572f8c448efb6","0x80147538","exact"
"0x80153e24",,,"1","1","140","1","0","0","0","0","0","direct_call","direct_call","738c079dff6c9b77a0891ac42db1cabcab933a672b14aed8ecfcf94c0e77bb40","738c079dff6c9b77a0891ac42db1cabcab933a672b14aed8ecfcf94c0e77bb40","738c079dff6c9b77a0891ac42db1cabcab933a672b14aed8ecfcf94c0e77bb40",,
"0x80154054",,,"1","1","27","2","0","0","0","0","0","direct_call","direct_call","77133f431d5e12dd850002c0d3d4e0fecbe3a7a699d604dc8c5eae9976e1d260","77133f431d5e12dd850002c0d3d4e0fecbe3a7a699d604dc8c5eae9976e1d260","77133f431d5e12dd850002c0d3d4e0fecbe3a7a699d604dc8c5eae9976e1d260",,
"0x801540c0",,,"1","1","362","1","0","0","0","0","0","direct_call","direct_call","95438055654ed142a4bfe12fe65ff5fa5bdcb318fe4ae29bc1ec2a58366fedc6","95438055654ed142a4bfe12fe65ff5fa5bdcb318fe4ae29bc1ec2a58366fedc6","95438055654ed142a4bfe12fe65ff5fa5bdcb318fe4ae29bc1ec2a58366fedc6",,
"0x80154668",,,"1","1","520","1","0","0","0","0","0","direct_call","direct_call","74ad040475ba3d4aac1053a289121a2c5922daac47e395648debf7165ec7e08f","74ad040475ba3d4aac1053a289121a2c5922daac47e395648debf7165ec7e08f","74ad040475ba3d4aac1053a289121a2c5922daac47e395648debf7165ec7e08f",,
"0x80154e88",,,"1","1","87","8","0","0","0","0","0","direct_call","direct_call","2e384af86a480f952aa16443fd29646a9063865e62d7c403fc7ed697bb771243","2e384af86a480f952aa16443fd29646a9063865e62d7c403fc7ed697bb771243","2e384af86a480f952aa16443fd29646a9063865e62d7c403fc7ed697bb771243","0x801640B0","exact"
"0x80154fe4",,,"1","1","44","1","0","0","0","0","0","direct_call","direct_call","86d2cf5b090f43ee54d8f7c1dcf746a853951191457ff6dac96269a9d24860b9","86d2cf5b090f43ee54d8f7c1dcf746a853951191457ff6dac96269a9d24860b9","86d2cf5b090f43ee54d8f7c1dcf746a853951191457ff6dac96269a9d24860b9",,
"0x80155094",,,"1","1","65","1","0","0","0","0","0","direct_call","direct_call","9c0095c04ef53d9df41602f3783c90ef3c3e27cc9d0b38262d23930db6313f5a","9c0095c04ef53d9df41602f3783c90ef3c3e27cc9d0b38262d23930db6313f5a","9c0095c04ef53d9df41602f3783c90ef3c3e27cc9d0b38262d23930db6313f5a","0x80169840","exact"
"0x80155198",,,"1","1","41","1","0","0","0","0","0","direct_call","direct_call","4b22ee6807a2e4ddfd1bf16851609a7a009f4c6bd5aeb78162f121cb89492f02","4b22ee6807a2e4ddfd1bf16851609a7a009f4c6bd5aeb78162f121cb89492f02","4b22ee6807a2e4ddfd1bf16851609a7a009f4c6bd5aeb78162f121cb89492f02",,
"0x8015523c",,,"1","1","458","5","0","0","0","0","0","direct_call","direct_call","97ae2e60f46fd4ea1f401c93a38e0323222d290665bfebbfc9a11dc05503e58f","97ae2e60f46fd4ea1f401c93a38e0323222d290665bfebbfc9a11dc05503e58f","97ae2e60f46fd4ea1f401c93a38e0323222d290665bfebbfc9a11dc05503e58f",,
"0x80155964",,,"1","1","103","1","0","0","0","0","0","direct_call","direct_call","9ebc694d4895efc802ea27714a71986f293edf4b63e9918c27d65871b06f43a9","9ebc694d4895efc802ea27714a71986f293edf4b63e9918c27d65871b06f43a9","9ebc694d4895efc802ea27714a71986f293edf4b63e9918c27d65871b06f43a9",,
"0x80155b00",,,"1","1","74","1","0","0","0","0","0","direct_call","direct_call","250f52cb2d6f1966a29f6ac771fa1cd185b8f8531396c8a4026c0fe635617e0c","250f52cb2d6f1966a29f6ac771fa1cd185b8f8531396c8a4026c0fe635617e0c","250f52cb2d6f1966a29f6ac771fa1cd185b8f8531396c8a4026c0fe635617e0c",,
"0x80155c28",,,"1","1","69","1","0","0","0","0","0","direct_call","direct_call","d489001ff88ed206b56f44bd0789a8332510f33bf40a312a7b2e5d60c3fe3e03","d489001ff88ed206b56f44bd0789a8332510f33bf40a312a7b2e5d60c3fe3e03","d489001ff88ed206b56f44bd0789a8332510f33bf40a312a7b2e5d60c3fe3e03",,
"0x80155d3c",,,"1","1","75","2","0","0","0","0","0","direct_call","direct_call","d13d4a8b3b8add19b5970157f09d00c12cbda4fed4d74d8493156523f7069b66","d13d4a8b3b8add19b5970157f09d00c12cbda4fed4d74d8493156523f7069b66","d13d4a8b3b8add19b5970157f09d00c12cbda4fed4d74d8493156523f7069b66","0x80152E3C","exact"
"0x80155e68",,,"1","1","29","2","0","0","0","0","0","direct_call","direct_call","5b517952cbe9c4c147bc3f3434f9d82409e76d09ea58905aefe7fb5415912d9a","5b517952cbe9c4c147bc3f3434f9d82409e76d09ea58905aefe7fb5415912d9a","5b517952cbe9c4c147bc3f3434f9d82409e76d09ea58905aefe7fb5415912d9a",,
"0x80155edc",,,"1","1","2","1","0","0","0","0","0","direct_call","direct_call","af5570f5a1810b7af78caf4bc70a660f0df51e42baf91d4de5b2328de0e83dfc","af5570f5a1810b7af78caf4bc70a660f0df51e42baf91d4de5b2328de0e83dfc","af5570f5a1810b7af78caf4bc70a660f0df51e42baf91d4de5b2328de0e83dfc","0x80161924","exact"
"0x80155ee4",,,"1","1","37","2","0","0","0","0","0","direct_call","direct_call","3b18c58c739716e76429634a61375c45b3b5cd470c22ab6d3e14cee23dd992e1","3b18c58c739716e76429634a61375c45b3b5cd470c22ab6d3e14cee23dd992e1","3b18c58c739716e76429634a61375c45b3b5cd470c22ab6d3e14cee23dd992e1",,
"0x80155f78",,,"1","1","2968","3","0","0","0","0","0","direct_call","direct_call","941350c5ff3ed58f2b943bc66c13c46b33b25ce12ecf2dcdb759d068825d765b","941350c5ff3ed58f2b943bc66c13c46b33b25ce12ecf2dcdb759d068825d765b","941350c5ff3ed58f2b943bc66c13c46b33b25ce12ecf2dcdb759d068825d765b",,
"0x80158dd8",,,"1","1","25","1","0","0","0","0","0","direct_call","direct_call","cd00e292c5970d3c5e2f0ffa5171e555bc46bfc4faddfb4a418b6840b86e79a3","cd00e292c5970d3c5e2f0ffa5171e555bc46bfc4faddfb4a418b6840b86e79a3","cd00e292c5970d3c5e2f0ffa5171e555bc46bfc4faddfb4a418b6840b86e79a3","0x8015EE38","exact"
"0x80158e3c",,,"1","1","217","1","0","0","0","0","0","direct_call","direct_call","60b2789a68bdcbb6bbda951c3a24854e64d8f51ccdaad0d7db302b5123af1cbb","60b2789a68bdcbb6bbda951c3a24854e64d8f51ccdaad0d7db302b5123af1cbb","60b2789a68bdcbb6bbda951c3a24854e64d8f51ccdaad0d7db302b5123af1cbb","0x8015EE9C","exact"
"0x801591a0",,,"1","1","171","1","0","0","0","0","0","direct_call","direct_call","101bb8aeab946925b14006ee79fbfa56dcf5b2a65c44ca9b435abbd1abe3a22b","101bb8aeab946925b14006ee79fbfa56dcf5b2a65c44ca9b435abbd1abe3a22b","101bb8aeab946925b14006ee79fbfa56dcf5b2a65c44ca9b435abbd1abe3a22b","0x8015F200","exact"
"0x8015944c",,,"1","1","42","1","0","0","0","0","0","direct_call","direct_call","e3c2af35d1dfc500e16f826a071cc311bf55003a3de77de7ea3376c6b6fa2857","e3c2af35d1dfc500e16f826a071cc311bf55003a3de77de7ea3376c6b6fa2857","e3c2af35d1dfc500e16f826a071cc311bf55003a3de77de7ea3376c6b6fa2857",,
"0x801594f4",,,"1","1","15","46","0","0","0","0","0","direct_call","direct_call","5dcc1b5872dd9ff1c234501f1fefda01f664164e1583c3e1bb3dbea47588ab31","5dcc1b5872dd9ff1c234501f1fefda01f664164e1583c3e1bb3dbea47588ab31","5dcc1b5872dd9ff1c234501f1fefda01f664164e1583c3e1bb3dbea47588ab31",,
"0x80159530",,,"1","1","2201","6","0","0","0","0","0","direct_call","direct_call","8a56719966b255dd562999954d878dff65c6e727ea511f57860359917a84fca0","8a56719966b255dd562999954d878dff65c6e727ea511f57860359917a84fca0","8a56719966b255dd562999954d878dff65c6e727ea511f57860359917a84fca0","0x8015F590","exact"
"0x8015b794",,,"1","1","76","1","0","0","0","0","0","direct_call","direct_call","e2fc162ed9124452d23c85e81d60a0c228f414c3214a5de635737e25fbd29ac1","e2fc162ed9124452d23c85e81d60a0c228f414c3214a5de635737e25fbd29ac1","e2fc162ed9124452d23c85e81d60a0c228f414c3214a5de635737e25fbd29ac1","0x801617F4","exact"
"0x8015b8c4",,,"1","1","23","1","0","0","0","0","0","direct_call","direct_call","62b14867e4e79d50673d2f7474335229f54c478f56d2a910235e1953c6d29206","62b14867e4e79d50673d2f7474335229f54c478f56d2a910235e1953c6d29206","62b14867e4e79d50673d2f7474335229f54c478f56d2a910235e1953c6d29206",,
"0x8015b920",,,"1","1","19","2","0","0","0","0","0","direct_call","direct_call","f2c0d5456a983ecd12e314fcfa19879179fc8424343baeb1325457472ae85601","f2c0d5456a983ecd12e314fcfa19879179fc8424343baeb1325457472ae85601","f2c0d5456a983ecd12e314fcfa19879179fc8424343baeb1325457472ae85601","0x8016192C","exact"
"0x8015b96c",,,"1","1","58","2","0","0","0","0","0","direct_call","direct_call","c4fcd50d9f0c893c46288b57d8e62b18523145956b249b6ecd6c21718be49065","c4fcd50d9f0c893c46288b57d8e62b18523145956b249b6ecd6c21718be49065","c4fcd50d9f0c893c46288b57d8e62b18523145956b249b6ecd6c21718be49065",,
"0x8015ba54",,,"1","1","63","1","0","0","0","0","0","direct_call","direct_call","913c6e2c32d99e4baff62cf421a494730cb043924f2c6bf46406573b59c641bd","913c6e2c32d99e4baff62cf421a494730cb043924f2c6bf46406573b59c641bd","913c6e2c32d99e4baff62cf421a494730cb043924f2c6bf46406573b59c641bd",,
"0x8015bb50",,,"1","1","310","24","0","0","1","1","0","direct_call+overlay","direct_call+overlay","be35dae855452c2ddbc5fb9264fd7325e2d0fa3392fdf5ef30ac94b9439e7532","be35dae855452c2ddbc5fb9264fd7325e2d0fa3392fdf5ef30ac94b9439e7532","be35dae855452c2ddbc5fb9264fd7325e2d0fa3392fdf5ef30ac94b9439e7532",,
"0x8015c028",,,"1","1","392","1","0","0","0","0","0","direct_call","direct_call","7fbcfcd86bdfa943dbd68f67c3fcba6e7ab86fda2d14d28862c176bf18579fca","7fbcfcd86bdfa943dbd68f67c3fcba6e7ab86fda2d14d28862c176bf18579fca","7fbcfcd86bdfa943dbd68f67c3fcba6e7ab86fda2d14d28862c176bf18579fca","0x80162070","exact"
"0x8015c648",,,"1","1","104","1","0","0","0","0","0","direct_call","direct_call","4cc7e6272db6b1ad7581f76c63c694e926e20698e9b02223d5041a55960463f2","4cc7e6272db6b1ad7581f76c63c694e926e20698e9b02223d5041a55960463f2","4cc7e6272db6b1ad7581f76c63c694e926e20698e9b02223d5041a55960463f2",,
"0x8015c7e8",,,"1","1","158","2","0","0","0","0","0","direct_call","direct_call","a8fe888f287d6d55df301aca05239c44f27e29d1ea4023657a641984de969026","a8fe888f287d6d55df301aca05239c44f27e29d1ea4023657a641984de969026","a8fe888f287d6d55df301aca05239c44f27e29d1ea4023657a641984de969026","0x80162830","exact"
"0x8015ca60",,,"1","1","26","2","0","0","0","0","0","direct_call","direct_call","39f37f8d1931b3bdf767e7510dd69509fbf23af1f7654933d0a4d291cbdd4418","39f37f8d1931b3bdf767e7510dd69509fbf23af1f7654933d0a4d291cbdd4418","39f37f8d1931b3bdf767e7510dd69509fbf23af1f7654933d0a4d291cbdd4418",,
"0x8015cac8",,,"1","1","303","1","0","0","0","0","0","direct_call","direct_call","56ef96896db0a2f66b66a8513c0c1f699c5c67f1b23d5e7daab3e679e37d48e3","56ef96896db0a2f66b66a8513c0c1f699c5c67f1b23d5e7daab3e679e37d48e3","56ef96896db0a2f66b66a8513c0c1f699c5c67f1b23d5e7daab3e679e37d48e3","0x80162B10","exact"
"0x8015cf84",,,"1","1","26","4","0","0","0","0","0","direct_call","direct_call","39f37f8d1931b3bdf767e7510dd69509fbf23af1f7654933d0a4d291cbdd4418","39f37f8d1931b3bdf767e7510dd69509fbf23af1f7654933d0a4d291cbdd4418","39f37f8d1931b3bdf767e7510dd69509fbf23af1f7654933d0a4d291cbdd4418",,
"0x8015cfec",,,"1","1","56","1","0","0","0","0","0","direct_call","direct_call","6eb69e26de2a26eda48af77d4cec893aa0cf4748a64cbefcfe11a22c1e680ad9","6eb69e26de2a26eda48af77d4cec893aa0cf4748a64cbefcfe11a22c1e680ad9","6eb69e26de2a26eda48af77d4cec893aa0cf4748a64cbefcfe11a22c1e680ad9","0x80163034","exact"
"0x8015d0cc",,,"1","1","684","1","0","0","0","0","0","direct_call","direct_call","ac601d468fbaf1af4a768dcb12893119c5ef3ef16cdb3cc28136986c2bdd6e7b","ac601d468fbaf1af4a768dcb12893119c5ef3ef16cdb3cc28136986c2bdd6e7b","ac601d468fbaf1af4a768dcb12893119c5ef3ef16cdb3cc28136986c2bdd6e7b",,
"0x8015db7c",,,"1","1","48","1","0","0","0","0","0","direct_call","direct_call","5d89f056865052bcb89c910d2d62872e029fb273c3db03f8968a52a41593c1b5","5d89f056865052bcb89c910d2d62872e029fb273c3db03f8968a52a41593c1b5","5d89f056865052bcb89c910d2d62872e029fb273c3db03f8968a52a41593c1b5","0x80163CB8","exact"
"0x8015dc3c",,,"1","1","43","1","0","0","0","0","0","direct_call","direct_call","58f218aeb259309eeb545345a8f5c715987967b0ec724806d448394da578d0b0","58f218aeb259309eeb545345a8f5c715987967b0ec724806d448394da578d0b0","58f218aeb259309eeb545345a8f5c715987967b0ec724806d448394da578d0b0",,
"0x8015dce8",,,"1","1","163","1","0","0","0","0","0","direct_call","direct_call","ff851fd853ed0307abd0224fe62418ca7d8c3c19e5a70a67ccd5740717d24681","ff851fd853ed0307abd0224fe62418ca7d8c3c19e5a70a67ccd5740717d24681","ff851fd853ed0307abd0224fe62418ca7d8c3c19e5a70a67ccd5740717d24681",,
"0x8015df74",,,"1","1","87","1","0","0","0","0","0","direct_call","direct_call","2e384af86a480f952aa16443fd29646a9063865e62d7c403fc7ed697bb771243","2e384af86a480f952aa16443fd29646a9063865e62d7c403fc7ed697bb771243","2e384af86a480f952aa16443fd29646a9063865e62d7c403fc7ed697bb771243","0x801640B0","exact"
"0x8015e0d0",,,"1","1","105","2","0","0","0","0","0","direct_call","direct_call","de1da8f3791deb5ea5a11c9a67179b1e240aa14979524a3cc28add0e3612c0fe","de1da8f3791deb5ea5a11c9a67179b1e240aa14979524a3cc28add0e3612c0fe","de1da8f3791deb5ea5a11c9a67179b1e240aa14979524a3cc28add0e3612c0fe","0x8016420C","exact"
"0x8015e274",,,"1","1","63","1","0","0","0","0","0","direct_call","direct_call","913c6e2c32d99e4baff62cf421a494730cb043924f2c6bf46406573b59c641bd","913c6e2c32d99e4baff62cf421a494730cb043924f2c6bf46406573b59c641bd","913c6e2c32d99e4baff62cf421a494730cb043924f2c6bf46406573b59c641bd",,
"0x8015e370",,,"1","1","47","6","0","0","0","0","0","direct_call","direct_call","e37ce3b00a1f15b3de62029972345420b76313a885c6ccc6e3b5547857b3ecc6","e37ce3b00a1f15b3de62029972345420b76313a885c6ccc6e3b5547857b3ecc6","e37ce3b00a1f15b3de62029972345420b76313a885c6ccc6e3b5547857b3ecc6",,
"0x8015e42c",,,"1","1","47","1","0","0","0","0","0","direct_call","direct_call","e37ce3b00a1f15b3de62029972345420b76313a885c6ccc6e3b5547857b3ecc6","e37ce3b00a1f15b3de62029972345420b76313a885c6ccc6e3b5547857b3ecc6","e37ce3b00a1f15b3de62029972345420b76313a885c6ccc6e3b5547857b3ecc6",,
"0x8015e4e8",,,"1","1","128","2","0","0","0","0","0","direct_call","direct_call","076a27c79e5ace2a3d47f9dd2e83e4ff6ea8872b3c2218f66c92b89b55f36560","076a27c79e5ace2a3d47f9dd2e83e4ff6ea8872b3c2218f66c92b89b55f36560","076a27c79e5ace2a3d47f9dd2e83e4ff6ea8872b3c2218f66c92b89b55f36560","0x80164624","exact"
"0x8015e6e8",,,"1","1","18","1","0","0","0","0","0","direct_call","direct_call","834a709ba2534ebe3ee1397fd4f7bd288b2acc1d20a08d6c862dcd99b6f04400","834a709ba2534ebe3ee1397fd4f7bd288b2acc1d20a08d6c862dcd99b6f04400","834a709ba2534ebe3ee1397fd4f7bd288b2acc1d20a08d6c862dcd99b6f04400",,
"0x8015e730",,,"1","1","31","1","0","0","0","0","0","direct_call","direct_call","7b8ec8dd836b564f0c85ad088fc744de820345204e154bc1503e04e9d6fdd9f1","7b8ec8dd836b564f0c85ad088fc744de820345204e154bc1503e04e9d6fdd9f1","7b8ec8dd836b564f0c85ad088fc744de820345204e154bc1503e04e9d6fdd9f1",,
"0x8015e7ac",,,"1","1","41","2","0","0","0","0","0","direct_call","direct_call","4b22ee6807a2e4ddfd1bf16851609a7a009f4c6bd5aeb78162f121cb89492f02","4b22ee6807a2e4ddfd1bf16851609a7a009f4c6bd5aeb78162f121cb89492f02","4b22ee6807a2e4ddfd1bf16851609a7a009f4c6bd5aeb78162f121cb89492f02",,
"0x8015e850",,,"1","1","92","1","0","0","0","0","0","direct_call","direct_call","71818ecc26433c32172dd9a3544657971c7078daa2257da7c3c303e08693cb23","71818ecc26433c32172dd9a3544657971c7078daa2257da7c3c303e08693cb23","71818ecc26433c32172dd9a3544657971c7078daa2257da7c3c303e08693cb23","0x8016498C","exact"
"0x8015e9c0",,,"1","1","38","1","0","0","0","0","0","direct_call","direct_call","85ada57e1f601e962d705f389285adb4e74f450bc00672240dfef7399d82457f","85ada57e1f601e962d705f389285adb4e74f450bc00672240dfef7399d82457f","85ada57e1f601e962d705f389285adb4e74f450bc00672240dfef7399d82457f",,
"0x8015ea58",,,"1","1","88","1","0","0","0","0","0","direct_call","direct_call","627f6149015f853f26db2f3dffba1b7c30b3b74b87c5cfb9f346c1616e3636d0","627f6149015f853f26db2f3dffba1b7c30b3b74b87c5cfb9f346c1616e3636d0","627f6149015f853f26db2f3dffba1b7c30b3b74b87c5cfb9f346c1616e3636d0",,
"0x8015ebb8",,,"1","1","66","1","0","0","0","0","0","direct_call","direct_call","44b8aa4d28701168922acf61435ea4bb442f97b0b14ad7a2510ed68874ee2a72","44b8aa4d28701168922acf61435ea4bb442f97b0b14ad7a2510ed68874ee2a72","44b8aa4d28701168922acf61435ea4bb442f97b0b14ad7a2510ed68874ee2a72",,
"0x8015ecc0",,,"1","1","88","1","0","0","0","0","0","direct_call","direct_call","627f6149015f853f26db2f3dffba1b7c30b3b74b87c5cfb9f346c1616e3636d0","627f6149015f853f26db2f3dffba1b7c30b3b74b87c5cfb9f346c1616e3636d0","627f6149015f853f26db2f3dffba1b7c30b3b74b87c5cfb9f346c1616e3636d0",,
"0x8015ee20",,,"1","1","63","1","0","0","0","0","0","direct_call","direct_call","913c6e2c32d99e4baff62cf421a494730cb043924f2c6bf46406573b59c641bd","913c6e2c32d99e4baff62cf421a494730cb043924f2c6bf46406573b59c641bd","913c6e2c32d99e4baff62cf421a494730cb043924f2c6bf46406573b59c641bd",,
"0x8015ef1c",,,"1","1","254","1","0","0","0","0","0","direct_call","direct_call","5817bc65840cf706e658b883fc8a08c91551deb915ac9f5844e0cf807cf0b705","5817bc65840cf706e658b883fc8a08c91551deb915ac9f5844e0cf807cf0b705","5817bc65840cf706e658b883fc8a08c91551deb915ac9f5844e0cf807cf0b705","0x80165058","exact"
"0x8015f314",,,"1","1","246","1","0","0","0","0","0","direct_call","direct_call","77f3ea088c1912c736945e6e81b45af66d6137fee50b828b5ecdebbe52137169","77f3ea088c1912c736945e6e81b45af66d6137fee50b828b5ecdebbe52137169","77f3ea088c1912c736945e6e81b45af66d6137fee50b828b5ecdebbe52137169","0x80165450","exact"
"0x8015f6ec",,,"1","1","569","1","0","0","0","0","0","direct_call","direct_call","fdaf7df0e7cf44e9e8b28ef9d68df5aa597655a244bf16423e379860c0aea4c9","fdaf7df0e7cf44e9e8b28ef9d68df5aa597655a244bf16423e379860c0aea4c9","fdaf7df0e7cf44e9e8b28ef9d68df5aa597655a244bf16423e379860c0aea4c9",,
"0x8015ffd0",,,"1","1","36","2","0","0","0","0","0","direct_call","direct_call","81c611f35bff79491538b2f7cf201c7597a661a5c549633541c62bdc8af1613f","81c611f35bff79491538b2f7cf201c7597a661a5c549633541c62bdc8af1613f","81c611f35bff79491538b2f7cf201c7597a661a5c549633541c62bdc8af1613f",,
"0x80160060",,,"1","1","16","1","0","0","0","0","0","direct_call","direct_call","f5a5fd42d16a20302798ef6ed309979b43003d2320d9f0e8ea9831a92759fb4b","4cf9816ed1062189ff0c8d427fba5e912cc68fc9af76cf7f08fd255977de3b33","f5a5fd42d16a20302798ef6ed309979b43003d2320d9f0e8ea9831a92759fb4b",,
"0x801600a0",,,"1","0","272","0","0","0","1","","0","overlay","","0e40a09dd6c3d8b503c0095444488c25f0fa19356ddd9b77a16219cb1cec69e6","","0e40a09dd6c3d8b503c0095444488c25f0fa19356ddd9b77a16219cb1cec69e6","0x8016D3D8","exact"
"0x801604e0",,,"1","1","47","1","0","0","0","0","0","direct_call","direct_call","e37ce3b00a1f15b3de62029972345420b76313a885c6ccc6e3b5547857b3ecc6","e37ce3b00a1f15b3de62029972345420b76313a885c6ccc6e3b5547857b3ecc6","e37ce3b00a1f15b3de62029972345420b76313a885c6ccc6e3b5547857b3ecc6",,
"0x8016059c",,,"1","1","263","1","0","0","0","0","0","direct_call","direct_call","d6369598c0846422df1f6e1029041784e34d3b6fcc12a3ba0fc1613a0f80530a","d6369598c0846422df1f6e1029041784e34d3b6fcc12a3ba0fc1613a0f80530a","d6369598c0846422df1f6e1029041784e34d3b6fcc12a3ba0fc1613a0f80530a","0x801665E4","exact"
"0x801609b8",,,"1","1","123","1","0","0","0","0","0","direct_call","direct_call","aaf4a48db8af6b0cb05bff1b3b4847cb6235f0de26ccc6c56aa184032dba0063","aaf4a48db8af6b0cb05bff1b3b4847cb6235f0de26ccc6c56aa184032dba0063","aaf4a48db8af6b0cb05bff1b3b4847cb6235f0de26ccc6c56aa184032dba0063","0x80166A00","exact"
"0x80160ba4",,,"1","1","176","1","0","0","0","0","0","direct_call","direct_call","2dd23156fbb26642d6f2194611e536f77213eb212f6a23654f9d5319a82ac556","2dd23156fbb26642d6f2194611e536f77213eb212f6a23654f9d5319a82ac556","2dd23156fbb26642d6f2194611e536f77213eb212f6a23654f9d5319a82ac556","0x80166BEC","exact"
"0x80160e64",,,"1","1","68","1","0","0","0","0","0","direct_call","direct_call","e4d879a3407de578f579dfab4366fcea75a6649c683d9efe4f056f6505437574","e4d879a3407de578f579dfab4366fcea75a6649c683d9efe4f056f6505437574","e4d879a3407de578f579dfab4366fcea75a6649c683d9efe4f056f6505437574","0x80166EAC","exact"
"0x80160f74",,,"1","1","110","1","0","0","0","0","0","direct_call","direct_call","360d579dbd14759b41afdf7fb5e80c0101e15150ae401d59f92a1e32d129f7cb","360d579dbd14759b41afdf7fb5e80c0101e15150ae401d59f92a1e32d129f7cb","360d579dbd14759b41afdf7fb5e80c0101e15150ae401d59f92a1e32d129f7cb",,
"0x8016112c",,,"1","1","74","1","0","0","0","0","0","direct_call","direct_call","250f52cb2d6f1966a29f6ac771fa1cd185b8f8531396c8a4026c0fe635617e0c","250f52cb2d6f1966a29f6ac771fa1cd185b8f8531396c8a4026c0fe635617e0c","250f52cb2d6f1966a29f6ac771fa1cd185b8f8531396c8a4026c0fe635617e0c",,
"0x80161254",,,"1","1","40","1","0","0","0","0","0","direct_call","direct_call","b393978842a0fa3d3e1470196f098f473f9678e72463cb65ec4ab5581856c2e4","b393978842a0fa3d3e1470196f098f473f9678e72463cb65ec4ab5581856c2e4","b393978842a0fa3d3e1470196f098f473f9678e72463cb65ec4ab5581856c2e4",,
"0x801612f4",,,"1","1","427","1","0","0","0","0","0","direct_call","direct_call","a8926df42a33a24174baa2cc68e3816103fbe1912ffa2c0ee848077fe0796972","a8926df42a33a24174baa2cc68e3816103fbe1912ffa2c0ee848077fe0796972","a8926df42a33a24174baa2cc68e3816103fbe1912ffa2c0ee848077fe0796972",,
"0x801619a0",,,"1","1","290","1","0","0","0","0","0","direct_call","direct_call","5f40124a24d3ad640b555a4196271a842d7581fefe3b0733cc6234c191261776","5f40124a24d3ad640b555a4196271a842d7581fefe3b0733cc6234c191261776","5f40124a24d3ad640b555a4196271a842d7581fefe3b0733cc6234c191261776","0x801679E0","exact"
"0x80161e28",,,"1","1","52","2","0","0","0","0","0","direct_call","direct_call","46f531b7ea0428fbf2c3ca2b60e8dc33d6bbfa000e0fd1b489c5e39140a47006","46f531b7ea0428fbf2c3ca2b60e8dc33d6bbfa000e0fd1b489c5e39140a47006","46f531b7ea0428fbf2c3ca2b60e8dc33d6bbfa000e0fd1b489c5e39140a47006","0x80167E68","exact"
"0x80161ef8",,,"1","1","178","1","0","0","0","0","0","direct_call","direct_call","283de789c3f9ae6115e627ecb921b7b39bdaa1b82289eca5e60da0b76d07a502","283de789c3f9ae6115e627ecb921b7b39bdaa1b82289eca5e60da0b76d07a502","283de789c3f9ae6115e627ecb921b7b39bdaa1b82289eca5e60da0b76d07a502",,
"0x801621c0",,,"1","1","5","2","0","0","0","0","0","direct_call","direct_call","de47c9b27eb8d300dbb5f2c353e632c393262cf06340c4fa7f1b40c4cbd36f90","de47c9b27eb8d300dbb5f2c353e632c393262cf06340c4fa7f1b40c4cbd36f90","de47c9b27eb8d300dbb5f2c353e632c393262cf06340c4fa7f1b40c4cbd36f90",,
"0x801621d4",,,"1","1","119","1","0","0","0","0","0","direct_call","direct_call","d51c15401c9d321e95a53bb9f69ab1546bc108efffeac4cbaa4ead352869d7d6","d51c15401c9d321e95a53bb9f69ab1546bc108efffeac4cbaa4ead352869d7d6","d51c15401c9d321e95a53bb9f69ab1546bc108efffeac4cbaa4ead352869d7d6",,
"0x801623b0",,,"1","1","94","1","0","0","0","0","0","direct_call","direct_call","70d6aad73b9cfd0facdee81f4aac5bbf30d603300653623c57f7c26e1c376271","70d6aad73b9cfd0facdee81f4aac5bbf30d603300653623c57f7c26e1c376271","70d6aad73b9cfd0facdee81f4aac5bbf30d603300653623c57f7c26e1c376271","0x80168638","exact"
"0x80162528",,,"1","1","88","1","0","0","0","0","0","direct_call","direct_call","627f6149015f853f26db2f3dffba1b7c30b3b74b87c5cfb9f346c1616e3636d0","627f6149015f853f26db2f3dffba1b7c30b3b74b87c5cfb9f346c1616e3636d0","627f6149015f853f26db2f3dffba1b7c30b3b74b87c5cfb9f346c1616e3636d0",,
"0x80162688",,,"1","1","78","1","0","0","0","0","0","direct_call","direct_call","6287e17fe5efcb191aec8a2578e685d0a1040a0ab53bd1f02c7f49cc6c8fced7","6287e17fe5efcb191aec8a2578e685d0a1040a0ab53bd1f02c7f49cc6c8fced7","6287e17fe5efcb191aec8a2578e685d0a1040a0ab53bd1f02c7f49cc6c8fced7",,
"0x801627c0",,,"1","1","417","1","0","0","0","0","0","direct_call","direct_call","dfd4fa3f90407b099654a8b124110b69a720fd900ef9d6c0470819c5531f8eb1","dfd4fa3f90407b099654a8b124110b69a720fd900ef9d6c0470819c5531f8eb1","dfd4fa3f90407b099654a8b124110b69a720fd900ef9d6c0470819c5531f8eb1","0x80168A48","exact"
"0x80162e44",,,"1","1","170","1","0","0","0","0","0","direct_call","direct_call","3893c122a235d76ac34b7853ae88aae7b72c2785f12e0e5ba05506aa89f4cf6c","3893c122a235d76ac34b7853ae88aae7b72c2785f12e0e5ba05506aa89f4cf6c","3893c122a235d76ac34b7853ae88aae7b72c2785f12e0e5ba05506aa89f4cf6c","0x801690CC","exact"
"0x801630ec",,,"1","1","53","2","0","0","0","0","0","direct_call","direct_call","f59194106e93b4b8bfc8b4347ce1f7992e383eef8e1526fce5ee65ba3ed35096","f59194106e93b4b8bfc8b4347ce1f7992e383eef8e1526fce5ee65ba3ed35096","f59194106e93b4b8bfc8b4347ce1f7992e383eef8e1526fce5ee65ba3ed35096",,
"0x801631c0",,,"1","1","9","11","0","0","1","1","0","direct_call+overlay","direct_call+overlay","6db65fd59fd356f6729140571b5bcd6bb3b83492a16e1bf0a3884442fc3c8a0e","6db65fd59fd356f6729140571b5bcd6bb3b83492a16e1bf0a3884442fc3c8a0e","6db65fd59fd356f6729140571b5bcd6bb3b83492a16e1bf0a3884442fc3c8a0e",,
"0x801631e4",,,"1","1","9","2","0","0","0","0","0","direct_call","direct_call","6db65fd59fd356f6729140571b5bcd6bb3b83492a16e1bf0a3884442fc3c8a0e","6db65fd59fd356f6729140571b5bcd6bb3b83492a16e1bf0a3884442fc3c8a0e","6db65fd59fd356f6729140571b5bcd6bb3b83492a16e1bf0a3884442fc3c8a0e",,
"0x80163208",,,"1","1","8","3","0","0","0","0","0","direct_call","direct_call","66687aadf862bd776c8fc18b8e9f8e20089714856ee233b3902a591d0d5f2925","66687aadf862bd776c8fc18b8e9f8e20089714856ee233b3902a591d0d5f2925","66687aadf862bd776c8fc18b8e9f8e20089714856ee233b3902a591d0d5f2925",,
"0x80163228",,,"1","1","21","2","0","0","0","0","0","direct_call","direct_call","4fea5e6a3ec5f5474a26d858bc77b6d7bd3ab864ea02d988683fdc648602b248","4fea5e6a3ec5f5474a26d858bc77b6d7bd3ab864ea02d988683fdc648602b248","4fea5e6a3ec5f5474a26d858bc77b6d7bd3ab864ea02d988683fdc648602b248",,
"0x8016327c",,,"1","1","88","1","0","0","0","0","0","direct_call","direct_call","627f6149015f853f26db2f3dffba1b7c30b3b74b87c5cfb9f346c1616e3636d0","627f6149015f853f26db2f3dffba1b7c30b3b74b87c5cfb9f346c1616e3636d0","627f6149015f853f26db2f3dffba1b7c30b3b74b87c5cfb9f346c1616e3636d0",,
"0x801633dc",,,"1","1","104","1","0","0","0","0","0","direct_call","direct_call","4cc7e6272db6b1ad7581f76c63c694e926e20698e9b02223d5041a55960463f2","4cc7e6272db6b1ad7581f76c63c694e926e20698e9b02223d5041a55960463f2","4cc7e6272db6b1ad7581f76c63c694e926e20698e9b02223d5041a55960463f2",,
"0x8016357c",,,"1","1","65","4","0","0","0","0","0","direct_call","direct_call","9c0095c04ef53d9df41602f3783c90ef3c3e27cc9d0b38262d23930db6313f5a","9c0095c04ef53d9df41602f3783c90ef3c3e27cc9d0b38262d23930db6313f5a","9c0095c04ef53d9df41602f3783c90ef3c3e27cc9d0b38262d23930db6313f5a","0x80169840","exact"
"0x80163680",,,"1","1","20","1","0","0","0","0","0","direct_call","direct_call","5b6fb58e61fa475939767d68a446f97f1bff02c0e5935a3ea8bb51e6515783d8","5b6fb58e61fa475939767d68a446f97f1bff02c0e5935a3ea8bb51e6515783d8","5b6fb58e61fa475939767d68a446f97f1bff02c0e5935a3ea8bb51e6515783d8",,
"0x801636d0",,,"1","1","23","3","0","0","0","0","0","direct_call","direct_call","62b14867e4e79d50673d2f7474335229f54c478f56d2a910235e1953c6d29206","62b14867e4e79d50673d2f7474335229f54c478f56d2a910235e1953c6d29206","62b14867e4e79d50673d2f7474335229f54c478f56d2a910235e1953c6d29206",,
"0x8016372c",,,"1","1","185","1","0","0","0","0","0","direct_call","direct_call","ad9484f24235fdac13bba66e24d5ecc16b72c6de9bd27a3922f60833fe07679d","ad9484f24235fdac13bba66e24d5ecc16b72c6de9bd27a3922f60833fe07679d","ad9484f24235fdac13bba66e24d5ecc16b72c6de9bd27a3922f60833fe07679d","0x801699F0","exact"
"0x80163a10",,,"1","1","204","1","0","0","0","0","0","direct_call","direct_call","0645a4a67dcec462dc9f335bb0564e6e39bf12ea7e40cf8de81418210102c2d1","0645a4a67dcec462dc9f335bb0564e6e39bf12ea7e40cf8de81418210102c2d1","0645a4a67dcec462dc9f335bb0564e6e39bf12ea7e40cf8de81418210102c2d1",,
"0x80163d40",,,"1","1","22","1","0","0","0","0","0","direct_call","direct_call","10eef285deef7a4b7c82b22aa53589b7833df29de3814649c772bbd5c832f365","10eef285deef7a4b7c82b22aa53589b7833df29de3814649c772bbd5c832f365","10eef285deef7a4b7c82b22aa53589b7833df29de3814649c772bbd5c832f365",,
"0x80163d98",,,"1","1","477","1","0","0","0","0","0","direct_call","direct_call","1d8d6f33bb76764c6c54e50e6c8831ca0b916cdddaedbb3eca27d271b02e2c36","1d8d6f33bb76764c6c54e50e6c8831ca0b916cdddaedbb3eca27d271b02e2c36","1d8d6f33bb76764c6c54e50e6c8831ca0b916cdddaedbb3eca27d271b02e2c36",,
"0x8016450c",,,"1","1","81","1","0","0","0","0","0","direct_call","direct_call","7119f314d3837dac54bf984118de657f6f1e6dfd2a2b2a20510454f762dddf11","7119f314d3837dac54bf984118de657f6f1e6dfd2a2b2a20510454f762dddf11","7119f314d3837dac54bf984118de657f6f1e6dfd2a2b2a20510454f762dddf11","0x8016A830","exact"
"0x80164650",,,"1","1","43","1","0","0","0","0","0","direct_call","direct_call","58f218aeb259309eeb545345a8f5c715987967b0ec724806d448394da578d0b0","58f218aeb259309eeb545345a8f5c715987967b0ec724806d448394da578d0b0","58f218aeb259309eeb545345a8f5c715987967b0ec724806d448394da578d0b0",,
"0x801646fc",,,"1","1","37","2","0","0","0","0","0","direct_call","direct_call","3b18c58c739716e76429634a61375c45b3b5cd470c22ab6d3e14cee23dd992e1","3b18c58c739716e76429634a61375c45b3b5cd470c22ab6d3e14cee23dd992e1","3b18c58c739716e76429634a61375c45b3b5cd470c22ab6d3e14cee23dd992e1",,
"0x80164790",,,"1","1","189","1","0","0","0","0","0","direct_call","direct_call","dfae75e86c3e349de212f970c922f6c3bf1cf09787ffab21ebae82d2a5df2b2a","dfae75e86c3e349de212f970c922f6c3bf1cf09787ffab21ebae82d2a5df2b2a","dfae75e86c3e349de212f970c922f6c3bf1cf09787ffab21ebae82d2a5df2b2a","0x8016AAB4","exact"
"0x80164a84",,,"1","1","18","1","0","0","0","0","0","direct_call","direct_call","834a709ba2534ebe3ee1397fd4f7bd288b2acc1d20a08d6c862dcd99b6f04400","834a709ba2534ebe3ee1397fd4f7bd288b2acc1d20a08d6c862dcd99b6f04400","834a709ba2534ebe3ee1397fd4f7bd288b2acc1d20a08d6c862dcd99b6f04400",,
"0x80164acc",,,"1","1","280","2","0","0","0","0","0","direct_call","direct_call","5cc201eb697e57027dcf74bac0995467bc9b787848be4c0d740956a97ddf65a5","5cc201eb697e57027dcf74bac0995467bc9b787848be4c0d740956a97ddf65a5","5cc201eb697e57027dcf74bac0995467bc9b787848be4c0d740956a97ddf65a5",,
"0x80164f2c",,,"1","1","44","1","0","0","0","0","0","direct_call","direct_call","86d2cf5b090f43ee54d8f7c1dcf746a853951191457ff6dac96269a9d24860b9","86d2cf5b090f43ee54d8f7c1dcf746a853951191457ff6dac96269a9d24860b9","86d2cf5b090f43ee54d8f7c1dcf746a853951191457ff6dac96269a9d24860b9",,
"0x80164fdc",,,"1","1","115","1","0","0","0","0","0","direct_call","direct_call","7479649f4176c2a256e12d26259cba094d654d57dc58cf51fbe25c14e67c7fd9","7479649f4176c2a256e12d26259cba094d654d57dc58cf51fbe25c14e67c7fd9","7479649f4176c2a256e12d26259cba094d654d57dc58cf51fbe25c14e67c7fd9",,
"0x801651a8",,,"1","1","16","1","0","0","0","0","0","direct_call","direct_call","f5a5fd42d16a20302798ef6ed309979b43003d2320d9f0e8ea9831a92759fb4b","f5a5fd42d16a20302798ef6ed309979b43003d2320d9f0e8ea9831a92759fb4b","f5a5fd42d16a20302798ef6ed309979b43003d2320d9f0e8ea9831a92759fb4b",,
"0x801651e8",,,"1","1","228","1","0","0","0","0","0","direct_call","direct_call","d2710a3a6574fc3d509a62191d8933226f0046f7ffcd83fd8de6866684c5f73e","d2710a3a6574fc3d509a62191d8933226f0046f7ffcd83fd8de6866684c5f73e","d2710a3a6574fc3d509a62191d8933226f0046f7ffcd83fd8de6866684c5f73e","0x8016B564","exact"
"0x80165578",,,"1","1","500","2","0","0","0","0","0","direct_call","direct_call","2da42fb1d7bd8524e83d5a1e332bad697c8769ba430770a19bec630eb8ffcaa8","2da42fb1d7bd8524e83d5a1e332bad697c8769ba430770a19bec630eb8ffcaa8","2da42fb1d7bd8524e83d5a1e332bad697c8769ba430770a19bec630eb8ffcaa8",,
"0x80165d48",,,"1","1","40","1","0","0","0","0","0","direct_call","direct_call","b393978842a0fa3d3e1470196f098f473f9678e72463cb65ec4ab5581856c2e4","b393978842a0fa3d3e1470196f098f473f9678e72463cb65ec4ab5581856c2e4","b393978842a0fa3d3e1470196f098f473f9678e72463cb65ec4ab5581856c2e4",,
"0x80165de8",,,"1","1","24","4","0","0","0","0","0","direct_call","direct_call","2ea9ab9198d1638007400cd2c3bef1cc745b864b76011a0e1bc52180ac6452d4","2ea9ab9198d1638007400cd2c3bef1cc745b864b76011a0e1bc52180ac6452d4","2ea9ab9198d1638007400cd2c3bef1cc745b864b76011a0e1bc52180ac6452d4",,
"0x80165e48",,,"1","1","46","1","0","0","0","0","0","direct_call","direct_call","d81bfb50e59a9abbe66f6ae0c6b45c7b9c0bc6eead2cf982118ac4d62b6ffeda","d81bfb50e59a9abbe66f6ae0c6b45c7b9c0bc6eead2cf982118ac4d62b6ffeda","d81bfb50e59a9abbe66f6ae0c6b45c7b9c0bc6eead2cf982118ac4d62b6ffeda",,
"0x80165f00",,,"1","1","42","1","0","0","0","0","0","direct_call","direct_call","e3c2af35d1dfc500e16f826a071cc311bf55003a3de77de7ea3376c6b6fa2857","e3c2af35d1dfc500e16f826a071cc311bf55003a3de77de7ea3376c6b6fa2857","e3c2af35d1dfc500e16f826a071cc311bf55003a3de77de7ea3376c6b6fa2857",,
"0x80165fa8",,,"1","1","86","1","0","0","0","0","0","direct_call","direct_call","7c7f15ed27de2f3a51d1da31356b27ea1be15370faa3caab96606e5390ebbd0e","7c7f15ed27de2f3a51d1da31356b27ea1be15370faa3caab96606e5390ebbd0e","7c7f15ed27de2f3a51d1da31356b27ea1be15370faa3caab96606e5390ebbd0e","0x8016C324","exact"
"0x80166100",,,"1","1","22","1","0","0","0","0","0","direct_call","direct_call","10eef285deef7a4b7c82b22aa53589b7833df29de3814649c772bbd5c832f365","10eef285deef7a4b7c82b22aa53589b7833df29de3814649c772bbd5c832f365","10eef285deef7a4b7c82b22aa53589b7833df29de3814649c772bbd5c832f365",,
"0x80166158",,,"1","1","162","1","0","0","0","0","0","direct_call","direct_call","f4bd841308415de6ed2727462cd66a7333ac8155b4e8e95de0220355189c785c","f4bd841308415de6ed2727462cd66a7333ac8155b4e8e95de0220355189c785c","f4bd841308415de6ed2727462cd66a7333ac8155b4e8e95de0220355189c785c","0x8016C4D4","exact"
"0x801663e0",,,"1","1","43","1","0","0","0","0","0","direct_call","direct_call","58f218aeb259309eeb545345a8f5c715987967b0ec724806d448394da578d0b0","58f218aeb259309eeb545345a8f5c715987967b0ec724806d448394da578d0b0","58f218aeb259309eeb545345a8f5c715987967b0ec724806d448394da578d0b0",,
"0x8016648c",,,"1","1","12","1","0","0","0","0","0","direct_call","direct_call","17b0761f87b081d5cf10757ccc89f12be355c70e2e29df288b65b30710dcbcd1","17b0761f87b081d5cf10757ccc89f12be355c70e2e29df288b65b30710dcbcd1","17b0761f87b081d5cf10757ccc89f12be355c70e2e29df288b65b30710dcbcd1",,
"0x801664bc",,,"1","1","6","1","0","0","0","0","0","direct_call","direct_call","9d908ecfb6b256def8b49a7c504e6c889c4b0e41fe6ce3e01863dd7b61a20aa0","9d908ecfb6b256def8b49a7c504e6c889c4b0e41fe6ce3e01863dd7b61a20aa0","9d908ecfb6b256def8b49a7c504e6c889c4b0e41fe6ce3e01863dd7b61a20aa0","0x8016C838","exact"
"0x801664d4",,,"1","1","37","1","0","0","0","0","0","direct_call","direct_call","3b18c58c739716e76429634a61375c45b3b5cd470c22ab6d3e14cee23dd992e1","3b18c58c739716e76429634a61375c45b3b5cd470c22ab6d3e14cee23dd992e1","3b18c58c739716e76429634a61375c45b3b5cd470c22ab6d3e14cee23dd992e1",,
"0x80166568",,,"1","1","99","3","0","0","0","0","0","direct_call","direct_call","58553b15fb3888e443e29fff5663675b8f70e37f0ea6c54076489d6ff04c1032","58553b15fb3888e443e29fff5663675b8f70e37f0ea6c54076489d6ff04c1032","58553b15fb3888e443e29fff5663675b8f70e37f0ea6c54076489d6ff04c1032",,
"0x801666f4",,,"1","1","13","1","0","0","0","0","0","direct_call","direct_call","7955cb2de90dd9efc6df9fdbf5f5d10c114f4135a9a6b52db1003be749e32f7a","7955cb2de90dd9efc6df9fdbf5f5d10c114f4135a9a6b52db1003be749e32f7a","7955cb2de90dd9efc6df9fdbf5f5d10c114f4135a9a6b52db1003be749e32f7a",,
"0x80166728",,,"1","1","169","2","0","0","0","0","0","direct_call","direct_call","1bfedb90a487ecce837b77d13c349bf60548cc0326eba5435fd27c359231b6ca","1bfedb90a487ecce837b77d13c349bf60548cc0326eba5435fd27c359231b6ca","1bfedb90a487ecce837b77d13c349bf60548cc0326eba5435fd27c359231b6ca","0x8016CAA4","exact"
"0x801669cc",,,"1","1","41","1","0","0","0","0","0","direct_call","direct_call","4b22ee6807a2e4ddfd1bf16851609a7a009f4c6bd5aeb78162f121cb89492f02","4b22ee6807a2e4ddfd1bf16851609a7a009f4c6bd5aeb78162f121cb89492f02","4b22ee6807a2e4ddfd1bf16851609a7a009f4c6bd5aeb78162f121cb89492f02",,
"0x80166a70",,,"1","1","102","4","0","0","0","0","0","direct_call","direct_call","c76903cde8580d1c809ac5352aab33af5a310ad05126294d66e06db880c463ed","c76903cde8580d1c809ac5352aab33af5a310ad05126294d66e06db880c463ed","c76903cde8580d1c809ac5352aab33af5a310ad05126294d66e06db880c463ed","0x8016CDEC","exact"
"0x80166c08",,,"1","1","67","8","0","0","0","0","0","direct_call","direct_call","38bba6186c2e0320d30f77c0985a842e25c44c67341a2d6b5a522a4bcd067a1d","38bba6186c2e0320d30f77c0985a842e25c44c67341a2d6b5a522a4bcd067a1d","38bba6186c2e0320d30f77c0985a842e25c44c67341a2d6b5a522a4bcd067a1d",,
"0x80166d14",,,"1","1","30","2","0","0","0","0","0","direct_call","direct_call","6edd9f6f9cc92cded36e6c4a580933f9c9f1b90562b46903b806f21902a1a54f","6edd9f6f9cc92cded36e6c4a580933f9c9f1b90562b46903b806f21902a1a54f","6edd9f6f9cc92cded36e6c4a580933f9c9f1b90562b46903b806f21902a1a54f",,
"0x80166d8c",,,"1","1","50","1","0","0","0","0","0","direct_call","direct_call","6d9c54dee5660c46886f32d80e57e9dd0ffa57ee0cd2a762b036d9c8e0c3a33a","6d9c54dee5660c46886f32d80e57e9dd0ffa57ee0cd2a762b036d9c8e0c3a33a","6d9c54dee5660c46886f32d80e57e9dd0ffa57ee0cd2a762b036d9c8e0c3a33a","0x8016D108","exact"
"0x80166e54",,,"1","1","101","1","0","0","0","0","0","direct_call","direct_call","0441772f66559a1c71f4559dc4405438fc9b8383ce1229139257a7fe6d7b8de9","0441772f66559a1c71f4559dc4405438fc9b8383ce1229139257a7fe6d7b8de9","0441772f66559a1c71f4559dc4405438fc9b8383ce1229139257a7fe6d7b8de9","0x8016D1D0","exact"
"0x80166fe8",,,"1","1","29","1","0","0","0","0","0","direct_call","direct_call","5b517952cbe9c4c147bc3f3434f9d82409e76d09ea58905aefe7fb5415912d9a","5b517952cbe9c4c147bc3f3434f9d82409e76d09ea58905aefe7fb5415912d9a","5b517952cbe9c4c147bc3f3434f9d82409e76d09ea58905aefe7fb5415912d9a",,
"0x8016705c",,,"1","1","272","1","0","0","0","0","0","direct_call","direct_call","0e40a09dd6c3d8b503c0095444488c25f0fa19356ddd9b77a16219cb1cec69e6","0e40a09dd6c3d8b503c0095444488c25f0fa19356ddd9b77a16219cb1cec69e6","0e40a09dd6c3d8b503c0095444488c25f0fa19356ddd9b77a16219cb1cec69e6","0x8016D3D8","exact"
"0x8016749c",,,"1","1","29","1","0","0","0","0","0","direct_call","direct_call","5b517952cbe9c4c147bc3f3434f9d82409e76d09ea58905aefe7fb5415912d9a","5b517952cbe9c4c147bc3f3434f9d82409e76d09ea58905aefe7fb5415912d9a","5b517952cbe9c4c147bc3f3434f9d82409e76d09ea58905aefe7fb5415912d9a",,
"0x80167510",,,"1","1","74","2","0","0","0","0","0","direct_call","direct_call","250f52cb2d6f1966a29f6ac771fa1cd185b8f8531396c8a4026c0fe635617e0c","250f52cb2d6f1966a29f6ac771fa1cd185b8f8531396c8a4026c0fe635617e0c","250f52cb2d6f1966a29f6ac771fa1cd185b8f8531396c8a4026c0fe635617e0c",,
"0x80167638",,,"1","1","53","1","0","0","0","0","0","direct_call","direct_call","f59194106e93b4b8bfc8b4347ce1f7992e383eef8e1526fce5ee65ba3ed35096","f59194106e93b4b8bfc8b4347ce1f7992e383eef8e1526fce5ee65ba3ed35096","f59194106e93b4b8bfc8b4347ce1f7992e383eef8e1526fce5ee65ba3ed35096",,
"0x8016770c",,,"1","1","202","1","0","0","0","0","0","direct_call","direct_call","33e15ec51f02d31aedb153489237b7938676d30e5a211a4498ae4910930e1a86","33e15ec51f02d31aedb153489237b7938676d30e5a211a4498ae4910930e1a86","33e15ec51f02d31aedb153489237b7938676d30e5a211a4498ae4910930e1a86","0x8016DA80","exact"
"0x80167a34",,,"1","1","14","2","0","0","0","0","0","direct_call","direct_call","d4817aa5497628e7c77e6b606107042bbba3130888c5f47a375e6179be789fbb","d4817aa5497628e7c77e6b606107042bbba3130888c5f47a375e6179be789fbb","d4817aa5497628e7c77e6b606107042bbba3130888c5f47a375e6179be789fbb","0x8016DDA8","exact"
"0x80167a6c",,,"1","1","318","1","0","0","0","0","0","direct_call","direct_call","fbb4fa31c3fa0c14ccb3fe426e39dcad529b17e379309c0adbe27fcc93feba50","fbb4fa31c3fa0c14ccb3fe426e39dcad529b17e379309c0adbe27fcc93feba50","fbb4fa31c3fa0c14ccb3fe426e39dcad529b17e379309c0adbe27fcc93feba50","0x8016DDE0","exact"
"0x80167f64",,,"1","1","21","1","0","0","0","0","0","direct_call","direct_call","4fea5e6a3ec5f5474a26d858bc77b6d7bd3ab864ea02d988683fdc648602b248","4fea5e6a3ec5f5474a26d858bc77b6d7bd3ab864ea02d988683fdc648602b248","4fea5e6a3ec5f5474a26d858bc77b6d7bd3ab864ea02d988683fdc648602b248",,
"0x80167fb8",,,"1","1","90","1","0","0","0","0","0","direct_call","direct_call","d3df611a0ed2e328b050d285287637c60643ba96ec09e4aaefaad7f2cd114b77","d3df611a0ed2e328b050d285287637c60643ba96ec09e4aaefaad7f2cd114b77","d3df611a0ed2e328b050d285287637c60643ba96ec09e4aaefaad7f2cd114b77","0x8016E32C","exact"
"0x80168120",,,"1","1","18","1","0","0","0","0","0","direct_call","direct_call","834a709ba2534ebe3ee1397fd4f7bd288b2acc1d20a08d6c862dcd99b6f04400","834a709ba2534ebe3ee1397fd4f7bd288b2acc1d20a08d6c862dcd99b6f04400","834a709ba2534ebe3ee1397fd4f7bd288b2acc1d20a08d6c862dcd99b6f04400",,
"0x80168168",,,"1","1","10","1","0","0","0","0","0","direct_call","direct_call","2c34ce1df23b838c5abf2a7f6437cca3d3067ed509ff25f11df6b11b582b51eb","2c34ce1df23b838c5abf2a7f6437cca3d3067ed509ff25f11df6b11b582b51eb","2c34ce1df23b838c5abf2a7f6437cca3d3067ed509ff25f11df6b11b582b51eb",,
"0x80168190",,,"1","1","66","4","0","0","0","0","0","direct_call","direct_call","44b8aa4d28701168922acf61435ea4bb442f97b0b14ad7a2510ed68874ee2a72","44b8aa4d28701168922acf61435ea4bb442f97b0b14ad7a2510ed68874ee2a72","44b8aa4d28701168922acf61435ea4bb442f97b0b14ad7a2510ed68874ee2a72",,
"0x80168298",,,"1","1","236","1","0","0","0","0","0","direct_call","direct_call","0b104dfa306965639069d83c2a39f7dbbe28d9fc93421fd4df618e1bae471d67","0b104dfa306965639069d83c2a39f7dbbe28d9fc93421fd4df618e1bae471d67","0b104dfa306965639069d83c2a39f7dbbe28d9fc93421fd4df618e1bae471d67",,
"0x80168648",,,"1","1","4096","1","0","0","0","0","0","direct_call","direct_call","2af7ecdf920414ca5d078a833c135ca6d3e5f69e0dc6b0b2efff476fbbbb8c99","2af7ecdf920414ca5d078a833c135ca6d3e5f69e0dc6b0b2efff476fbbbb8c99","bd46cab193ab73456064930a1a9d6ddfca67179eaec6768a4a401cf61f3c493e",,
"0x8017d5c0",,,"1","1","2753","1","9","0","0","0","1","direct_call","direct_call","467d95ecb3b0c3c4de38268df88e6f5ddcf7c1f818dc3df6fd497d6009092304","467d95ecb3b0c3c4de38268df88e6f5ddcf7c1f818dc3df6fd497d6009092304","7f16bf2733aaf31ed61fb3962b8b02f2b6ca78f369341de76a110b27f89d8475",,
"0x801800c4",,,"1","1","465","1","4","0","0","0","1","direct_call","direct_call","2e9830ac706eb2ad5b265df363ee6e06c582025ecd0fb0efd6c7e537ab235756","2e9830ac706eb2ad5b265df363ee6e06c582025ecd0fb0efd6c7e537ab235756","8894e5d970e629fad4793fbf75318ede7c2b72e58db09bf5fab77643f9dc9c39",,
"0x80180808",,,"1","1","1","1","0","0","0","0","1","direct_call","direct_call","f2e6de51dd7c4939817865280fee2e6da40ecaac11f8f4baa3d9dda2953ca91b","f2e6de51dd7c4939817865280fee2e6da40ecaac11f8f4baa3d9dda2953ca91b","508177e956be083f4d721748bdc650f4dd641f6a457bafb2da96caebe071bb42",,
"0x8018080c",,,"1","1","4096","1","4","0","0","0","1","direct_call","direct_call","3cb0391ea238ac30d544551ea60867609f1f3fbf5946322a44759cf717ecef7c","3cb0391ea238ac30d544551ea60867609f1f3fbf5946322a44759cf717ecef7c","32af3c5e42df4f5c140acb3a73c5e4ea607a7b8ea6a5eb24593f1ff01883a424",,
"0x801bb450",,,"1","1","1448","1","13","0","0","0","1","direct_call","direct_call","6804059f1783a58b6882746d8989310a25c57a1176ed26c9c20ab671ec2134f0","6804059f1783a58b6882746d8989310a25c57a1176ed26c9c20ab671ec2134f0","ce7f8872ab35238ff591c5bfe8da2a5df3b624b1538efbed9aa5593aa9ab403c",,
"0x801bcaf0",,,"1","1","25","0","2","1","0","0","1","prologue_only","prologue_only","37af4b48233360207225c3583a3e3b8d8a4bbed28045bfada918162ccfe4d16c","37af4b48233360207225c3583a3e3b8d8a4bbed28045bfada918162ccfe4d16c","80640e2ec9fdcd7f234b15fe9882b46d3bb3beeaa5b8b27f67757ea33edc0aa3","0x801AEF70","structural"
"0x801bcb54",,,"1","1","217","0","3","1","0","0","1","prologue_only","prologue_only","c1b557ed3655de33f069eaa47977781729d3522283347d5869a2878e90fb2fe3","c1b557ed3655de33f069eaa47977781729d3522283347d5869a2878e90fb2fe3","6e754ceb6aa10e2644573cf6fde9162a4ebc30224646e9055e8e09191686225f","0x801AEFD4","structural"
"0x801bceb8",,,"1","1","171","0","3","1","0","0","1","prologue_only","prologue_only","aa283fd02619cf455668c3ffbae584c136bccaef279c64dd1598e70491e042fb","aa283fd02619cf455668c3ffbae584c136bccaef279c64dd1598e70491e042fb","6aa1aa53a53da70dc642ada0a302583cab3d6e359a781dc49cdb53c5d4e433ab","0x801AF338","structural"
"0x801bd284",,,"1","1","166","0","1","1","0","0","1","prologue_only","prologue_only","27aaa9335e6eaf5b3aa67a651507028ebc0c2a8fc56d687517d5897ac1888db2","27aaa9335e6eaf5b3aa67a651507028ebc0c2a8fc56d687517d5897ac1888db2","7333c4456fd5ccf24e14d13f17322688dbe8828619bbd4026e82518efa3b6012","0x801AF704","structural"
"0x801bd51c",,,"1","1","93","0","1","1","0","0","1","prologue_only","prologue_only","74c700692424dba5783892306ffc908672dde85edb8a1d325c2d08bf877af11a","74c700692424dba5783892306ffc908672dde85edb8a1d325c2d08bf877af11a","062a139419c38bc246ee7196e1df9dee91213caa94ce3fb68f0cd3fafd2d14f1","0x801AF99C","structural"
"0x801bd690",,,"1","1","113","0","3","1","0","0","1","prologue_only","prologue_only","573570943161444e327280e1ea4798da433f72afe829d6e238f3bbf8b77aed18","573570943161444e327280e1ea4798da433f72afe829d6e238f3bbf8b77aed18","706240af206edff5166d74674ada729d5fdd75a636bde473ba9696fb7abcb2fa","0x801AFB10","structural"
"0x801bd854",,,"1","1","146","0","1","1","0","0","1","prologue_only","prologue_only","64955e7c1b6e9923c6b7de1932c7a077e11083739229c4063159f4493f3383b8","64955e7c1b6e9923c6b7de1932c7a077e11083739229c4063159f4493f3383b8","e9d0c0051bfa12203f4717a5a0b63e91d827084aa8868ec3fe61944c4473bbf0","0x801AFCD4","structural"
"0x801bda9c",,,"1","1","95","0","2","1","0","0","1","prologue_only","prologue_only","d628bd9637047b29d23884a75fcbd022a823b735feccad18de6c6d1aa1f33635","d628bd9637047b29d23884a75fcbd022a823b735feccad18de6c6d1aa1f33635","02ee824c44d03ca30ef0af476a78594772d7d2d8a2d795e5ba85d55832c84c12","0x801AFF1C","structural"
"0x801bdc18",,,"1","1","81","0","2","1","0","0","1","prologue_only","prologue_only","5460bfc49b857e6d341f2582c8fb4b266403e6c988ff4be8ddc9c48b0d053173","5460bfc49b857e6d341f2582c8fb4b266403e6c988ff4be8ddc9c48b0d053173","5e223034dbb97f6a4220f6ebbf654354fbb4780f3558d2e22c2f99f9d1aeec99","0x801B0098","structural"
"0x801bdd5c",,,"1","1","65","0","2","1","0","0","1","prologue_only","prologue_only","efa667af57a9ba407bfb94822ca83ac797c9de719f989ff33a164ee2ea081533","efa667af57a9ba407bfb94822ca83ac797c9de719f989ff33a164ee2ea081533","c63bde6d538bac48a2ad127ab634cdd49624346c25741d989c628dcb792857d4",,
"0x801bde60",,,"1","1","65","0","2","1","0","0","1","prologue_only","prologue_only","8509ff2867263efe328ed112cb7bf10c5bb35c301a62a8c5f35f996dcec4cc3a","8509ff2867263efe328ed112cb7bf10c5bb35c301a62a8c5f35f996dcec4cc3a","c63bde6d538bac48a2ad127ab634cdd49624346c25741d989c628dcb792857d4",,
"0x801bdf64",,,"1","1","72","0","2","1","0","0","1","prologue_only","prologue_only","1aeaf872531806c2908784c5177295251a9cbc2f9d515f4f4aa95f1a3a1c4f34","1aeaf872531806c2908784c5177295251a9cbc2f9d515f4f4aa95f1a3a1c4f34","f665c6430fbb20d7c2f49f5c28596fcae610f387b3f6237c3e9ee0adb350b05d","0x801B03E4","structural"
"0x801be084",,,"1","1","77","0","1","1","0","0","1","prologue_only","prologue_only","04d5e3b3fcdddfa211c6ecbe187620978ba9d21c8f9a5bcd74f50958a2746523","04d5e3b3fcdddfa211c6ecbe187620978ba9d21c8f9a5bcd74f50958a2746523","2606999c3a88ec65f984bb1b4ad919f7c60e38d353754f43e4cd4c9c6a31adfb","0x801B0504","structural"
"0x801be1b8",,,"1","1","71","0","1","1","0","0","1","prologue_only","prologue_only","fecd098e2ff7883757be588cc70f60e8abe5f7c5f1071ed4f68c57452c93ed50","fecd098e2ff7883757be588cc70f60e8abe5f7c5f1071ed4f68c57452c93ed50","ee218e94733cdd7f8d2cf879106c0c78509c23ae51b1a1b26a3670b5d7bb7110","0x801B0638","structural"
"0x801be2d4",,,"1","1","51","0","1","1","0","0","1","prologue_only","prologue_only","85f12ee32f12ab633b2bc06c4a11d6ae33edd8925d7afb72bab3e6bfa810b4a8","85f12ee32f12ab633b2bc06c4a11d6ae33edd8925d7afb72bab3e6bfa810b4a8","4a4a0b8875738f049658b871d6616825d1017c6002fdc703ab013e1203484d0e","0x801B0754","structural"
"0x801be3a0",,,"1","1","65","0","1","1","0","0","1","prologue_only","prologue_only","03ed6ae90269d2a33d66c25de5c8a1dcf2ce53b69f6aee5700b72fbeca54d215","03ed6ae90269d2a33d66c25de5c8a1dcf2ce53b69f6aee5700b72fbeca54d215","9a6dea5aa3939c6274b178428c5f46a7be62e60ed3f0177b37dd7582e5d5b054",,
"0x801be4a4",,,"1","1","65","0","1","1","0","0","1","prologue_only","prologue_only","dd57dacb39ac04aac0efa6f5a68bf16b7ccefabd61719cc513d39d55ef075bf5","dd57dacb39ac04aac0efa6f5a68bf16b7ccefabd61719cc513d39d55ef075bf5","9a6dea5aa3939c6274b178428c5f46a7be62e60ed3f0177b37dd7582e5d5b054",,
"0x801be5a8",,,"1","1","55","0","1","1","0","0","1","prologue_only","prologue_only","d6cd660a0c24c0c8776835a59333e5b6ab362b9245f7bfcd356405f01e063bb7","d6cd660a0c24c0c8776835a59333e5b6ab362b9245f7bfcd356405f01e063bb7","5e1882163f13236476f46dfdfd0ee6af7f1b78d6277f54b96a4f14902f245a0e","0x801B0A28","structural"
"0x801be684",,,"1","1","36","0","1","1","0","0","1","prologue_only","prologue_only","95f6635bd473534b112d41a1374b9a9fd6fb3172d522286cef054dff91248d71","95f6635bd473534b112d41a1374b9a9fd6fb3172d522286cef054dff91248d71","f29b1ed97ff107de20d9d1f90107af8e734fd5aa899e05bec0cd91b8529e4643","0x801B0B04","structural"
"0x801be714",,,"1","1","45","0","2","1","0","0","1","prologue_only","prologue_only","2baa8b32e5ed833b5659bd2e0bb5f209ef60bd93b45295589905977fd0fe0764","2baa8b32e5ed833b5659bd2e0bb5f209ef60bd93b45295589905977fd0fe0764","4d6c04a1dbe2e02ac7adf48800e5873eaf47744bd9aa7d68a5367f72b843928c","0x801B0B94","structural"
"0x801be7c8",,,"1","1","53","0","0","1","0","0","1","prologue_only","prologue_only","7e48f22b126422e11518316d2759eef35915438babf370a3b0a9e561b9ef6733","7e48f22b126422e11518316d2759eef35915438babf370a3b0a9e561b9ef6733","571ca7b563eeae5d72eb7c4a3c2c607df33f8ea4c6fe4402662620ef70e55942","0x801B0C48","structural"
"0x801be89c",,,"1","1","172","0","2","1","0","0","1","prologue_only","prologue_only","8d51a90ed50c31775aaec716a3cba872c01d55dfaab5463e2ac142725787c95f","8d51a90ed50c31775aaec716a3cba872c01d55dfaab5463e2ac142725787c95f","6123d077ce9c51d1aaf173ae05a1141547617bfa41f457bba299577bd32dda81","0x801B0D1C","structural"
"0x801beb4c",,,"1","1","101","0","2","1","0","0","1","prologue_only","prologue_only","c797888fbe9b3215b68210ed83a8e5369281f57e8b1e46e4ab1027a7c86db3b9","c797888fbe9b3215b68210ed83a8e5369281f57e8b1e46e4ab1027a7c86db3b9","641b09f095f480c8acab9335c2d06a0a73f887e1af7b083aa6b0bbbb26891833","0x801B0FCC","structural"
"0x801bece0",,,"1","1","483","0","4","1","0","0","1","prologue_only","prologue_only","fc35e2aa8237a32e35a1e4e0dd0a7a9ff468ff1a3cf9aeb83e87e560dc0693ff","fc35e2aa8237a32e35a1e4e0dd0a7a9ff468ff1a3cf9aeb83e87e560dc0693ff","cd0548f46b2f57bb2ab4c4e588a55dced9286709a0bc3dde72ef8f40afcecc15","0x801B1160","structural"
"0x801bf46c",,,"1","1","16","0","1","1","0","0","1","prologue_only","prologue_only","5ab4986e161fffc94f9ed84f9d1d6df1cdd86b6a55699846e987092a9e50b3f1","5ab4986e161fffc94f9ed84f9d1d6df1cdd86b6a55699846e987092a9e50b3f1","be6ba86545a79bae1aed08acdbf7e108613467f2268549c306875d515066dff9","0x801B18EC","structural"
"0x801bf4ac",,,"1","1","76","0","1","1","0","0","1","prologue_only","prologue_only","54009617cc11af511ad72404cfe6537d1167d38eaad7e4ec04b130f6bc049776","54009617cc11af511ad72404cfe6537d1167d38eaad7e4ec04b130f6bc049776","11e6bf11177a3cfff355d45d00dc06ceba65f58c0a55725a1d3c7e84243c0570","0x801B192C","structural"
"0x801bf640",,,"1","1","17","0","3","1","0","0","1","prologue_only","prologue_only","2224662c8334ae7add2b5086a146861f67714e4caedc12a620dd1b9cf1fd869a","2224662c8334ae7add2b5086a146861f67714e4caedc12a620dd1b9cf1fd869a","eaad2fb2e5adfc0b3757f79773ac251aa1617d3887d591922a45dc86f8ae7d77","0x801B1A6C","structural"
"0x801bf684",,,"1","1","58","0","7","1","0","0","1","prologue_only","prologue_only","478705575cc0a03c70e3979f2af96a19ece58fb8cf3c9c2f46737b29b93fabd9","478705575cc0a03c70e3979f2af96a19ece58fb8cf3c9c2f46737b29b93fabd9","4fffc00d0f288453beb34d0a0a1a2277859f36adf64d2c60d842cb37607ff10d",,
"0x801bf76c",,,"1","1","63","0","3","1","0","0","1","prologue_only","prologue_only","b06505398a2282bcbd0a56e5b36aa15b5512bf6cf5baa26c4b97400687352bcb","b06505398a2282bcbd0a56e5b36aa15b5512bf6cf5baa26c4b97400687352bcb","8e6bd45ba5a8a12b80bc21d0af848b77428208c6e01ae336219dc5dc5804290b","0x801B1BAC","structural"
"0x801bf868",,,"1","1","310","0","11","1","0","0","1","prologue_only","prologue_only","d9ded488f17f9af72c0ca4807e6c58eba278f7af7143b986247b902db48fdec8","d9ded488f17f9af72c0ca4807e6c58eba278f7af7143b986247b902db48fdec8","296b4a427f89c7fd0b725f47b61cecc67a4e2034379464302a5b2bf3db948771",,
"0x801bfd48",,,"1","1","390","0","7","1","0","0","1","prologue_only","prologue_only","560cf96b140d47e92e7cfcb25c79098a03ca034a4768a77dd729c8e1b2746141","560cf96b140d47e92e7cfcb25c79098a03ca034a4768a77dd729c8e1b2746141","fcf280b0d53e8225974e16d59cd4cf151a9ecdaa36ae45e28817967a718c132b","0x801B21B0","structural"
"0x801c0368",,,"1","1","102","0","2","1","0","0","1","prologue_only","prologue_only","7dca3cdab8224cd38304d35caed2b65c7bf7c1b0979f54896485416c6655b916","7dca3cdab8224cd38304d35caed2b65c7bf7c1b0979f54896485416c6655b916","fc292c9ddb09f0acd9289cd2727597289b263b67bb9832883e143096abaa4a53","0x801B27D0","structural"
"0x801c0500",,,"1","1","69","0","8","1","0","0","1","prologue_only","prologue_only","d23345f9a47194ab6c1fad7e131a64b06aeca2ab15afad3b4fdce3baf6ba3e3a","d23345f9a47194ab6c1fad7e131a64b06aeca2ab15afad3b4fdce3baf6ba3e3a","0b38ed175afbd8814fb0b7c3ae0a2ded1f6a802cc53728fe05e0de1fe6ea13a6","0x801B2968","structural"
"0x801c061c",,,"1","1","87","0","5","1","0","0","1","prologue_only","prologue_only","83236be9ed5bcbc469fc32822a15458f88004ab7ca58ce3d6ed18bc4f7a369f1","83236be9ed5bcbc469fc32822a15458f88004ab7ca58ce3d6ed18bc4f7a369f1","c710283b9ee04e7818e95d926c4ca6f8986e65f24736dfb6dea8d61373a8e4e6","0x801B2A84","structural"
"0x801c07e0",,,"1","1","303","0","15","1","0","0","1","prologue_only","prologue_only","fa8e75ce3bfc5b58873d1aecc0dc62b800d70e8385682d6cfcd41183ad2132ab","fa8e75ce3bfc5b58873d1aecc0dc62b800d70e8385682d6cfcd41183ad2132ab","e01b0723ebef32b5e9c2ff1690574a3a8738c4b42a451a2c2e7785735ff37d84","0x801B2C48","structural"
"0x801c0c9c",,,"1","1","26","0","1","1","0","0","1","prologue_only","prologue_only","0e8f0410e982fa4ec5fc4dda19c8ae2e0f326a5d5b1465eee7fe8317b39bdb75","0e8f0410e982fa4ec5fc4dda19c8ae2e0f326a5d5b1465eee7fe8317b39bdb75","5c0efc9342c86b2c49a119a2ac21491b9850feefa14a8cebe68ba0ae2bc8102c","0x801B3104","structural"
"0x801c0d04",,,"1","1","56","0","2","1","0","0","1","prologue_only","prologue_only","00d942d55d895ec093c0434a188c6d4c88052a916fa2152585aa402738a983ab","00d942d55d895ec093c0434a188c6d4c88052a916fa2152585aa402738a983ab","b172b1f16087dd304ef9eafa28faf5457bbda626d35074dbb6ac81aae016884c","0x801B316C","structural"
"0x801c0de4",,,"1","1","684","0","84","1","0","0","1","prologue_only","prologue_only","6eb0d6de31c8cd371429e10349beaea7d13386a162dbd5e545109221cda8c2e9","6eb0d6de31c8cd371429e10349beaea7d13386a162dbd5e545109221cda8c2e9","075e85e9f7ed8cca09dba4db7f0a4a1bf26eaf9b24e0698c29300d35a342b785",,
"0x801c1894",,,"1","1","48","0","1","1","0","0","1","prologue_only","prologue_only","218fb9f3ec268c48ef144d88dc88ec2b047b22c5a15a78dbff92d76f3c901240","218fb9f3ec268c48ef144d88dc88ec2b047b22c5a15a78dbff92d76f3c901240","36917dfb6d3304e6cfde5872a9c48f713c24f40b27ae2e9473e5e152e96e3d42","0x801B3DF0","structural"
"0x801c1954",,,"1","1","43","0","2","1","0","0","1","prologue_only","prologue_only","9d9472732cf4ceb7d10d2725a58356f7e14bd2818d18fec1a1bfee458e438d03","9d9472732cf4ceb7d10d2725a58356f7e14bd2818d18fec1a1bfee458e438d03","12c8ba44f424723f891a95d83946227927c6b590bde7dc17b76da6ff026b738a",,
"0x801c1a00",,,"1","1","135","0","0","0","0","0","1","prologue_only","prologue_only","787135021b38e2d9612a322ef000e4d92dcbdd59906b764a00bb4d71f6d55e28","787135021b38e2d9612a322ef000e4d92dcbdd59906b764a00bb4d71f6d55e28","1d49367f37c4d0c9e3a24e3ad587091d18c36c0162c88a7136c38d94e963e249",,
"0x801c1c1c",,,"1","1","28","1","1","1","0","0","1","direct_call","direct_call","8b97704040ffd3369111f4f96d0048e6e9ac793ff9891807c2e85926a4375ff9","8b97704040ffd3369111f4f96d0048e6e9ac793ff9891807c2e85926a4375ff9","10db6d03a790418613f67573e40e4e9780060d951ac1c7e6f0004b540d1a3137",,
"0x801c1c8c",,,"1","1","87","0","1","1","0","0","1","prologue_only","prologue_only","19060faad01e4d8821fcc358bf6abaeb2d1cfcc3dd203259194f75055ed5e43e","19060faad01e4d8821fcc358bf6abaeb2d1cfcc3dd203259194f75055ed5e43e","14c3c2e9ffc428db32c24b69d76042561cb44ba4475ade1da7e80170aff3d05a","0x801B41E8","structural"
"0x801c1de8",,,"1","1","105","0","8","1","0","0","1","prologue_only","prologue_only","7a9f904edd161383449b6a5dfaa232c9a00fda870135d0e61676033948afa21a","7a9f904edd161383449b6a5dfaa232c9a00fda870135d0e61676033948afa21a","efaeebc948d089f7fcc83d0a1b6f0bf06544224f4d7c06d11254ab49fa122a29","0x801B4344","structural"
"0x801c1f8c",,,"1","1","63","0","4","1","0","0","1","prologue_only","prologue_only","eda4c2dcf7187b2c148cab3f0cbd573169ff7fbf636d1f8fdc76bac628e68ca8","eda4c2dcf7187b2c148cab3f0cbd573169ff7fbf636d1f8fdc76bac628e68ca8","36813ebd3ca297431619cfc5bd63a28e5cde238af03aea9a74fa393c2c3b6155","0x801B44E8","structural"
"0x801c2200",,,"1","1","128","0","0","1","0","0","1","prologue_only","prologue_only","79d09bba46d791d54d00d5b26c2be66cd9137d7cc043a27b56586ed013965e4f","79d09bba46d791d54d00d5b26c2be66cd9137d7cc043a27b56586ed013965e4f","9ed000eb7eb5654bdac57ebaebb5206cb2794eb2b42776a144fadfc986a1a335","0x801B475C","structural"
"0x801c2400",,,"1","1","18","0","1","1","0","0","1","prologue_only","prologue_only","c6cb544ddf4e70f2116ec71f59f71724f1ee471aef20989a32ee223174315fb3","c6cb544ddf4e70f2116ec71f59f71724f1ee471aef20989a32ee223174315fb3","a19fd151902777d7c314ce78f3ec7f4c2a89fb0fa583409dd59ac1c0e465fefa","0x801B495C","structural"
"0x801c2448",,,"1","1","31","0","1","1","0","0","1","prologue_only","prologue_only","9648b8fdd54b482c2870f78cfd52f5685d163ee23330cc3e59f806eee5583127","9648b8fdd54b482c2870f78cfd52f5685d163ee23330cc3e59f806eee5583127","7d63ea97d86503a41cc2e6053b00a3734b710f9d0b64f962089f87e61184f2de","0x801B49A4","structural"
"0x801c24c4",,,"1","1","41","0","1","1","0","0","1","prologue_only","prologue_only","c221dacae3825914971e706fa96239db3d800955a133915568ed2c74c7e5377b","c221dacae3825914971e706fa96239db3d800955a133915568ed2c74c7e5377b","3bebaf8d8c1274d8723746a10892e3b7473e46c6feada32510f24152a335c5bf","0x801B4A20","structural"
"0x801c2568",,,"1","1","92","0","3","1","0","0","1","prologue_only","prologue_only","fbe467dd957db29734030da1eb875fd461032dda6e218597e56f896a97e1b353","fbe467dd957db29734030da1eb875fd461032dda6e218597e56f896a97e1b353","0d3b3fa152849a0c87674e9bd1993bef9fbd78db1e277b80c27cb49f1b5440f9","0x801B4AC4","structural"
"0x801c26d8",,,"1","1","38","0","1","1","0","0","1","prologue_only","prologue_only","b6feec975c33abd286412970c34a73251209513eaf280e369fa8710d35bf2ff1","b6feec975c33abd286412970c34a73251209513eaf280e369fa8710d35bf2ff1","2a13232eb500ec41726e7fbfdcfa0fc611b451675064e80a079039fc0415bfd6","0x801B4C34","structural"
"0x801c2770",,,"1","1","88","0","1","1","0","0","1","prologue_only","prologue_only","1769550353bc37b9cae98c99b47d6bab63627a7133209e7448ec4f88351a7c3b","1769550353bc37b9cae98c99b47d6bab63627a7133209e7448ec4f88351a7c3b","7a0e5acfbc6d5cd9851f1c8df53d527e02dab79f9a882dc07cd09a698683d449","0x801B4CCC","structural"
"0x801c28d0",,,"1","1","66","0","1","1","0","0","1","prologue_only","prologue_only","6d8def641a5fbdfa7e6aba20ca10c8ee84a17f6fb8c50c026f83f241c7c16755","6d8def641a5fbdfa7e6aba20ca10c8ee84a17f6fb8c50c026f83f241c7c16755","96ccdeea0c0b56d67358038287f53dae69f1c1762568c280ba980ece05c198b6","0x801B4E2C","structural"
"0x801c29d8",,,"1","1","88","0","1","1","0","0","1","prologue_only","prologue_only","332b2e85e51173b47c8dfb921770c8a114cb2d71d306de65e0812f5adfd61bb7","332b2e85e51173b47c8dfb921770c8a114cb2d71d306de65e0812f5adfd61bb7","b1bed8cf7fca5d533e8355d9ea6068c84460e3854c0f829e01cfa0ea619c5c7c","0x801B4F34","structural"
"0x801c2b38",,,"1","1","63","0","5","1","0","0","1","prologue_only","prologue_only","31f3ecf7d3650fe0145e69b23756fcdbda9147d3c97512da313846134974c786","31f3ecf7d3650fe0145e69b23756fcdbda9147d3c97512da313846134974c786","10a02c15de17fdaefc6b9d1779ab896bf055f73a66a9103b77b97ae63e854298","0x801B5094","structural"
"0x801c2c34",,,"1","1","218","0","4","1","0","0","1","prologue_only","prologue_only","24392a14f3fcb49e403807fc8dc5287f20122d3088f90ce08ac1535763e7c10e","24392a14f3fcb49e403807fc8dc5287f20122d3088f90ce08ac1535763e7c10e","ad471f6b48667b09274e93c792f8e312e4b2d957d0348f3cc197342cdeb1aba2","0x801B5190","structural"
"0x801c2f9c",,,"1","1","36","0","1","1","0","0","1","prologue_only","prologue_only","707b62c1a29e91beac299e94be4345df20264ab8bd2f0047d7686a85a3986014","707b62c1a29e91beac299e94be4345df20264ab8bd2f0047d7686a85a3986014","55d896f01e2ec42abee68e6392715762382d90985c6cb22866826e35d245fe88","0x801B54F8","structural"
"0x801c3130",,,"1","1","83","0","4","1","0","0","1","prologue_only","prologue_only","00b12de5fde26350667961ba75129c24104fd2057eb44373dc0effd490769b2b","00b12de5fde26350667961ba75129c24104fd2057eb44373dc0effd490769b2b","9f31ce78c8886797115d049a386367faba79c498733eb96a9254fd6a59a29ad5","0x801B568C","structural"
"0x801c327c",,,"1","1","47","0","2","1","0","0","1","prologue_only","prologue_only","9c717a8cfa4ae1e2ab2ea2a033814ddece3051b3938f451d54854bd8d08bc807","9c717a8cfa4ae1e2ab2ea2a033814ddece3051b3938f451d54854bd8d08bc807","cc6fc9c0be8c42a4254a640641bc1359d3c4c87abfe2e4584f7fb4898c53450b","0x801B57D8","structural"
"0x801c3338",,,"1","1","46","0","2","1","0","0","1","prologue_only","prologue_only","a31741aaee590e1c35062f63a268cd285e93ab88687a62a635709ffb73774066","a31741aaee590e1c35062f63a268cd285e93ab88687a62a635709ffb73774066","93d504bb02ddf8101d2e567eee55450184301a88aff62ef724f1dca340f25259","0x801B5894","structural"
"0x801c34dc",,,"1","1","92","0","5","1","0","0","1","prologue_only","prologue_only","c10aa832c5aa6cb24183f5095ddf18b973845c64e46073fb4644c97b745166fe","c10aa832c5aa6cb24183f5095ddf18b973845c64e46073fb4644c97b745166fe","8eb47e338da862b1096ec2f8686501604ba13c7e072a32e3161f7a4c5506ec41","0x801B5A38","structural"
"0x801c364c",,,"1","1","69","0","5","1","0","0","1","prologue_only","prologue_only","a1ece5653271cd0e516f1832a8eb0c5df92f4877b855523e93f25d62c723c7e7","a1ece5653271cd0e516f1832a8eb0c5df92f4877b855523e93f25d62c723c7e7","2d71bc94f7ca77e865ea80e7ee1ed2782ecd86a859b449d2af2a7de0837c81cd",,
"0x801c3760",,,"1","1","84","0","3","1","0","0","1","prologue_only","prologue_only","176d3e4dcb86c22e737ae34b6c068cb8d042b96cbd30e2158df8c5d31b399e40","176d3e4dcb86c22e737ae34b6c068cb8d042b96cbd30e2158df8c5d31b399e40","e002fb063a3c8bdd115c2b07a7fb507061dbe9028b94fc5400393202416639bd","0x801B5BA8","structural"
"0x801c38b0",,,"1","1","116","0","3","1","0","0","1","prologue_only","prologue_only","81d695f751b687a9f874bbe02caae1bba35973535628666cc7cfbf7f5ebff1cf","81d695f751b687a9f874bbe02caae1bba35973535628666cc7cfbf7f5ebff1cf","667459c0b1cbd53b67fcaf1eb856106cc23be6c7ce6fa3cfae7e20e363c48555","0x801B5CF8","structural"
"0x801c3a80",,,"1","1","154","0","5","1","0","0","1","prologue_only","prologue_only","04276f237d60049d18cd759b3a53df0163b1491a0279dd9ba52e1cd2ab37fa7a","04276f237d60049d18cd759b3a53df0163b1491a0279dd9ba52e1cd2ab37fa7a","8eb1c4aef2b3009dbf37290bb343d17d872095f9fca03b658d3098898c26b677","0x801B5EC8","structural"
"0x801c3ce8",,,"1","1","36","0","2","1","0","0","1","prologue_only","prologue_only","31e078de7a3f396c2e9a389710498e4905a91360b75a480c039fa363ce0d8178","31e078de7a3f396c2e9a389710498e4905a91360b75a480c039fa363ce0d8178","b4c85e15e5f989eba1451462c65f3c58cf6f9effdee0ba8d3bfb1a72e9634a8c","0x801B6130","structural"
"0x801c3d78",,,"1","1","16","0","1","1","0","0","1","prologue_only","prologue_only","0505b0c123a4aa0ca05bb74e2311b454a4765971c6ccf8bf87d8f8088404a289","0505b0c123a4aa0ca05bb74e2311b454a4765971c6ccf8bf87d8f8088404a289","cb2b7a53f7b807dee114e0b86735211900ba25a19c3e68400ec368b729978d5c","0x801B61C0","structural"
"0x801c3db8",,,"1","1","70","0","8","1","0","0","1","prologue_only","prologue_only","eca8d5be87c77e9b990e52ac01e9569d0b340efdc91857140932f1663afcf3cf","eca8d5be87c77e9b990e52ac01e9569d0b340efdc91857140932f1663afcf3cf","79bd200a563d826d76b982ff89d94df2043f32baa3eed63c8bded8d6e661b8e0","0x801B6200","structural"
"0x801c3ed0",,,"1","1","50","0","2","1","0","0","1","prologue_only","prologue_only","3424ab7ec763c6098381ce70527feb658f91767c7018e76531c88564a6b99bda","3424ab7ec763c6098381ce70527feb658f91767c7018e76531c88564a6b99bda","aee96cb09b299329624b8b60daf0cf8e9d1763504009d995164c21d4f4702082","0x801B6318","structural"
"0x801c3f98",,,"1","1","152","0","3","1","0","0","1","prologue_only","prologue_only","71d6e067e9f8ff85e408076dace5439d58848389beddf6060dc4805ae17c3ac2","71d6e067e9f8ff85e408076dace5439d58848389beddf6060dc4805ae17c3ac2","c80f926cb3d0a746ee6d908862957bd287943977605565b327757d45d869b4de",,
"0x801c41f8",,,"1","1","47","0","1","1","0","0","1","prologue_only","prologue_only","795886e5da0066d816c49ba88c4eb1cf42146e34385d55c92e76dd470b508c57","795886e5da0066d816c49ba88c4eb1cf42146e34385d55c92e76dd470b508c57","9695742d4c3196c9a9ea38faccbd3cfa26518d8be2c588ff185ceb610b055cdb","0x801B6660","structural"
"0x801c4328",,,"1","1","125","0","6","1","0","0","1","prologue_only","prologue_only","70864195ccbc1ebdded89907f9e137eb8180d4ef2519a96136d3d8e685440620","70864195ccbc1ebdded89907f9e137eb8180d4ef2519a96136d3d8e685440620","7e46b82820f8447d57477666fd7209e8d9836a6a3d1c754ad41fde43985fc42a","0x801B6790","structural"
"0x801c451c",,,"1","1","109","0","1","1","0","0","1","prologue_only","prologue_only","33fb84d36b919a49b2f57fefeeef3598fc17b59c78be143084641a9a41f58c94","33fb84d36b919a49b2f57fefeeef3598fc17b59c78be143084641a9a41f58c94","83cd58572c19a749e161689468a2c537747a6ac07016630b372237ef740b1030","0x801B6984","structural"
"0x801c46d0",,,"1","1","123","0","3","1","0","0","1","prologue_only","prologue_only","3c9222ecc0b6e110314bd429921469a8c7ef617e395d9d54cde3f5fca4661aaa","3c9222ecc0b6e110314bd429921469a8c7ef617e395d9d54cde3f5fca4661aaa","22c4cb3fa89bc5de3c4dd80eb1215e5e880c6793817f4ef11081f7de0cb028f1","0x801B6B38","structural"
"0x801c48bc",,,"1","1","20","0","2","1","0","0","1","prologue_only","prologue_only","f556f9853abf2289e0138214a0b2423f4f3fc589682b6225840b14e0d189b7bb","f556f9853abf2289e0138214a0b2423f4f3fc589682b6225840b14e0d189b7bb","68f600ad8ecf84b80d844d776a155646e86a8d1a1c9e51ab70347c53014682a1","0x801B6D24","structural"
"0x801c490c",,,"1","1","109","0","9","1","0","0","1","prologue_only","prologue_only","da073a0dd3224c2ca8ec28b73fda8c01655b34956c040e39317acc55ee941fb9","da073a0dd3224c2ca8ec28b73fda8c01655b34956c040e39317acc55ee941fb9","145f954c269a5b69e4f2ff8469c450460f7988565644b642ec6009490abe7c1c","0x801B6D74","structural"
"0x801c4aec",,,"1","1","36","0","2","1","0","0","1","prologue_only","prologue_only","5537afb7dc4a4c5c4076306ca4fde5114151bbf52cfa2f6289116a6eff1c6593","5537afb7dc4a4c5c4076306ca4fde5114151bbf52cfa2f6289116a6eff1c6593","4ce7528ba8aff85f35d58d59eb894583014f18c16eb2b6f5e2abbd542a792e5c","0x801B6F54","structural"
"0x801c4c8c",,,"1","1","110","0","8","1","0","0","1","prologue_only","prologue_only","04577295ea9828a9a0b777bbe21450c632e3bd05101bb2c6e85e002008866ea1","04577295ea9828a9a0b777bbe21450c632e3bd05101bb2c6e85e002008866ea1","0df9f789a31a056ed047f6479f519e13af0d62fe218b309b48f545be28520bd4","0x801B70F4","structural"
"0x801c4e44",,,"1","1","74","0","3","1","0","0","1","prologue_only","prologue_only","0ea4408e710c4066cf762bb44af1b036319c1d7fd0b03ba9380911045b6550af","0ea4408e710c4066cf762bb44af1b036319c1d7fd0b03ba9380911045b6550af","d64043530dc2ba6a739e008aedeadc59f3af50cf1eb163226d398989113ccc52","0x801B72AC","structural"
"0x801c500c",,,"1","1","120","0","5","1","0","0","1","prologue_only","prologue_only","1856883408a8db65008c3fcfd4efa6eb354a607070f23a3714be9dfd6d7a5368","1856883408a8db65008c3fcfd4efa6eb354a607070f23a3714be9dfd6d7a5368","fd5ee33435924503d9b53ad910205adb2f0eb0c474a2c8eaae971b4e59aef7ce","0x801B7474","structural"
"0x801c51ec",,,"1","1","69","0","6","1","0","0","1","prologue_only","prologue_only","c0214f4fa8b5f9254593449885f937a490f2f3410a109c2b92cde36d479930e0","c0214f4fa8b5f9254593449885f937a490f2f3410a109c2b92cde36d479930e0","5df525e37d87ec89854bf2854410aefed0488ea5658c46c8b5f5ad8a76788008","0x801B7654","structural"
"0x801c5300",,,"1","1","110","0","9","1","0","0","1","prologue_only","prologue_only","fd1290a95fff36335ad04d74f438992aaca31920a1491cfb95c0c6f8ddff7ac6","fd1290a95fff36335ad04d74f438992aaca31920a1491cfb95c0c6f8ddff7ac6","f5d24150ce8becceef730faaf521ec9f7c2510f9dcd2de646c78d948075bce6a",,
"0x801c54b8",,,"1","1","44","0","1","1","0","0","1","prologue_only","prologue_only","f5feacc4de548a2179c4b88613b1f38fb850a2e94c8ce095888322b4e9419346","f5feacc4de548a2179c4b88613b1f38fb850a2e94c8ce095888322b4e9419346","a8cbdab7da0d43905a88c922648fe753a87e09334bce92a5b808e8a2d4a9de20","0x801B7918","structural"
"0x801c5568",,,"1","1","84","0","1","1","0","0","1","prologue_only","prologue_only","e6fcb12df19fb6ba552985d0c6d1f1c94af7f7a8ca39febd9b374acaa2366e50","e6fcb12df19fb6ba552985d0c6d1f1c94af7f7a8ca39febd9b374acaa2366e50","70ece75daa9a2c47cfcab7f8482afcb5af4b9b656c04684ddf50a19d481e1f20","0x801B79C8","structural"
"0x801c56b8",,,"1","1","56","0","1","1","0","0","1","prologue_only","prologue_only","5e0a77ccd3fb6d17268320a007d2ee535aed44040be89425310dc627e771d097","5e0a77ccd3fb6d17268320a007d2ee535aed44040be89425310dc627e771d097","61d4b1a6c59512917704546a9937df514c2f3aa494647318db41cad8a9780bd2","0x801B7B18","structural"
"0x801c5798",,,"1","1","112","0","3","1","0","0","1","prologue_only","prologue_only","bcf5080bd92ec6a496f6bc25da9e67078aca7f19edc75c7b7c5745a8330c1fc3","bcf5080bd92ec6a496f6bc25da9e67078aca7f19edc75c7b7c5745a8330c1fc3","4b59d5817e5fa1bb3b9d976893fb442ee7c91e77ed2d2607493c1bb68f985d50","0x801B7BF8","structural"
"0x801c5958",,,"1","1","122","0","7","1","0","0","1","prologue_only","prologue_only","99eb15b4ab41f04c981c5fbf99b3dff33242c82a9e4047f2fe2846196ed53215","99eb15b4ab41f04c981c5fbf99b3dff33242c82a9e4047f2fe2846196ed53215","8b9fb915d1b3a144aee74ad1373c8bc4f0fa0a00cae6e7d8e6ffbae27fabd2a9","0x801B7DB8","structural"
"0x801c5b40",,,"1","1","52","0","1","1","0","0","1","prologue_only","prologue_only","2b039409253b13cc14bea5ffcf51d531ce23de1fa970a3d540cf7104320edb01","2b039409253b13cc14bea5ffcf51d531ce23de1fa970a3d540cf7104320edb01","29dea87b58c7f5b2fa3ec2ffa518b9a9c7a0b5bb6e24399f9949c036787498e1","0x801B7FA0","structural"
"0x801c5c10",,,"1","1","34","0","2","1","0","0","1","prologue_only","prologue_only","696ada5b8abcf8749d9578e035b215b2b7742fca6f6d672be9c22951cdcee114","696ada5b8abcf8749d9578e035b215b2b7742fca6f6d672be9c22951cdcee114","87fe84f9c0a3d29efdeeda4d4111cd978e5420757cf48edf3eb24557c1776f2a","0x801B8070","structural"
"0x801c5c98",,,"1","1","144","0","7","1","0","0","1","prologue_only","prologue_only","7ed5dd039b1604f1bc610b23d93ab62e9f11293d74d5db66a907afa211ee338e","7ed5dd039b1604f1bc610b23d93ab62e9f11293d74d5db66a907afa211ee338e","c4d407d8eca380da734bb0d123f499895f0da5aaf7195c43ce232f6ae3288403",,
"0x801c5eec",,,"1","1","119","0","14","1","0","0","1","prologue_only","prologue_only","d855059ab215808a4c6caa165d29534482f0180f8316059771d4dc42af26e352","d855059ab215808a4c6caa165d29534482f0180f8316059771d4dc42af26e352","6f2899037aa718168ba1f0f7914dda7cd4aa7cf9d23e83a39eb2a801d76815ec",,
"0x801c60c8",,,"1","1","89","0","0","1","0","0","1","prologue_only","prologue_only","d5fdb6b274563cc7a2ec6d2763367926c4979f9b1e4d194791e49c7f43bd4769","d5fdb6b274563cc7a2ec6d2763367926c4979f9b1e4d194791e49c7f43bd4769","3458a4f18cf4fda45b970427c065b158526ee4edad9638312ab69f3f6a80433e","0x801B8770","structural"
"0x801c6240",,,"1","1","88","0","5","1","0","0","1","prologue_only","prologue_only","8a0330e7389be5788b4527a6be1fbc1062a745b11d26e994a345a82d4f502e9c","8a0330e7389be5788b4527a6be1fbc1062a745b11d26e994a345a82d4f502e9c","29f056d4f1a596b0ec472bce31bed942be8134ebfdb17fc4211a8fb3c3c2119a","0x801B88E8","structural"
"0x801c63a0",,,"1","1","78","0","2","1","0","0","1","prologue_only","prologue_only","b5179f26e3fe3a6c11404ef8bd2864cff5ec7a82c29eb5fc6b2e81bfcf368cb0","b5179f26e3fe3a6c11404ef8bd2864cff5ec7a82c29eb5fc6b2e81bfcf368cb0","872e4306a8b91fde1ac6fac5e80160910198d49ecaf986de14e5caaafe7102c6","0x801B8A48","structural"
"0x801c64d8",,,"1","1","417","0","12","1","0","0","1","prologue_only","prologue_only","5d4d619de083fadabeab20254152dd19764d5dc2a42f6fdaea42ebd046fdc5df","5d4d619de083fadabeab20254152dd19764d5dc2a42f6fdaea42ebd046fdc5df","9dd68c821256700acb2d87c6cacd8f3b17a065b6aad1cc2ff504e7db30a760e8","0x801B8B80","structural"
"0x801c6b5c",,,"1","1","113","0","5","1","0","0","1","prologue_only","prologue_only","b5f747c5cc5f13854765be00256827716a18acf7ce25b4f754b53d97d5029e3b","b5f747c5cc5f13854765be00256827716a18acf7ce25b4f754b53d97d5029e3b","5b616dcc6b77b5ced8c345b3cb833e963edf9272658c1b9e884a08c645b549ad","0x801B9204","structural"
"0x801c6d20",,,"1","1","57","0","7","1","0","0","1","prologue_only","prologue_only","2ff9517b8b3fcb2ecc2057930343418fbe1f92ed5ab8a22bf210b1a703368911","2ff9517b8b3fcb2ecc2057930343418fbe1f92ed5ab8a22bf210b1a703368911","8ac89dcbd7c6c31ee4ccdce22cb9cec6e39b62bd5ea7091dc296f22e9724b5a1","0x801B93C8","structural"
"0x801c6e04",,,"1","1","53","0","2","1","0","0","1","prologue_only","prologue_only","0760467973b9e21d4dcbde1ec202d4c7b5419814c250d138a26fd637d077b23f","0760467973b9e21d4dcbde1ec202d4c7b5419814c250d138a26fd637d077b23f","1dd2a101060f54ba6801e0f49c4eca425b715bad5cc7fe6e6b0f6ba037937674","0x801B94AC","structural"
"0x801c6ed8",,,"1","1","9","0","1","1","0","0","1","prologue_only","prologue_only","2f64ea3c1314bc5e17ae6c9fb24221cf25902f1daa929f1e33886e4d56f76e30","2f64ea3c1314bc5e17ae6c9fb24221cf25902f1daa929f1e33886e4d56f76e30","1fe6839a5b4be1dec6be5c7597f49691983413f24a190d08b65d9d8bff72325f","0x801B9580","structural"
"0x801c6efc",,,"1","1","9","0","1","1","0","0","1","prologue_only","prologue_only","44c849615f5bb8ec096777e53e4f0d7c5cdaf7859e5c2c0784d19d161958a0d9","44c849615f5bb8ec096777e53e4f0d7c5cdaf7859e5c2c0784d19d161958a0d9","bd76b72040f24cdc493107cf87143877d15ff7096a9e09a8674a6ccd122e50cf","0x801B95A4","structural"
"0x801c6f20",,,"1","1","8","0","1","1","0","0","1","prologue_only","prologue_only","3f587b4f1909d3e5180acc1bd3c12efa3a16c1fcb09f722900ff5a5f592cb471","3f587b4f1909d3e5180acc1bd3c12efa3a16c1fcb09f722900ff5a5f592cb471","43f20be7a8d281c6a1e9bdbb1b33099e779f9a54882e73221fbab3a24c6958ad",,
"0x801c6f40",,,"1","1","21","0","1","1","0","0","1","prologue_only","prologue_only","bff4c0e6794ee50c87b729d2a2e8f4f12fb78fcfcfdfb5f867c47596bf891769","bff4c0e6794ee50c87b729d2a2e8f4f12fb78fcfcfdfb5f867c47596bf891769","6637e9187ec00c1c0d08d24642f3c2d467a754d291dfef9568a94841e4169513","0x801B9624","structural"
"0x801c6f94",,,"1","1","88","0","4","1","0","0","1","prologue_only","prologue_only","9f7e8ad7407ee2263a774414b6c6c31ed28362d78213492625dee46a11c8ed0b","9f7e8ad7407ee2263a774414b6c6c31ed28362d78213492625dee46a11c8ed0b","9575001d06e4a289818d0e304c38a82ed3f36b3bda3538e3308d95db2075483a","0x801B9678","structural"
"0x801c70f4",,,"1","1","104","0","3","1","0","0","1","prologue_only","prologue_only","efe0c9104e80f4f5ed48ecd7d27840b7824a5817175a259044d847f8fffd0ad2","efe0c9104e80f4f5ed48ecd7d27840b7824a5817175a259044d847f8fffd0ad2","2295b011f0c804d5dfd789902f183680c2a22cdfc3b574491904673e1a6f6010","0x801B97D8","structural"
"0x801c7294",,,"1","1","65","0","2","1","0","0","1","prologue_only","prologue_only","c39bcbcc55547b852f0ca70cbe9abb658644d661d3d239838430146bf1e5dc3f","c39bcbcc55547b852f0ca70cbe9abb658644d661d3d239838430146bf1e5dc3f","91f26f926e71c3f924579b973e436333e33d709ed0c95938dcb07a2270b21200","0x801B9978","structural"
"0x801c7398",,,"1","1","20","0","1","1","0","0","1","prologue_only","prologue_only","18216333c9bab142d8f8c77f0c6c589058960c8c0602e50cfb114a3b350912d7","18216333c9bab142d8f8c77f0c6c589058960c8c0602e50cfb114a3b350912d7","a5f13b0b2ef1df47b8cc608eae5cb1ed1f8fceba902cde9b84816b2ec80a8204","0x801B9A7C","structural"
"0x801c7444",,,"1","1","185","0","8","1","0","0","1","prologue_only","prologue_only","3d6a84ca475956d10e2fe956758bfe339a5c32379e89163793121a35334c49e1","3d6a84ca475956d10e2fe956758bfe339a5c32379e89163793121a35334c49e1","d55af998759ff9284b3e7c2ac77aeb1800b9dcbc1299d4fd6b6db38c7d3c4aaa","0x801B9B28","structural"
"0x801c7728",,,"1","1","204","0","1","1","0","0","1","prologue_only","prologue_only","b2c87dc07652101fc5803cbf8f742b0173528ed50b699aad20f70fee6638489a","b2c87dc07652101fc5803cbf8f742b0173528ed50b699aad20f70fee6638489a","22f690d4e3ba9c4a034eb66c00b10a5d5489b69ac472c52d4a68a42d52950d02","0x801B9E0C","structural"
"0x801c7ab0",,,"1","1","477","0","29","1","0","0","1","prologue_only","prologue_only","4ec6552740174cc025de757d051546213766bafeda8bee22ac0a37fe09e9d14f","4ec6552740174cc025de757d051546213766bafeda8bee22ac0a37fe09e9d14f","d74fccf08539673b0c17a9eb1f91748a4435e5dcd863dbc7e0fc9748c489be93",,
"0x801c8224",,,"1","1","81","0","2","1","0","0","1","prologue_only","prologue_only","c4a2d511b6042fb13f0586d40b471c757082961220fad2c79a84ce63f159af51","c4a2d511b6042fb13f0586d40b471c757082961220fad2c79a84ce63f159af51","c3cb21e1d41261932934b940e7edb7829563957305ed5d6ce31b8fc736dc27ac","0x801BA968","structural"
"0x801c8368",,,"1","1","43","0","2","1","0","0","1","prologue_only","prologue_only","b465149f2bb2e9d7b09b983fb63fdfc7262168de27e1f11cd7dd3b67ff6008f6","b465149f2bb2e9d7b09b983fb63fdfc7262168de27e1f11cd7dd3b67ff6008f6","1844c72aff655a96744afb660f6e228f1d049116570875bc10bf07bb60a991ea","0x801BAAAC","structural"
"0x801c8414",,,"1","1","37","0","5","1","0","0","1","prologue_only","prologue_only","00cd6c46b0af22d3fdf45b550bc4211edcddb030ce6ebf4e3f7f323d47ac7bf6","00cd6c46b0af22d3fdf45b550bc4211edcddb030ce6ebf4e3f7f323d47ac7bf6","e7c4d1804a4f1aa436f74f05023fedfffadb4da9089b1ac393430e9fb01ca74b","0x801BAB58","structural"
"0x801c84a8",,,"1","1","189","0","8","1","0","0","1","prologue_only","prologue_only","1c101a3533fdbe2f7762d3ae4f76277183caeccd563729f46e4bf59e84324805","1c101a3533fdbe2f7762d3ae4f76277183caeccd563729f46e4bf59e84324805","c720aef94bac2afeab32ed60b5b2a46dee8e42c5360f4359083cd2acf8dd287c","0x801BABEC","structural"
"0x801c87e4",,,"1","1","280","0","5","1","0","0","1","prologue_only","prologue_only","3741d200cfd5e1c4e7a8dafe2e55802e1e5843e3371d10a034ae9ab5f1ecdace","3741d200cfd5e1c4e7a8dafe2e55802e1e5843e3371d10a034ae9ab5f1ecdace","6c5a6f37d1d1c44f6677c07f6a0cee6d70b7d06200b8bee736fe38f4f28b3fb2",,
"0x801c8c4c",,,"1","1","42","0","2","1","0","0","1","prologue_only","prologue_only","09ed6e6c0437acbc277ec61c0c816a0722d62e73bed35ca82cdc76114bd861f8","09ed6e6c0437acbc277ec61c0c816a0722d62e73bed35ca82cdc76114bd861f8","d26140ddbdd588690b04f9faa64b6e04d0b431ec7db38e0a3dc698e71994dfc4",,
"0x801c8cf4",,,"1","1","115","0","5","1","0","0","1","prologue_only","prologue_only","ee933d112265651a569d03105a9497ef946128a088176db5fe1f4dd2b0957c1a","ee933d112265651a569d03105a9497ef946128a088176db5fe1f4dd2b0957c1a","09bdd2121428a156e0543a0e0d8fdbecb38033ec7f01a25983edc9fc03c7317d",,
"0x801c8ec0",,,"1","1","16","0","1","1","0","0","1","prologue_only","prologue_only","7137ca8df441962a233ab4c02222f9ef3973debe5ec1aee1be43a6464a39cc3f","7137ca8df441962a233ab4c02222f9ef3973debe5ec1aee1be43a6464a39cc3f","f19a0e2e4430e5cb52e22a9cad811d05b4b5bdbb0b2d582547176919df52dd40","0x801BB65C","structural"
"0x801c8f00",,,"1","1","228","0","10","1","0","0","1","prologue_only","prologue_only","76cba536ecc232febdfdb2faff020b30f873bba1e0752715e2e4582c79388712","76cba536ecc232febdfdb2faff020b30f873bba1e0752715e2e4582c79388712","1d710d2bef41854f8d4eaff294915b9ab6fadd8fb596f655ecc3a53a5380097f","0x801BB69C","structural"
"0x801c9290",,,"1","1","500","0","18","1","0","0","1","prologue_only","prologue_only","ac4b88be79bab9ca7df9b9ad92ba2b4c05ebbedd64239ff7d575223c7526f640","ac4b88be79bab9ca7df9b9ad92ba2b4c05ebbedd64239ff7d575223c7526f640","d9e671194dba26efe3661fb6dde71435a59c9149d7317d688cebbd5c7ce84b29","0x801BBA2C","structural"
"0x801c9a60",,,"1","1","40","0","1","1","0","0","1","prologue_only","prologue_only","1ad2bdbdb16fcd89e68e40c84485ee75aedc5b374657f17a5ecffbc22499afe2","1ad2bdbdb16fcd89e68e40c84485ee75aedc5b374657f17a5ecffbc22499afe2","760550c8de301493aa0cc9ded19d5a6bd2f4f45814045465af23ad8ae26214ba","0x801BC1FC","structural"
"0x801c9b00",,,"1","1","24","0","2","1","0","0","1","prologue_only","prologue_only","aa3fbb666fc7de0439b59d0e8458092c27cb6aae705c8d384cb7f7c3cf0a27db","aa3fbb666fc7de0439b59d0e8458092c27cb6aae705c8d384cb7f7c3cf0a27db","4d340c081b87fcaa1aa3e512ffd8cf7b5747cc6b601d89ef59f9e44b0a400ded","0x801BC29C","structural"
"0x801c9c18",,,"1","1","42","0","4","1","0","0","1","prologue_only","prologue_only","f8b8638ddab4b55b163c4d3874e1d7a43cf4f6b83b8eddcf11534ac839c8f8c5","f8b8638ddab4b55b163c4d3874e1d7a43cf4f6b83b8eddcf11534ac839c8f8c5","144f0a7c2cbf1ead40f779dc8b530a1bff1c8caf55ad34d552fb2fa1bd2dde3a","0x801BC3B4","structural"
"0x801c9cc0",,,"1","1","86","0","2","1","0","0","1","prologue_only","prologue_only","268c3ad8d4dca4a0d9270c44413c702a85c5c50c600380d94750ab191c26da22","268c3ad8d4dca4a0d9270c44413c702a85c5c50c600380d94750ab191c26da22","424f22b60e2857a8a9f2adab2dab27bbc0f5c1fdb7044f78f759ca095cea5bb9","0x801BC45C","structural"
"0x801c9e18",,,"1","1","22","0","1","1","0","0","1","prologue_only","prologue_only","e1d83dc10112eb02f79dd73a40ac8ee1f9fcd28b054907f5732790a21417ebec","e1d83dc10112eb02f79dd73a40ac8ee1f9fcd28b054907f5732790a21417ebec","46528f11a3c5ccf267ce7f6462a8b0151e456be70f41c5b088716646a18c0884","0x801BC5B4","structural"
"0x801c9e70",,,"1","1","162","0","0","1","0","0","1","prologue_only","prologue_only","0725452919c6be634484de6f713082b546dbd238d93041fb1aa6817cb25658c5","0725452919c6be634484de6f713082b546dbd238d93041fb1aa6817cb25658c5","02cadff6a5012c659e4653fe7acfdaa568b157f64c97c40cfb9dcee963b8d9e7","0x801BC60C","structural"
"0x801ca1a4",,,"1","1","12","0","2","1","0","0","1","prologue_only","prologue_only","8384f01160e844fa152a378f5972f4d61c5d62480d4df219813a4a7d561b5d8d","8384f01160e844fa152a378f5972f4d61c5d62480d4df219813a4a7d561b5d8d","7f3131e93092d670a744d95ac5bd2a1d57dcf520e780c649ff6cd628e17b3401","0x801BC940","structural"
"0x801ca1f4",,,"1","1","35","0","1","1","0","0","1","prologue_only","prologue_only","4282b5a4e8ed8f91da3bd1673aba42b3daf8b57565c98c6ceec0d3d95d15211a","4282b5a4e8ed8f91da3bd1673aba42b3daf8b57565c98c6ceec0d3d95d15211a","3a7bccd2c1c7165b6f9ca6edaae7666c9305c14b5651298423c924d4b077225b","0x801BC990","structural"
"0x801ca288",,,"1","1","97","0","3","1","0","0","1","prologue_only","prologue_only","f0e13d91610c8c03be3cc418a37f71c6c378c37c9ed85857eb5728f50b7b727b","f0e13d91610c8c03be3cc418a37f71c6c378c37c9ed85857eb5728f50b7b727b","0ee8e0dd70f1ecc687478666e9ef1621ce956633dda2370a6729f4e87860cb94","0x801BCA24","structural"
"0x801ca440",,,"1","1","169","0","4","1","0","0","1","prologue_only","prologue_only","9b854cc6aedfbff87c3d6e4f07ebe681f0721c3c62f3e6e42e1057f474f29652","9b854cc6aedfbff87c3d6e4f07ebe681f0721c3c62f3e6e42e1057f474f29652","780b3c54b4feb286dc737f730c5f11da0f7b633b60633ce7b3d410fdd76f6031","0x801BCBDC","structural"
"0x801ca6e4",,,"1","1","41","0","1","1","0","0","1","prologue_only","prologue_only","a2c05eeaa7b85d0a8e4154da9a071848afeca1c23938244e064f7e53a87eac14","a2c05eeaa7b85d0a8e4154da9a071848afeca1c23938244e064f7e53a87eac14","b4394873fa3aaa8b9e979dc275b413b6cb763ac523df320dbf9dc911b613248b","0x801BCE80","structural"
"0x801ca788",,,"1","1","102","0","4","1","0","0","1","prologue_only","prologue_only","07480302926c07b1681d7aedf4124e80eb451c3f6fcde5e0278cada3b1fabf18","07480302926c07b1681d7aedf4124e80eb451c3f6fcde5e0278cada3b1fabf18","cc489077e54222acb9ef3607623ecc2c159b2ab5cf5ed2fd776d3fc5af2ffb5e","0x801BCF24","structural"
"0x801ca920",,,"1","1","67","0","3","1","0","0","1","prologue_only","prologue_only","0e040ccffe193df344ce5d3205d82b7e6ff0b82211949d4c9b744ae1574a7974","0e040ccffe193df344ce5d3205d82b7e6ff0b82211949d4c9b744ae1574a7974","03b5110d730966aa15be8d5028a7db75497a1a32730a3785bb13b94323332d37","0x801BD0BC","structural"
"0x801caa2c",,,"1","1","30","0","2","1","0","0","1","prologue_only","prologue_only","64c01c4fd8e3b8612bf93bf0aa7ca642aff81ca512dee6b67118e318441bd1c0","64c01c4fd8e3b8612bf93bf0aa7ca642aff81ca512dee6b67118e318441bd1c0","0a905f220192bea7a683e5a514294443ae6a6a1aca1f44b3c50a1fad145341db","0x801BD1C8","structural"
"0x801caaa4",,,"1","1","50","0","2","1","0","0","1","prologue_only","prologue_only","9b023de4b5c7b717a35cd3fc11966e46e48b78a07323827cb77cc71e1ca41a82","9b023de4b5c7b717a35cd3fc11966e46e48b78a07323827cb77cc71e1ca41a82","779f35012cf69104396f9135e50a1e4e182774f69f57f0ea28f501b66e298620","0x801BD240","structural"
"0x801cab74",,,"1","1","99","0","11","1","0","0","1","prologue_only","prologue_only","4aaecaed4d6de50c2223637f5c175c178936c42b064a38c826d68d0591b7800b","4aaecaed4d6de50c2223637f5c175c178936c42b064a38c826d68d0591b7800b","bbdf77b62ee6223631fd4ae021dc37730dd2aa3e8c4c05e69736c9ffbc13f8d8","0x801BD310","structural"
"0x801cad00",,,"1","1","29","0","1","1","0","0","1","prologue_only","prologue_only","5db7610dea076ae1c0de4d74b58a86d679c03a02e3f514a44d952af74cd6bfd2","5db7610dea076ae1c0de4d74b58a86d679c03a02e3f514a44d952af74cd6bfd2","f85bbf4cb4d6f833f77ff9f281f390ac1107543cc99a6ded3b61154585e636b9","0x801BD49C","structural"
"0x801cad74",,,"1","1","272","0","2","1","0","0","1","prologue_only","prologue_only","94765f7e83b35331bc3e204444fbb5e80a2fba16ce92b057966ddeec316a1975","94765f7e83b35331bc3e204444fbb5e80a2fba16ce92b057966ddeec316a1975","07b62c1893babc630328ede77c348cd22acfe7e52c8feee50c904224a875abb3","0x801BD510","structural"
"0x801cb1b4",,,"1","1","29","0","2","1","0","0","1","prologue_only","prologue_only","b8192681f15f067fa9d2a3a304ec2b8c5b236c79e080367b8407b0a74b1ccbc4","b8192681f15f067fa9d2a3a304ec2b8c5b236c79e080367b8407b0a74b1ccbc4","6909a793daa6793639cbe71e99fc049a23183b0abeb95a7433c6024e574b0e66","0x801BD950","structural"
"0x801cb228",,,"1","1","74","0","4","1","0","0","1","prologue_only","prologue_only","fb0868f38c5444f1e206375b1a9773afec4ad934fa2ac58f8f947abc8e287ebc","fb0868f38c5444f1e206375b1a9773afec4ad934fa2ac58f8f947abc8e287ebc","7325290745a34bf4757f1787975f32a9a7f34acdf49813f85812a7e727d4290b",,
"0x801cb350",,,"1","1","53","0","3","1","0","0","1","prologue_only","prologue_only","42fdf775496b650fc524575c37e9f403a7c64e5079502d6267fb64080b7f580e","42fdf775496b650fc524575c37e9f403a7c64e5079502d6267fb64080b7f580e","b7579c3e1b290e3f187f36b778d80ac7a35e6376dc49030779eefc839f828155","0x801BDAE4","structural"
"0x801cb424",,,"1","1","202","0","6","1","0","0","1","prologue_only","prologue_only","b91063c904df621bf4dd06833b50bdd5e2af1e429c466ab6e34d0c75c499d1d0","b91063c904df621bf4dd06833b50bdd5e2af1e429c466ab6e34d0c75c499d1d0","2054e3309c29ad3904766a7c6be11903f67af14df8e24e89435d591646b21986","0x801BDBB8","structural"
"0x801cb74c",,,"1","1","14","0","2","1","0","0","1","prologue_only","prologue_only","41a9294bb5628e8ae0f91c2d6bcaba2b49f70357b29b0ce82c77b5703710347c","41a9294bb5628e8ae0f91c2d6bcaba2b49f70357b29b0ce82c77b5703710347c","ec78a348287ba1000b1d7ff616adc980dca232ff917f905b892fc888a5723373","0x801BDEE0","structural"
"0x801cb784",,,"1","1","318","0","6","1","0","0","1","prologue_only","prologue_only","14aaf108befb3339b444c150d587057f82d6c014944876b8ee9368ccf591c181","14aaf108befb3339b444c150d587057f82d6c014944876b8ee9368ccf591c181","6f46ea45e8ca00e1abc25e60260711a0a57d7a4de681f1f98c85fd1292f8e207","0x801BDF18","structural"
"0x801cbcd0",,,"1","1","90","0","1","1","0","0","1","prologue_only","prologue_only","b4c3bee3f722fe2373de213cf66bfb629714be3767684e285acd7407292bb864","b4c3bee3f722fe2373de213cf66bfb629714be3767684e285acd7407292bb864","078148064b892dcd2984f9cdbe34b886762215cdb8b9ff53385a4c2d1aaaa904","0x801BE464","structural"
"0x801cbe38",,,"1","1","18","0","1","1","0","0","1","prologue_only","prologue_only","b13bf1c5fe095e6c807811b3b6f17113c6281f496f43cf7ba476bf3fcd0785a0","b13bf1c5fe095e6c807811b3b6f17113c6281f496f43cf7ba476bf3fcd0785a0","5767274cfe2cd892703154bb1006c04677d1db16584659fba21288bcd393e2f9","0x801BE5CC","structural"
"0x801cbe80",,,"1","1","10","0","2","1","0","0","1","prologue_only","prologue_only","4257e7847d8708d3539b2b015c5c958717c49b44a5bf728befb854b62b926f97","4257e7847d8708d3539b2b015c5c958717c49b44a5bf728befb854b62b926f97","8207e1fd24dacb7260ce065f47ab0599198659613c29f3c9eb01211937a60b1b",,
"0x801cbea8",,,"1","1","66","0","8","1","0","0","1","prologue_only","prologue_only","ba320141cea84535b3ce3a7e97cb2d8793ba4aa90c724da57639bf7842540f67","ba320141cea84535b3ce3a7e97cb2d8793ba4aa90c724da57639bf7842540f67","d9610778b8b30cca51d3c2ab353a8a2cac0e4660fff8206ff128761ef3ee50b3","0x801BE63C","structural"
"0x801cbfb0",,,"1","1","236","0","12","1","0","0","1","prologue_only","prologue_only","047c04099c8cc4712b1c903a2b65f69a705a3144b93905cb008580d7dc1170d6","047c04099c8cc4712b1c903a2b65f69a705a3144b93905cb008580d7dc1170d6","882a1081de5ab51ff8cde2ceda2f06d7f91529c938067db65a6a52da9638f12e",,
"0x801cc360",,,"1","1","74","0","9","1","0","0","1","prologue_only","prologue_only","e9fd9d6e4122adfa71004b4af496c0b503ebfa7a33cf6504456a8fd8b8e44412","e9fd9d6e4122adfa71004b4af496c0b503ebfa7a33cf6504456a8fd8b8e44412","b277558074cd0b756057b3ca0b1ec1de3bb90ad5c1b9e41c0197db1748c4ed30","0x801BEA74","structural"
"0x801ce468",,,"1","1","26","0","4","1","0","0","1","prologue_only","prologue_only","566ff67e3711377930c9fb490a6644dea74163d9d0edf2b9449af9b58a481cdf","566ff67e3711377930c9fb490a6644dea74163d9d0edf2b9449af9b58a481cdf","72785a8ae71c847bd2933a49eb5e5911c85a4e4a1e191ec240cc9ab479f92266","0x801C0BA8","structural"
"0x801ce4d0",,,"1","1","20","0","3","1","0","0","1","prologue_only","prologue_only","646a090659a92ecb1b5804f5de16e39f452c4e264189dcf4cad3490280eeb0e2","646a090659a92ecb1b5804f5de16e39f452c4e264189dcf4cad3490280eeb0e2","349e7ed82490dd38de97b285314aa39965ced9dda43d6433e7472e45b4d32874","0x801C0C10","structural"
"0x801ce520",,,"1","1","155","0","2","1","0","0","1","prologue_only","prologue_only","33b088cda6d047c810fb4f2e7879b2fb4727d4904a9d3fb320c9b95f9f8809fd","33b088cda6d047c810fb4f2e7879b2fb4727d4904a9d3fb320c9b95f9f8809fd","c7edce217d5e50ea23a7da1d32a95b4e596cbbd9521c11a9c46ed7b86d336ca3","0x801C0C60","structural"
"0x801ce78c",,,"1","1","132","0","1","1","0","0","1","prologue_only","prologue_only","75d80edb896e722967c7032fd4d4e6076a767d039c2b0d2ab167f37fbb9eb221","75d80edb896e722967c7032fd4d4e6076a767d039c2b0d2ab167f37fbb9eb221","c23d3588792744afe191e87a8eb2fa601eac17f528d5e967c00b301c18ae5ecd","0x801C0ECC","structural"
"0x801ce99c",,,"1","1","31","0","3","1","0","0","1","prologue_only","prologue_only","c830e588f810624bbf73515517b5bd6036b38804c6c6a07780e748ce09a583b5","c830e588f810624bbf73515517b5bd6036b38804c6c6a07780e748ce09a583b5","09af289a8890dbbec6efc7227117581d3d29665ec5f7a333743df782e1f9e7bd","0x801C10DC","structural"
"0x801cea18",,,"1","1","39","0","3","1","0","0","1","prologue_only","prologue_only","813141d96c448d14ceff352b64d248efe56945235f3753d12cd8b662ea62caa1","813141d96c448d14ceff352b64d248efe56945235f3753d12cd8b662ea62caa1","3645db858e98e3fb178a4b3040373b6a4af9ed7fef907158ad4859da75d048e8","0x801C1158","structural"
"0x801ceab4",,,"1","1","71","0","4","1","0","0","1","prologue_only","prologue_only","25cfa11d533d226c484b1427e777dfc220990126c55c11b1437266462ef39a6f","25cfa11d533d226c484b1427e777dfc220990126c55c11b1437266462ef39a6f","6d7aec37a8ef4847148b36a8a6e42b3f3a5e4d1299b839fb1f8b9ffe85ddf99c","0x801C11F4","structural"
"0x801cebd0",,,"1","1","78","0","4","1","0","0","1","prologue_only","prologue_only","a15d1988658ca85f93efbe61c8ce2ba4082ebb53b157360d8e1a2dbe8b830880","a15d1988658ca85f93efbe61c8ce2ba4082ebb53b157360d8e1a2dbe8b830880","6c49d649ff51fb0048d57f658291f9ee5762db8285641888432dd2af95ee05f3","0x801C1310","structural"
"0x801ced08",,,"1","1","61","0","3","1","0","0","1","prologue_only","prologue_only","33288bb7c52a9d1c90f1d255753a30bb713f5fd311b3e8daacd5627997c3c33b","33288bb7c52a9d1c90f1d255753a30bb713f5fd311b3e8daacd5627997c3c33b","eb83112f5486b5bdcbf2505cc763821e177e4be844e3e2618f6e11cbea9ea496","0x801C1448","structural"
"0x801cee30",,,"1","1","146","0","9","1","0","0","1","prologue_only","prologue_only","f6b74e26acb1602e3f067e3dcd8ffbe5d8497a56a1545711396fd0dcf1f3ed7a","f6b74e26acb1602e3f067e3dcd8ffbe5d8497a56a1545711396fd0dcf1f3ed7a","771aa442adfcc8d591f459cbc0345254ece9775b14341a0008be1335a7a9b139","0x801C1570","structural"
"0x801cf078",,,"1","1","8","0","1","1","0","0","1","prologue_only","prologue_only","6e043b496eb154a83e419ba4facf3d662ab9024c1501585644ac6202c4e87c8f","6e043b496eb154a83e419ba4facf3d662ab9024c1501585644ac6202c4e87c8f","43f20be7a8d281c6a1e9bdbb1b33099e779f9a54882e73221fbab3a24c6958ad",,
"0x801cf0a0",,,"1","1","36","0","3","1","0","0","1","prologue_only","prologue_only","67b9dfbaf46b0f532d91e418a6d9df908a4b5417879af22965e051adc9df6ba5","67b9dfbaf46b0f532d91e418a6d9df908a4b5417879af22965e051adc9df6ba5","78d0dbc457191b9ba7b46509993f19b24aafeca50275d6bf2177f5b4201559ae","0x801C17E0","structural"
"0x801cf138",,,"1","1","161","0","9","1","0","0","1","prologue_only","prologue_only","7e496db96bcbc5bbfb8659ea4cecf0fe9492247d706357585db4497706477afe","7e496db96bcbc5bbfb8659ea4cecf0fe9492247d706357585db4497706477afe","c0e9dfb8eb1dbccb7c65ae58a50edd0bfd0fb41704ef29102547e9b86528f55b","0x801C1878","structural"
"0x801cf444",,,"1","1","27","0","3","1","0","0","1","prologue_only","prologue_only","e7fb0f7a32f5212b400103adbb6105d673639d7b0275af45a49fdcd3bb52ea51","e7fb0f7a32f5212b400103adbb6105d673639d7b0275af45a49fdcd3bb52ea51","f62866bca4363758afc8087f277302ba89f4b80a6f7d938c147ae8ed14207c17","0x801C1B84","structural"
"0x801cf4b8",,,"1","1","21","0","5","1","0","0","1","prologue_only","prologue_only","ce5d159586e6dde4f2eb09e6adfb742ba066f700d2defe3ec324587d1d2a2b2d","ce5d159586e6dde4f2eb09e6adfb742ba066f700d2defe3ec324587d1d2a2b2d","da3cc42ee5b4c40931c49b1719bb3e48636442e2aec48ed9078567b35d2887a1","0x801C1BF8","structural"
"0x801cf510",,,"1","1","13","0","2","1","0","0","1","prologue_only","prologue_only","275c94a36634d69fcd962372d312c843477ef0251fdc47f83d3c9f60a14cbdfe","275c94a36634d69fcd962372d312c843477ef0251fdc47f83d3c9f60a14cbdfe","ed81149fab8dbef5f9d4254f9bc862902c529a3ec511276769558b466aa311fc","0x801C1C50","structural"
"0x801cf550",,,"1","1","31","0","1","1","0","0","1","prologue_only","prologue_only","ea465369e8000583ddc955f1d93280005b278d7512b44fb32d5a3273269b699a","ea465369e8000583ddc955f1d93280005b278d7512b44fb32d5a3273269b699a","7b72eee726a7c5116dfbe7087206cd50bf41d2592e92c3b13e8e0a7ece926ff2","0x801C1C90","structural"
"0x801cf5cc",,,"1","1","8","0","1","1","0","0","1","prologue_only","prologue_only","66717aa1c62f4b6198026be23dd7134eea1cdd63c5bde647bec0381c66abab98","66717aa1c62f4b6198026be23dd7134eea1cdd63c5bde647bec0381c66abab98","43f20be7a8d281c6a1e9bdbb1b33099e779f9a54882e73221fbab3a24c6958ad",,
"0x801cf5ec",,,"1","1","9","0","1","1","0","0","1","prologue_only","prologue_only","a700f0f667ba61a2dc6f1d5252f96519c42a85c0db80c3243931a31522e1ea8a","a700f0f667ba61a2dc6f1d5252f96519c42a85c0db80c3243931a31522e1ea8a","988f7deefdfa4efac2f42268ef6cf055ac5453bd8deb96dd415ac174bf153224",,
"0x801cf610",,,"1","1","60","0","2","1","0","0","1","prologue_only","prologue_only","f0c3f7e52b46ee2d0639a31b106816dbe322c989792068b8efda9c73e68b7507","f0c3f7e52b46ee2d0639a31b106816dbe322c989792068b8efda9c73e68b7507","a63a719cb76b9d0d3c9eef724d9574fa4b5507ed16311fb30edca6f3c974b514","0x801C1D50","structural"
"0x801cf700",,,"1","1","36","0","1","1","0","0","1","prologue_only","prologue_only","ae09736ad4e5398d6d0c941b024b2e5fa18df2672c1e2b58697d44ce130eecf3","ae09736ad4e5398d6d0c941b024b2e5fa18df2672c1e2b58697d44ce130eecf3","925ad558847c372bb048162562e1e8272bcaac305cdda1da937bc4faffd64e46","0x801C1E40","structural"
"0x801cf790",,,"1","1","35","0","1","1","0","0","1","prologue_only","prologue_only","5ee8ce035637353d4b84a9f102bbc347c417030ea3183a6843b496e3f4d1026f","5ee8ce035637353d4b84a9f102bbc347c417030ea3183a6843b496e3f4d1026f","b51ec8d9f8830efde037dfcb6e07c5632a5a6738ac9a8e93eb7d165ac7efb268","0x801C1ED0","structural"
"0x801cf81c",,,"1","1","37","0","1","1","0","0","1","prologue_only","prologue_only","f42c8b5e306116d7eca87395c80c677005a475af173e837fbdab35ba5b893341","f42c8b5e306116d7eca87395c80c677005a475af173e837fbdab35ba5b893341","f290c0040157994d26696c42505ca757b5292ff090cb54135d40081af4b98585",,
"0x801cf8b0",,,"1","1","37","0","1","1","0","0","1","prologue_only","prologue_only","4f0866d69997b4a1d260606f7d298f6ce4d37312cb40e961f17fd4c4b19c2462","4f0866d69997b4a1d260606f7d298f6ce4d37312cb40e961f17fd4c4b19c2462","f290c0040157994d26696c42505ca757b5292ff090cb54135d40081af4b98585",,
"0x801cf95c",,,"1","1","31","0","1","1","0","0","1","prologue_only","prologue_only","8ad278cd255582890bc4beb54f8a3addc44df1f238c1c81383b9efdc1a7a32ff","8ad278cd255582890bc4beb54f8a3addc44df1f238c1c81383b9efdc1a7a32ff","6e6c9214952f9da30898dc276804197ca6c9110c64cf8332046b222f4389e0d6","0x801C209C","structural"
"0x801cf9e0",,,"1","1","12","0","3","1","0","0","1","prologue_only","prologue_only","f5cb16e316cab3817a5071123549eb44d7da1e1c607a9578dd0a785e3507cbb2","f5cb16e316cab3817a5071123549eb44d7da1e1c607a9578dd0a785e3507cbb2","f501f43ba9fd800bfc0fae5ff0c449c17169c8d1a3112d7ec197d6e4032a931c","0x801C2120","structural"
"0x801cfa10",,,"1","1","28","0","3","1","0","0","1","prologue_only","prologue_only","f55a18bda6dfecac785af86fd869aec302740f7aa3193b90ea94c261968cbeee","f55a18bda6dfecac785af86fd869aec302740f7aa3193b90ea94c261968cbeee","f218867be1ee5682462113b1e872aa01d9556e64d19d933903ba426efd567923","0x801C2150","structural"
"0x801cfa80",,,"1","1","16","0","2","1","0","0","1","prologue_only","prologue_only","f16869dfcb4f1eac71ec5d1398e5c835bd2992352e53ceadde1eebc484d433aa","f16869dfcb4f1eac71ec5d1398e5c835bd2992352e53ceadde1eebc484d433aa","2f701b1a093c0529a4c90e23f936f555fbe683c63bc5214090702d214fbd4774","0x801C21C0","structural"
"0x801cfac0",,,"1","1","26","0","2","1","0","0","1","prologue_only","prologue_only","414cb23ee0c08d4cd3dc94d351944ab4b0e43ff10413b31372066d471499f347","414cb23ee0c08d4cd3dc94d351944ab4b0e43ff10413b31372066d471499f347","3ed4b9c8bb367179dce37e360350c36326066dde89061e7ed15b63e0fcad1d98",,
"0x801cfb28",,,"1","1","199","0","9","1","0","0","1","prologue_only","prologue_only","04dd77eb5e55800084d3b8f9ed7bb358d8a4ca5aae464e3d703f6445a6b7fa54","04dd77eb5e55800084d3b8f9ed7bb358d8a4ca5aae464e3d703f6445a6b7fa54","c0c9b4be92f78b3f9a3d1d0995fa04d6247b3e71e4abdf29ea4bcf679b1c58aa","0x801C2268","structural"
"0x801cfe44",,,"1","1","26","0","2","1","0","0","1","prologue_only","prologue_only","d02aaa47b79c9f997bf899b58a87c549c0385ec44f22641274f2280be39cb711","d02aaa47b79c9f997bf899b58a87c549c0385ec44f22641274f2280be39cb711","3ed4b9c8bb367179dce37e360350c36326066dde89061e7ed15b63e0fcad1d98",,
"0x801cfeac",,,"1","1","170","0","10","1","0","0","1","prologue_only","prologue_only","637df9e0cf1dd6385794c81ac339e7ff8526647173866068850a289e1999b0c8","637df9e0cf1dd6385794c81ac339e7ff8526647173866068850a289e1999b0c8","15c5ecc3495f3c60840f2d61f214eb7b92fb3cab6f9a2012111d852c305915ca","0x801C25EC","structural"
"0x801d0154",,,"1","1","46","0","2","1","0","0","1","prologue_only","prologue_only","079a6105efc6f76c9740a75c0d3d763d85d5d98fdd4da285d3c37f2104612a59","079a6105efc6f76c9740a75c0d3d763d85d5d98fdd4da285d3c37f2104612a59","f8da55cf49fc96130ec7d68157b4b4d1e3897ddd97c6cfe9340751a565909d74",,
"0x801d020c",,,"1","1","79","0","6","1","0","0","1","prologue_only","prologue_only","3c0b39be657c84da9625d95ac1af1f9f941dbcc829f7ed6a147c098680f66869","3c0b39be657c84da9625d95ac1af1f9f941dbcc829f7ed6a147c098680f66869","ab541bd8eeb810089c71c866ebb4c47c29f9894d5d63a528a0d00f7eaff47ded","0x801C294C","structural"
"0x801d0348",,,"1","1","46","0","2","1","0","0","1","prologue_only","prologue_only","67acaed3f550f397faf354e3a486d315c4c5ce92ce7a67b20c70cab682ad6bf0","67acaed3f550f397faf354e3a486d315c4c5ce92ce7a67b20c70cab682ad6bf0","f8da55cf49fc96130ec7d68157b4b4d1e3897ddd97c6cfe9340751a565909d74",,
"0x801d0400",,,"1","1","79","0","6","1","0","0","1","prologue_only","prologue_only","f20ce513a63fb6c2f4a1f5e6ece182c9ea01a7e9b2feda2008c31ad1bb0d92f6","f20ce513a63fb6c2f4a1f5e6ece182c9ea01a7e9b2feda2008c31ad1bb0d92f6","cc5ca1108af61693e2ef232d0f43c17f569f68de35517768e77afc80ebd43ffe","0x801C2B40","structural"
"0x801d053c",,,"1","1","70","0","4","1","0","0","1","prologue_only","prologue_only","0f5fb9df742f9c4551e4e68598cd862dc7fec9a15c8b37a89c29a73402d335fb","0f5fb9df742f9c4551e4e68598cd862dc7fec9a15c8b37a89c29a73402d335fb","ea12d873e10e4f48098b2f685af2ddec19a808ddbb456c2842d5cc6c090ed050",,
"0x801d0654",,,"1","1","80","0","7","1","0","0","1","prologue_only","prologue_only","00e1e354233dddf16445c309120d63589449dca1b2f12f38dd9265e8983ef4c7","00e1e354233dddf16445c309120d63589449dca1b2f12f38dd9265e8983ef4c7","e33deb7b5c7506b404aa96c86b628970596f2d793bd70f47a78730c4460a2470",,
"0x801d0794",,,"1","1","70","0","4","1","0","0","1","prologue_only","prologue_only","c125889575196fbe4a58bec226adcf63bfb6c16fc31fac9bbd2b6461b643d39e","c125889575196fbe4a58bec226adcf63bfb6c16fc31fac9bbd2b6461b643d39e","ea12d873e10e4f48098b2f685af2ddec19a808ddbb456c2842d5cc6c090ed050",,
"0x801d08ac",,,"1","1","80","0","7","1","0","0","1","prologue_only","prologue_only","46c770fa9094285f7dde0564731cabbe112e980229a631b77897824c8c9454b5","46c770fa9094285f7dde0564731cabbe112e980229a631b77897824c8c9454b5","e33deb7b5c7506b404aa96c86b628970596f2d793bd70f47a78730c4460a2470",,
"0x801d09ec",,,"1","1","151","0","11","1","0","0","1","prologue_only","prologue_only","755b5905247064f700100fe6b52882f035189198ff56b1e48799354fff7e5e72","755b5905247064f700100fe6b52882f035189198ff56b1e48799354fff7e5e72","b038c5d1d4729c1a45b614b207432803e3820beb45de2dcbc4f3e492bd301709","0x801C312C","structural"
"0x801d0d78",,,"1","1","63","0","5","1","0","0","1","prologue_only","prologue_only","40be08e7cce53b19560e675a53cfe8d4a8b80b7bc3130c712ec9a7425e3dfdb2","40be08e7cce53b19560e675a53cfe8d4a8b80b7bc3130c712ec9a7425e3dfdb2","f12fff4cdab030f5ee78088f11455345c137db1f02a4b5e319beb39c16b26d8b","0x801C34B8","structural"
"0x801d0e74",,,"1","1","29","0","3","1","0","0","1","prologue_only","prologue_only","bd331613d2ca054c0a0dd91fdc9c2fa7ec2d6defdd06e6feef0803a53c4231bf","bd331613d2ca054c0a0dd91fdc9c2fa7ec2d6defdd06e6feef0803a53c4231bf","ff50fb9d3d6502d293c0ac0528b5d03dfe60d154c672e7c46d1fbb5105d5aa86","0x801C35B4","structural"
"0x801d0ee8",,,"1","1","45","0","5","1","0","0","1","prologue_only","prologue_only","90aeaeb28d9260f210bdc174200950913d944dafc3cd80ae18759b1f54d706d8","90aeaeb28d9260f210bdc174200950913d944dafc3cd80ae18759b1f54d706d8","52df2db406f81318620b89e544e02e75a40450dc845b9d3a282c9a35afb9bce1","0x801C3628","structural"
"0x801d0ff0",,,"1","1","43","0","2","1","0","0","1","prologue_only","prologue_only","540e7173423b6476f7d625cd4d2c8e119b1b842f89ba01001d45adcc51530d5b","540e7173423b6476f7d625cd4d2c8e119b1b842f89ba01001d45adcc51530d5b","9e982791e1a87a2b88198fb098f7f70d5876048ca08155f28bf0c35db45ce50b","0x801C3730","structural"
"0x801d10f8",,,"1","1","36","0","10","1","0","0","1","prologue_only","prologue_only","d41807d5f7bdb7793977a58f993826d7d17c36ea186e45fc12e16e8748515302","d41807d5f7bdb7793977a58f993826d7d17c36ea186e45fc12e16e8748515302","7db860de4e891c749c8e506769e2218921f936ef3f923f991eb74dd7d0e1e4fc","0x801C3838","structural"
"0x801d1188",,,"1","1","18","0","4","1","0","0","1","prologue_only","prologue_only","da3314a81fe86c431c7c282be1a41326751b83884776bd660fd3219833fc5775","da3314a81fe86c431c7c282be1a41326751b83884776bd660fd3219833fc5775","65d93320bfbf474a63ba119daf4c75166ba66f774e860056aa5db8c4bb2a3acc","0x801C38C8","structural"
"0x801d11e8",,,"1","1","29","0","1","1","0","0","1","prologue_only","prologue_only","23ad0da0a553eeb655ddd6c2fc7107d25c0db23bdab9314405ca97232471a5c1","23ad0da0a553eeb655ddd6c2fc7107d25c0db23bdab9314405ca97232471a5c1","fbc07e16e700e164ea8c3cd9df68ff48950340a5b3f1862f7a9e7572fc89c079","0x801C3928","structural"
"0x801d1264",,,"1","1","25","0","0","1","0","0","1","prologue_only","prologue_only","13fd659d2c7e90922c3ac9f9fe61a84d98b8446bf485d219fbfc04fec94ca315","13fd659d2c7e90922c3ac9f9fe61a84d98b8446bf485d219fbfc04fec94ca315","04e5436c68924ba2ce8c642cc2261ddf7bf39ad5ff869c4b0b7b5a76a3b72f54","0x801C39A4","structural"
"0x801d1380",,,"1","1","119","0","5","1","0","0","1","prologue_only","prologue_only","d107d292b5b26b1cd709fb394639d3286f3084f44446fbcb31aaa40f811eb6ba","d107d292b5b26b1cd709fb394639d3286f3084f44446fbcb31aaa40f811eb6ba","3e9983f966eaf0526e7bd43eeadf4bb14210cedc4b359a660ad634b25eba8444","0x801C3AC0","structural"
"0x801d155c",,,"1","1","45","0","3","1","0","0","1","prologue_only","prologue_only","faf6d8a1746eae7dc26a1a57addd7d275935febcf8625c333425708cfcfd0003","faf6d8a1746eae7dc26a1a57addd7d275935febcf8625c333425708cfcfd0003","54c5ba4fe4e665ab32b9376532c06b5cc33fd118cee065e853b7b2ca7947460d","0x801C3C9C","structural"
"0x801d1618",,,"1","1","64","0","1","1","0","0","1","prologue_only","prologue_only","d21fb743c93abf00470651dd9accded156f5b1c62d79127b987bd49961b57593","d21fb743c93abf00470651dd9accded156f5b1c62d79127b987bd49961b57593","5d95e68c28a63db3ace02da28d7f1d9df91004904069243c2cc3a9d1ffd3cb5f","0x801C3D58","structural"
"0x801d1718",,,"1","1","54","0","1","1","0","0","1","prologue_only","prologue_only","5dd3b57042cf512751e33b6a69042d04e2749298999e83b8402a6974d34d397d","5dd3b57042cf512751e33b6a69042d04e2749298999e83b8402a6974d34d397d","f5ac2a437ef6244df53f00b6e9c29d9f012f074566f69655ca21b07931714840",,
"0x801d17f0",,,"1","1","54","0","1","1","0","0","1","prologue_only","prologue_only","18c4323e1b454ca5053f922bd04413f14098e55db80e88029aeb76da8a96e988","18c4323e1b454ca5053f922bd04413f14098e55db80e88029aeb76da8a96e988","f5ac2a437ef6244df53f00b6e9c29d9f012f074566f69655ca21b07931714840",,
"0x801d1950",,,"1","1","13","0","2","1","0","0","1","prologue_only","prologue_only","8fe4821964dea1ef2834cb7c08c9286c1cdc6c9c2f9cbe8c5c2dcdc88a878162","8fe4821964dea1ef2834cb7c08c9286c1cdc6c9c2f9cbe8c5c2dcdc88a878162","4238caf3cf77ddd6cf7cfaa62f38b5cd5add246e5b916b9be93175a80922559c","0x801C4090","structural"
"0x801d19a0",,,"1","1","244","0","7","1","0","0","1","prologue_only","prologue_only","2668f2a295d55f9d081bcbccb7334fd382d20ca5e9a71c17b00136277c3b7276","2668f2a295d55f9d081bcbccb7334fd382d20ca5e9a71c17b00136277c3b7276","c3dcd5f94df7e6caa7525aab8b1502709540781ae4b605fa259785b20008e8be","0x801C40E0","structural"
"0x801d1d70",,,"1","1","429","0","11","1","0","0","1","prologue_only","prologue_only","421e38c7be370b10296473b5d3d74382276c40c9e7a6130736163bd297824a6b","421e38c7be370b10296473b5d3d74382276c40c9e7a6130736163bd297824a6b","ebaa4e304e04df4928780ac01c4132d33a82143e994dddfc480038129fe545d0","0x801C44B0","structural"
"0x801dfa70",,,"1","1","122","0","7","1","0","0","1","prologue_only","prologue_only","27c5a391dd9633757ff2cbb3f76eabbb8a64fcf792d0f0fbe15207c4bdfec0d9","27c5a391dd9633757ff2cbb3f76eabbb8a64fcf792d0f0fbe15207c4bdfec0d9","14f70fddcb1135daf03a96460bca867f67d90a2763db8d3b68223ce1cc88fa2f","0x801D3CA8","structural"
"0x801dfc60",,,"1","1","232","0","6","1","0","0","1","prologue_only","prologue_only","95708884008daab0ab9c89c074e945461c93e85de24a3ab8fec8fd5ddb10a32d","95708884008daab0ab9c89c074e945461c93e85de24a3ab8fec8fd5ddb10a32d","a98460d45f38cfc85602404677c3dff612b179ad0f5bf04c3cf8cffe09c1209c",,
"0x801e0008",,,"1","1","233","0","6","1","0","0","1","prologue_only","prologue_only","f6949c7669c1f1a253f678f77a5c16c7755a4aa9e0a3eae1b8f1f0f4d0eaeee1","f6949c7669c1f1a253f678f77a5c16c7755a4aa9e0a3eae1b8f1f0f4d0eaeee1","7896ae91ff45dee00269d7209854070919523acc379e7dbdbcc96b1c1d4bb768",,
"0x801e03ac",,,"1","1","127","0","7","1","0","0","1","prologue_only","prologue_only","3617797cc977885458dc9296fc5084149b440432d456058d05265e4ec58f9a82","3617797cc977885458dc9296fc5084149b440432d456058d05265e4ec58f9a82","2721966b92fdf1db88d808739cdc80344b657df5a3e2c904ddf9e85a90ec6f98","0x801D3E90","structural"
"0x801e05a8",,,"1","1","29","0","4","1","0","0","1","prologue_only","prologue_only","bcf1345d1ee9ceab545edcf7c9bcc10b4513fca98b37403feda44c04b176b912","bcf1345d1ee9ceab545edcf7c9bcc10b4513fca98b37403feda44c04b176b912","425629c6363ec9bdd72b3b68419cca958f373292bbacfb19b6c7ddcd48bc7991",,
"0x801e0948",,,"1","1","24","0","2","1","0","0","1","prologue_only","prologue_only","a175ae8bc53fb0e7501437c799f5aa1f7ac1f237385e4e81652f89f89dfe5d1d","a175ae8bc53fb0e7501437c799f5aa1f7ac1f237385e4e81652f89f89dfe5d1d","ecf45cc255416e760d71cdb90bc168143266b81ea7b519f7aa98dad80df8cc25","0x801D43F8","structural"
"0x801e09a8",,,"1","1","194","0","5","1","0","0","1","prologue_only","prologue_only","0c3b1bc2cedfffa62ef6055fa1e39b607396c6e47c571d21cdac0a8b67f46f23","0c3b1bc2cedfffa62ef6055fa1e39b607396c6e47c571d21cdac0a8b67f46f23","38ec55b5d3567f887fcf34b7e3fb6684a88b702bccd720f999c4fe1164c45900",,
"0x801e0cb0",,,"1","1","40","0","1","1","0","0","1","prologue_only","prologue_only","e68490af6615f8c8a0522045d837022d3f281ec6fdadf179948d0ebbd76e2e2f","e68490af6615f8c8a0522045d837022d3f281ec6fdadf179948d0ebbd76e2e2f","5b967c402af5076c1985d3b974b170b6ff916d081f74c002d1ed7df4d52bd129","0x801D4760","structural"
"0x801e0d58",,,"1","1","90","0","1","1","0","0","1","prologue_only","prologue_only","de7f72745e5ec5b75f212538ab79101224d8bcc79dce4e176f9eacf32917aa67","de7f72745e5ec5b75f212538ab79101224d8bcc79dce4e176f9eacf32917aa67","f9b166c115514fdbb831cdb882325dc9e37b5d9e26e0c6837147017b60a15d59",,
"0x801e0ec0",,,"1","1","28","0","1","1","0","0","1","prologue_only","prologue_only","b203111fc187c950df1325af5be0c3848a2742b6199db4b407fc4369c70674c2","b203111fc187c950df1325af5be0c3848a2742b6199db4b407fc4369c70674c2","5c1faa36e7d79a46289d03fd24dae3575127110cf3f944c99811e653908f4744","0x801D48EC","structural"
"0x801e0f38",,,"1","1","62","0","2","1","0","0","1","prologue_only","prologue_only","a94d1d14c84841702eca2bb27f5f114c10b3e4259dc7c4567dc0001c327bb47b","a94d1d14c84841702eca2bb27f5f114c10b3e4259dc7c4567dc0001c327bb47b","c933013ea46e841cfb56ce3504e647cdd79d24cd89de695082000db686a17313","0x801D4964","structural"
"0x801e1030",,,"1","1","34","0","1","1","0","0","1","prologue_only","prologue_only","2dd8a8e754cf43ef3060658666e1c56c7cbebfc551b4ff2592ee3377d7374277","2dd8a8e754cf43ef3060658666e1c56c7cbebfc551b4ff2592ee3377d7374277","c507b1b1247b9864c0171e9e6db925f3fb54200a929dc5c6d52175a715ee60e4","0x801D4A5C","structural"
"0x801e114c",,,"1","1","209","0","18","1","0","0","1","prologue_only","prologue_only","d768489c2ca64b0c675280ac03555b829cd0d88acc44b26ac0be3cd0a53c5814","d768489c2ca64b0c675280ac03555b829cd0d88acc44b26ac0be3cd0a53c5814","e86274fbc82920a20b83e4995c90b63c93ab5f256425c139fabf57bb354eb027",,
"0x801e1490",,,"1","1","36","0","7","1","0","0","1","prologue_only","prologue_only","ca475e69beeade04d09f150d18dd3b3affaa4e5aa8512bd6123cb3a00d894496","ca475e69beeade04d09f150d18dd3b3affaa4e5aa8512bd6123cb3a00d894496","9152c6b8c344e8d31d751a726767a245dbb37368cf1d01e9fe4ebe0432d14c70",,
"0x801e1528",,,"1","1","40","0","4","1","0","0","1","prologue_only","prologue_only","e08d3162f3de8d8738aee1c178d7d58b323324484926666db941e29642f433d4","e08d3162f3de8d8738aee1c178d7d58b323324484926666db941e29642f433d4","c40f8098cf7e22cf5372bda13b46c3cac18f63419f5e44a3a6d32d50b5020566","0x801D4F44","structural"
"0x801e1634",,,"1","1","30","0","0","1","0","0","1","prologue_only","prologue_only","dbf0cd267211b4d8e79f5af2778d98361d30846473616ab1f7cd29984dc8e1b4","dbf0cd267211b4d8e79f5af2778d98361d30846473616ab1f7cd29984dc8e1b4","9003e7f984fa25095dbc888e9247dab729d5614a914ff1f3441daaf45c610aca","0x801D5050","structural"
"0x801e1748",,,"1","1","39","0","2","1","0","0","1","prologue_only","prologue_only","616675306644b68e81b2d4c5a18256c02414c13b974bddbb87f7e17b3402a371","616675306644b68e81b2d4c5a18256c02414c13b974bddbb87f7e17b3402a371","fa6660e719586c231622df4bb494e6ca09d4d67b4b074b4eb87a8574ba1ebf8e","0x801D5164","structural"
"0x801e17e4",,,"1","1","108","0","6","1","0","0","1","prologue_only","prologue_only","178a087cc1fa3616ee8b8d34c8e63344619d0626c87a6cc155a82474199e1c3d","178a087cc1fa3616ee8b8d34c8e63344619d0626c87a6cc155a82474199e1c3d","9fc26b9e47be22586c0c79d985e1790aa8012be56841bb7c957ab253556463fc","0x801D5200","structural"
"0x801e199c",,,"1","1","49","0","4","1","0","0","1","prologue_only","prologue_only","8eeb7e842cf6c3239d41c6349f13f97cd4ce346a21483e8f22473cc6488b2eab","8eeb7e842cf6c3239d41c6349f13f97cd4ce346a21483e8f22473cc6488b2eab","083513b7bdc84b07ca55485f0deec6a202a849263d5b269f5a9653d2408d09c3","0x801D53B8","structural"
"0x801e1a60",,,"1","1","12","0","1","1","0","0","1","prologue_only","prologue_only","3fe4ca7fdb0be6cdb45d5be6e82733bf367d4ff108575613400446e7205b8297","3fe4ca7fdb0be6cdb45d5be6e82733bf367d4ff108575613400446e7205b8297","6de2e27e24dcc80b8ec137bd8262947100606dff79136f42d12fd13b7ca2e261",,
"0x801e1a90",,,"1","1","12","0","1","1","0","0","1","prologue_only","prologue_only","17aab98c3b92d589810d15f6efeb2d2ebe2b20738fb26d845c8eb4809ed61176","17aab98c3b92d589810d15f6efeb2d2ebe2b20738fb26d845c8eb4809ed61176","6de2e27e24dcc80b8ec137bd8262947100606dff79136f42d12fd13b7ca2e261",,
"0x801e1ac0",,,"1","1","18","0","3","1","0","0","1","prologue_only","prologue_only","6651d1826d9e2716965d935e49d0539160363b96c22a28586436f833ff1ac2a6","6651d1826d9e2716965d935e49d0539160363b96c22a28586436f833ff1ac2a6","6db9e521c20dd31f69cd86eb8563b16ed1a8b98e472f585a59c8c511f24000be","0x801D54DC","structural"
"0x801e1b08",,,"1","1","189","0","4","1","0","0","1","prologue_only","prologue_only","48c49a9dfe84f83b14d78492c788c514ec58f85eb8d06de0a38d6a77cdf1b40b","48c49a9dfe84f83b14d78492c788c514ec58f85eb8d06de0a38d6a77cdf1b40b","78d1651b2c5c805220657c1d198c722805411f37435a7ed475842629d32e81ff","0x801D5524","structural"
"0x801e1dfc",,,"1","1","132","0","4","1","0","0","1","prologue_only","prologue_only","e654e54970dcf04e4aa2b57f7121254b6fbc575055c02b6e45ba60c18eda7586","e654e54970dcf04e4aa2b57f7121254b6fbc575055c02b6e45ba60c18eda7586","e3c7b618bafd272151a16aded9cda450caf2fd5a65a4d29c484a362996f1d16e",,
"0x801e200c",,,"1","1","60","0","1","1","0","0","1","prologue_only","prologue_only","f065025ff4cd0810c4ffae47d3c238d4ea88e288023746fdfa2a566bb958ad08","f065025ff4cd0810c4ffae47d3c238d4ea88e288023746fdfa2a566bb958ad08","6e422e23435cfe8f219031fdae85ffc5d626cc8bdd4ccb5f9a1bed3b5c60d8b5","0x801D5A80","structural"
"0x801e20fc",,,"1","1","199","0","5","1","0","0","1","prologue_only","prologue_only","116852f70db105375a5590383c1e18a42b3a1e49135c3b02a3b327c4ebe96d29","116852f70db105375a5590383c1e18a42b3a1e49135c3b02a3b327c4ebe96d29","b3a7dcb899758d516953f0f811590782b861a316de2bd93cd97a8d2838e4490c",,
"0x801e2420",,,"1","1","41","0","6","1","0","0","1","prologue_only","prologue_only","b0949b991deafd60dd49be1ff665c98f2f86d6184cb39dec62cae3fec78e6192","b0949b991deafd60dd49be1ff665c98f2f86d6184cb39dec62cae3fec78e6192","b203a2ee0741c192abacab99e9d608a009ecc55b10ec886fd8ab037d2b9fee66",,
"0x801e24c4",,,"1","1","61","0","1","1","0","0","1","prologue_only","prologue_only","b29f69d7ac7b636368061931f565f3139bd653bd9e7c2fc4b8a90697254c38e3","b29f69d7ac7b636368061931f565f3139bd653bd9e7c2fc4b8a90697254c38e3","00f031d0fd094a48a26dfffc76a1d940e874acad0a68890886f362022f82d387","0x801D5C34","structural"
"0x801e25b8",,,"1","1","14","0","3","1","0","0","1","prologue_only","prologue_only","dc8040f67a3a921a75bc059453efca586c806e7832080055ee0ab91f08bf6525","dc8040f67a3a921a75bc059453efca586c806e7832080055ee0ab91f08bf6525","2920c8aafffcac48ef7c7f95b63ff255ed54ddf73724938d55f3af4bdf4da29a","0x801D5D28","structural"
"0x801e25f0",,,"1","1","51","0","2","1","0","0","1","prologue_only","prologue_only","45fce577d2d369099b06a663dc7481f5c4779ef685dc8d0610503bc5ae79ef49","45fce577d2d369099b06a663dc7481f5c4779ef685dc8d0610503bc5ae79ef49","7127d390f4dc91639822047dd3a825536d3e4a36211a89bb5a165a32127c9114","0x801D5D60","structural"
"0x801e26bc",,,"1","1","67","0","1","1","0","0","1","prologue_only","prologue_only","b452f76d5fbe84931f4a375c0ecf1c6cf8a4f05a197dd2ab502280432965bb11","b452f76d5fbe84931f4a375c0ecf1c6cf8a4f05a197dd2ab502280432965bb11","366d8f6a39e06dcec42b9e6e0ecdf36b9c08118257d4bac65cd5926e718c10eb","0x801D5E2C","structural"
"0x801e27c8",,,"1","1","18","0","2","1","0","0","1","prologue_only","prologue_only","a8cbe29e76ce008e3cf3ee2b32e650bd181dbf73ce0a430f4d4f6a7ae9d88a82","a8cbe29e76ce008e3cf3ee2b32e650bd181dbf73ce0a430f4d4f6a7ae9d88a82","7462295cee7433a6e08e476e6471d5827268a8cd6528f2c19d7442c1c84c9ef3","0x801D5F38","structural"
"0x801e2810",,,"1","1","48","0","6","1","0","0","1","prologue_only","prologue_only","fe78778efd7365b6e76d3b688f56a04c92e4578886637c5fe532d7a41140eac6","fe78778efd7365b6e76d3b688f56a04c92e4578886637c5fe532d7a41140eac6","5534453aa049a14081b02dd2c03378d08e0e107a99c19a857d8ea93ab2d37f17","0x801D5F80","structural"
"0x801e28d0",,,"1","1","23","0","4","1","0","0","1","prologue_only","prologue_only","03d624880d2ebfffb45c8669a95b15714e2c86c04b7fc08558437cab28c49f9e","03d624880d2ebfffb45c8669a95b15714e2c86c04b7fc08558437cab28c49f9e","ca4b5ffbf77c901fcb3f3cd0cfb92234a852bfe757d8206bec7bf1c4d58f1ebc","0x801D6040","structural"
"0x801e292c",,,"1","1","97","0","11","1","0","0","1","prologue_only","prologue_only","3cb054392d1fb9e54e0be76efe367e3cbc2d545edf654f8c924c5501835ab0f7","3cb054392d1fb9e54e0be76efe367e3cbc2d545edf654f8c924c5501835ab0f7","62f403b2d89d95b98b939ddb50c17082fc155c3c8ac1ce4893b2e76c6fb01a8c",,
"0x801e2ab0",,,"1","1","164","0","4","1","0","0","1","prologue_only","prologue_only","ca0f8862882f3a29ff98479f504471f7a0165a5fbabfff3084ae52421e3be7b8","ca0f8862882f3a29ff98479f504471f7a0165a5fbabfff3084ae52421e3be7b8","e042d47624ebd5b8e1270f83b294d716d016bf56b925cbc27b601d0e2cefc559","0x801D6250","structural"
"0x801e2d40",,,"1","1","96","0","7","1","0","0","1","prologue_only","prologue_only","6f9cc8dd45d26d68c92ad2624ee763cfd534103c96b8d85309a91c4a7c06aa3b","6f9cc8dd45d26d68c92ad2624ee763cfd534103c96b8d85309a91c4a7c06aa3b","66121bef3e0774a89c5a48d2523e35dc241b99336d892a65d9a5ae18416ea62a","0x801D64E0","structural"
"0x801e2ec0",,,"1","1","27","0","2","1","0","0","1","prologue_only","prologue_only","3b0469835f866d75423afa6cb1a0a8db1ceaaac04c4e80cdf01b6efd2eec69cc","3b0469835f866d75423afa6cb1a0a8db1ceaaac04c4e80cdf01b6efd2eec69cc","4d7e446197b75080c7ebf2f524cd824bb57cf4f551cd3e51137112dd8d32db3b","0x801D6660","structural"
"0x801e2f2c",,,"1","1","122","0","6","1","0","0","1","prologue_only","prologue_only","4a5d2505a309d81bf29c65c15b06cfd4bac4d1b9a3bdcfa42d7f2d87d3388f5a","4a5d2505a309d81bf29c65c15b06cfd4bac4d1b9a3bdcfa42d7f2d87d3388f5a","3bba311bdaf136dcbc494b0861d7ec7802ac509a2e90da5d7c7bcb910f683a29","0x801D66CC","structural"
"0x801e3114",,,"1","1","197","0","9","1","0","0","1","prologue_only","prologue_only","72a87b9094a95f53c6c355eac789a69a2360864e07a58d4101128082be6ac81d","72a87b9094a95f53c6c355eac789a69a2360864e07a58d4101128082be6ac81d","f09cdc343e4c99947e5bf662f7b16717b4627df51ed183fb062759eb5ee04a80","0x801D68B4","structural"
"0x801e3428",,,"1","1","151","0","5","1","0","0","1","prologue_only","prologue_only","7d9b49dbc16fa18bd26efaf7754a99d7315a8796d9a08b41a9299f0e0b41aa4b","7d9b49dbc16fa18bd26efaf7754a99d7315a8796d9a08b41a9299f0e0b41aa4b","55a1690fb07b0389b0ec725a612cdad76f800e749160c3f67f00364a5a764167",,
"0x801e3684",,,"1","1","29","0","2","1","0","0","1","prologue_only","prologue_only","2cbaf77a6dd8761cdc025fae4a751c503b5268d8b8d3f56912f6ced2b20f4204","2cbaf77a6dd8761cdc025fae4a751c503b5268d8b8d3f56912f6ced2b20f4204","312a94ce0e81313b2acab0b80e869b0283df8827fd5794172af046496edf9f9e","0x801D6E58","structural"
"0x801e36f8",,,"1","1","10","0","2","1","0","0","1","prologue_only","prologue_only","78e02e68242a1b4746576e073f13ba8f5268e626f4767d17fc96103c222838cd","78e02e68242a1b4746576e073f13ba8f5268e626f4767d17fc96103c222838cd","2d6c54da55f98ec20398d4eef76a82eb86d7271c6052529d033235517fcfa9fa",,
"0x801e3720",,,"1","1","44","0","3","1","0","0","1","prologue_only","prologue_only","a0dd6fa708c753cd3f6afbcbf0c35543274fb8988ae2942d892139b99fa282a9","a0dd6fa708c753cd3f6afbcbf0c35543274fb8988ae2942d892139b99fa282a9","233941f0ff89acf89669994ec54ba5cb525d7ac0c72c30a57baac89841348838","0x801D6EF4","structural"
"0x801e37d0",,,"1","1","11","0","1","1","0","0","1","prologue_only","prologue_only","e07f9aa08e6f291f354d479ac19b14cbf2abd4665858c50058a3b1e7dc437cab","e07f9aa08e6f291f354d479ac19b14cbf2abd4665858c50058a3b1e7dc437cab","79009479a3bd7d6d91dd42c27322db4360c5ea0c614b2026be82dfe3db471221","0x801D6FA4","structural"
"0x801e3804",,,"1","1","73","0","10","1","0","0","1","prologue_only","prologue_only","09d0339e0de7606d039dc9d637410a50e8da6d1482c87e2a10797981612bc215","09d0339e0de7606d039dc9d637410a50e8da6d1482c87e2a10797981612bc215","2ceef2a13dcf3d9dda7569cf76528a13d08ae514f009284a8dc320289ee6e879","0x801D6FD8","structural"
"0x801e3928",,,"1","1","31","0","2","1","0","0","1","prologue_only","prologue_only","404a488c697e0c6c9e9c6578deee6977a7fbc5549d52ad2becd809d0f5b351b0","404a488c697e0c6c9e9c6578deee6977a7fbc5549d52ad2becd809d0f5b351b0","2713e91b3d5770fd590ec3380a4e703fb1296b281406bb3fdbbf2808089ce9b4","0x801D70FC","structural"
"0x801e39a4",,,"1","1","99","0","8","1","0","0","1","prologue_only","prologue_only","b0f0fd5a3b8e3af8f23a037f71b9ca84bafdb47aeda968fbd597c9b521970241","b0f0fd5a3b8e3af8f23a037f71b9ca84bafdb47aeda968fbd597c9b521970241","2ffe19edc7b9b8f88c06e488f2343d62508039563c2d5bbcfefa5c3255e7a71d","0x801D7178","structural"
"0x801e3b40",,,"1","1","81","0","4","1","0","0","1","prologue_only","prologue_only","405ed7aeee541ed4e963eadcbfba44e82470f6e45b5097de94e21223f09f9db3","405ed7aeee541ed4e963eadcbfba44e82470f6e45b5097de94e21223f09f9db3","f50a5f9c757e42d1f5364cf2a762da68195ab77c2f16072c1b1a925d1e3a272d",,
"0x801e3c84",,,"1","1","9","0","1","1","0","0","1","prologue_only","prologue_only","ae732ff67297470b1b3af817b8e6d28718248d64ab95df35f910d5b6da179634","ae732ff67297470b1b3af817b8e6d28718248d64ab95df35f910d5b6da179634","8ed1bda2b36bafd277c200a353e9c64d85b574b4217ccac7a345591ce405306d","0x801D7454","structural"
"0x801e3ca8",,,"1","1","92","0","5","1","0","0","1","prologue_only","prologue_only","827ab9eaa865e87d3cf7efc6c3d66c9ed8e1074908e793e2eef6d23b0b082401","827ab9eaa865e87d3cf7efc6c3d66c9ed8e1074908e793e2eef6d23b0b082401","e1f0c1ebbf5dd880046bbebd9e39d337c6367847a38dabf630d9bfe99b561545","0x801D7478","structural"
"0x801e3e18",,,"1","1","8","0","1","1","0","0","1","prologue_only","prologue_only","0d5b4ee0e71cee03e54d99f4294b7c4a0163dbf68889ae43a009bd35579bf25d","0d5b4ee0e71cee03e54d99f4294b7c4a0163dbf68889ae43a009bd35579bf25d","43f20be7a8d281c6a1e9bdbb1b33099e779f9a54882e73221fbab3a24c6958ad",,
"0x801e3e38",,,"1","1","74","0","6","1","0","0","1","prologue_only","prologue_only","013a0e87fa868ecf3f794da3d4ab3f54e7fc388ae74dcee15d87aa1121973395","013a0e87fa868ecf3f794da3d4ab3f54e7fc388ae74dcee15d87aa1121973395","195752f003b77aa9a6b833511139d2f16dd001609fb59cd238988ea0f643f5e3","0x801D7608","structural"
"0x801e3f60",,,"1","1","16","0","2","1","0","0","1","prologue_only","prologue_only","4692afacf5ecce2eb9eefd7abb76339e5c6b8ce936e048666564c69518e1a2d7","4692afacf5ecce2eb9eefd7abb76339e5c6b8ce936e048666564c69518e1a2d7","a8a6e68a09953c3fd412a5caddde2481d306ade7f898e7dd12ee1001a7f83223","0x801D7730","structural"
"0x801e3fa0",,,"1","1","130","0","12","1","0","0","1","prologue_only","prologue_only","2ff981203a5c828cdc844d2db19c8b2672cea0a60018b476b191bcebe0b610b3","2ff981203a5c828cdc844d2db19c8b2672cea0a60018b476b191bcebe0b610b3","fea7e2d20b2486f2ecaa158dd06900af73c1b1441df0a6e4f3c3c6476221655f",,
"0x801e41a8",,,"1","1","8","0","1","1","0","0","1","prologue_only","prologue_only","0d5b4ee0e71cee03e54d99f4294b7c4a0163dbf68889ae43a009bd35579bf25d","0d5b4ee0e71cee03e54d99f4294b7c4a0163dbf68889ae43a009bd35579bf25d","43f20be7a8d281c6a1e9bdbb1b33099e779f9a54882e73221fbab3a24c6958ad",,
"0x801e41c8",,,"1","1","48","0","1","1","0","0","1","prologue_only","prologue_only","00cb39c142ba7c526cddc339b025f3ad9db1d91cb55ace060ef4eaa4015a1320","00cb39c142ba7c526cddc339b025f3ad9db1d91cb55ace060ef4eaa4015a1320","2198568862866952e5fb36a51dacbcbf0157b8602a43b3f460f7ebd2ff1198e9","0x801D79A4","structural"
"0x801e4288",,,"1","1","59","0","2","1","0","0","1","prologue_only","prologue_only","3fbf854321b2310fbb5d7026a6287acf834a03485a7960ed185cd11a4058e078","3fbf854321b2310fbb5d7026a6287acf834a03485a7960ed185cd11a4058e078","6320b7f19cb346000464cac5bcc6034ace8a333add2e7378859d5a879dd70d32","0x801D7A64","structural"
"0x801e437c",,,"1","1","62","0","2","1","0","0","1","prologue_only","prologue_only","66cdac97fe6d21810bb11357cdd518ab7dde5ef53940d92bf313c718e29142f7","66cdac97fe6d21810bb11357cdd518ab7dde5ef53940d92bf313c718e29142f7","8b82813cb708d1dbba8e6ece17c97f0da758a7aa3833e5405492b9b97af5495f","0x801D7B58","structural"
"0x801e4474",,,"1","1","61","0","2","1","0","0","1","prologue_only","prologue_only","ac9845f12a4f46b135f7813a582fb70124d2fc1526db3998ffe29c0b34b9d5d1","ac9845f12a4f46b135f7813a582fb70124d2fc1526db3998ffe29c0b34b9d5d1","1af5e1a624c5a9cbec0d5fe67f5d718458747155925d2dba7d3160b3b3ca2c6e","0x801D7C50","structural"
"0x801e4568",,,"1","1","135","0","3","1","0","0","1","prologue_only","prologue_only","8e1f8ae021fd4ed851edb815d618ff664847ee26aae9179532a065976e2eb741","8e1f8ae021fd4ed851edb815d618ff664847ee26aae9179532a065976e2eb741","70dcdd6e6eb4712ce3fce62b75331524a5db71cc4da003c5a1ddf82ff8bde24c","0x801D7D44","structural"
"0x801e478c",,,"1","1","24","0","1","1","0","0","1","prologue_only","prologue_only","55f36b4c8c10f755a7ec78a33caf0e92e645da2bbb0271ebb8a37320e82adcbf","55f36b4c8c10f755a7ec78a33caf0e92e645da2bbb0271ebb8a37320e82adcbf","06c33fbc1b3f677f4a61ff755d1717eba880fd8886d86fcba71551802310e639","0x801D7F68","structural"
"0x801e47f4",,,"1","1","150","0","3","1","0","0","1","prologue_only","prologue_only","39042a7bdc76637e8341add50f28c255a50376cb0a7df81d8c473a1752e4bcc0","39042a7bdc76637e8341add50f28c255a50376cb0a7df81d8c473a1752e4bcc0","75f49720ba021397a1296ad1fef63539082a40ce1e32d9c761352ba5aecaadd6","0x801D7FD0","structural"
"0x801e4a94",,,"1","1","53","0","5","1","0","0","1","prologue_only","prologue_only","b59fd2bc5be048f3c5bff638656aecfa70c6ee04a1ec65f12abae654358ba5d4","b59fd2bc5be048f3c5bff638656aecfa70c6ee04a1ec65f12abae654358ba5d4","827a0a4b5ffc372c588032748b71dd31df1410b622a81f189caed40553094daf","0x801D8270","structural"
"0x801e4b68",,,"1","1","247","0","9","1","0","0","1","prologue_only","prologue_only","02f6c19c7468486903bbffd33dec6b2ed0863c7f38d26e0167e8b9c1b612c09b","02f6c19c7468486903bbffd33dec6b2ed0863c7f38d26e0167e8b9c1b612c09b","d80cd4b8603f76dbc03e5f61cb50d7627fb30732dbe43dd56586f6578b54d1f7",,
"0x801e4f44",,,"1","1","331","0","11","1","0","0","1","prologue_only","prologue_only","72e0649881e50f6b41891d288f4aca1376ffb23bf7214eb91405415d85ce715b","72e0649881e50f6b41891d288f4aca1376ffb23bf7214eb91405415d85ce715b","048754ecab08f333f27a760fd6e0223fe4af19624a25b37fac73888fc6c2cfa2",,
"0x801e5470",,,"1","1","69","0","6","1","0","0","1","prologue_only","prologue_only","285bbe7c7a98e5eb3bcd7b23e6ac9953102d19b9c8d881486b364862466ec97c","285bbe7c7a98e5eb3bcd7b23e6ac9953102d19b9c8d881486b364862466ec97c","c35f3deeab417dbde0c6365d3de079037f83733bb2b7a4b2d9b7f713da5642c3",,
"0x801e5584",,,"1","1","80","0","5","1","0","0","1","prologue_only","prologue_only","4b61fd7968c034c87734364dd1dd113d6811fda1b40a3f8348419141102ca526","4b61fd7968c034c87734364dd1dd113d6811fda1b40a3f8348419141102ca526","22493807708dfe46e00167f78bd656d11d61baab5d23a6aeaa04142fba19e8e7","0x801D8470","structural"
"0x801e56c4",,,"1","1","11","0","1","1","0","0","1","prologue_only","prologue_only","8b00f6c72073d054649de088f0ab311ce12f593682ead1bdf77d5941889ecdd0","8b00f6c72073d054649de088f0ab311ce12f593682ead1bdf77d5941889ecdd0","d41c7761edaebd423907b69b1e5e009ae455fea25f978b1ecec92fa595e00065","0x801D85B0","structural"
"0x801e56f8",,,"1","1","28","0","3","1","0","0","1","prologue_only","prologue_only","823f37938becb8822b6ef9db146d99504f1bad594f505fba2fcf566433440fb4","823f37938becb8822b6ef9db146d99504f1bad594f505fba2fcf566433440fb4","26a38d260cc2e9bb03a4c65071dba580b74528411788b2a30536ef17c0c03cbe","0x801D85E4","structural"
"0x801e5784",,,"1","1","49","0","1","1","0","0","1","prologue_only","prologue_only","cf8b72a4bb5700d45c29d5e73837917c748bd64b64b7767db437e5c4406b1b48","cf8b72a4bb5700d45c29d5e73837917c748bd64b64b7767db437e5c4406b1b48","9e2b7ed47b9a1eba4671aa6a8073362af7c7e37c6a6acbce0f1f4b494f583980","0x801D8670","structural"
"0x801e5850",,,"1","1","36","0","4","1","0","0","1","prologue_only","prologue_only","d76ba7889d6d9efc66f191254ddf912e46326b688a5bdfecd7018a0efb6e04d1","d76ba7889d6d9efc66f191254ddf912e46326b688a5bdfecd7018a0efb6e04d1","44435a031020a2fa718c07ede7c0426494b9dd93de5d17c7b638967c7a3cab7b",,
"0x801e58e8",,,"1","1","24","0","1","1","0","0","1","prologue_only","prologue_only","e32af3c7466313b73d8122cd01f56d18bad3ea43e84c7230c877a21f826edc99","e32af3c7466313b73d8122cd01f56d18bad3ea43e84c7230c877a21f826edc99","f95d62f2759dbe20edf6a82318c3c0754ee0759a85f5b3f2a134cac06cd53c99","0x801D87A8","structural"
"0x801e5948",,,"1","1","151","0","1","1","0","0","1","prologue_only","prologue_only","24e9cc5e1c3b11d76641878a263786df5d6cd2971236fe3e83a165c57173f337","24e9cc5e1c3b11d76641878a263786df5d6cd2971236fe3e83a165c57173f337","c8ca6ea06a1ea02d451ae50a3002785a2257b67c4bfb1568f61d7dc8e539eb19","0x801D8808","structural"
"0x801e5bac",,,"1","1","9","0","1","1","0","0","1","prologue_only","prologue_only","d8e2f23a0a0d33e134d4cd4a47ede204042595ba965b130e938f6f5d13d2cbe4","d8e2f23a0a0d33e134d4cd4a47ede204042595ba965b130e938f6f5d13d2cbe4","56c92ad22b68156f1c58b987c73c8e0a0210de5f42fc0aec2bfe2f514d2d84bc",,
"0x801e5be0",,,"1","1","101","0","1","1","0","0","1","prologue_only","prologue_only","1b5b4c7750801bacb6a97ccaca20a65b9cc0bc9b70869a4dd7af5446217a83cd","1b5b4c7750801bacb6a97ccaca20a65b9cc0bc9b70869a4dd7af5446217a83cd","02fe439e98b3c3e8b41358acb3bcea5855f22d421d3e4d0b908bad38a28e601a","0x801D8AA0","structural"
"0x801e5d74",,,"1","1","40","0","3","1","0","0","1","prologue_only","prologue_only","9dd32cc559813ca7f5ff8528c5fce17f8febbe635db0c73a7a26355174f070bd","9dd32cc559813ca7f5ff8528c5fce17f8febbe635db0c73a7a26355174f070bd","44ea7621642fcf55aa35bb315bcb69fcd66fa557c90d6642bee0982c7d25cf11",,
"0x801e5e1c",,,"1","1","9","0","1","1","0","0","1","prologue_only","prologue_only","59d429eb95a58fec5d69844a7d51ec40cb69ef175d21b685479688803ec50df2","59d429eb95a58fec5d69844a7d51ec40cb69ef175d21b685479688803ec50df2","56c92ad22b68156f1c58b987c73c8e0a0210de5f42fc0aec2bfe2f514d2d84bc",,
"0x801e5e40",,,"1","1","97","0","3","1","0","0","1","prologue_only","prologue_only","5d10fd34b020e77145dfb17c7354ce264948d2e588ac90be56a8c6ba7282f354","5d10fd34b020e77145dfb17c7354ce264948d2e588ac90be56a8c6ba7282f354","d19d748507a51529896d71abd3dffc59eba3cfda0aa7900b503ce84ab33b201e",,
"0x801e5fc4",,,"1","1","121","0","2","1","0","0","1","prologue_only","prologue_only","9184f9acb92ca9e7b0942da4105434593a32e2d0a2f2efaf4d91756a103fd839","9184f9acb92ca9e7b0942da4105434593a32e2d0a2f2efaf4d91756a103fd839","113bb8a130b6e47678450fa9f70901b2aca724c97129f0e02c013af6127d667a",,
"0x801e61b8",,,"1","1","18","0","1","1","0","0","1","prologue_only","prologue_only","c4d80a722ea26290fa0fa7167b7832046cb96e52f33f60e2ab9a00d1891a465e","c4d80a722ea26290fa0fa7167b7832046cb96e52f33f60e2ab9a00d1891a465e","a41444f0a5227403ae8c21686010ba210101a0de919f69b403120373da3efab8","0x801D8CE8","structural"
"0x801e6208",,,"1","1","31","0","5","1","0","0","1","prologue_only","prologue_only","24a90470c52824433b755be1a03c9536781b848447fb1d5feadbeedeba7aa191","24a90470c52824433b755be1a03c9536781b848447fb1d5feadbeedeba7aa191","7c417a2b868be920329a17f2ff91528ea05e6fc2b5c56254e808eb89107c4b1b",,
"0x801e6284",,,"1","1","9","0","1","1","0","0","1","prologue_only","prologue_only","593b38e1330a02a5df6b1ac70e8ff9ca46a2c06935759ff09564a158631f9ca5","593b38e1330a02a5df6b1ac70e8ff9ca46a2c06935759ff09564a158631f9ca5","ec3afb2e8abc8b427fc3ffc09ba3c568504a8ecf7c353689fcf394b284c67405","0x801D8D38","structural"
"0x801e62a8",,,"1","1","74","0","3","1","0","0","1","prologue_only","prologue_only","3bd578af4c9030edde6315f52c87fb9d4996ef8f575f725db40c3ed87c8d38e3","3bd578af4c9030edde6315f52c87fb9d4996ef8f575f725db40c3ed87c8d38e3","e930ca42d1b8fafb0d08545b436b9a97ccbe3f1e70b3080f23d3eb74821bf416",,
"0x801e63d8",,,"1","1","36","0","1","1","0","0","1","prologue_only","prologue_only","70aa728438630d38bdc9344f5649c1f63ddfbeaf9b1f218aa7de7fcf8f962c4f","70aa728438630d38bdc9344f5649c1f63ddfbeaf9b1f218aa7de7fcf8f962c4f","bef30798e8e6144d218db6bf24ecb1733a80d10acecac51220d85ac1bb22dd52","0x801D8D64","structural"
"0x801e6468",,,"1","1","230","0","6","1","0","0","1","prologue_only","prologue_only","05e8b614cbc033f6827cc8c2f12f33434f424a910ac03417d394bcd08484a33f","05e8b614cbc033f6827cc8c2f12f33434f424a910ac03417d394bcd08484a33f","2311db5b30def8deef2dafeee6e35347d2276c4602360569cec469fdabd804d5",,
"0x801e6810",,,"1","1","186","0","5","1","0","0","1","prologue_only","prologue_only","7b50eb6eff2f7039fbcf776d8c559d9fd3aa592002d06cbf35bda5332aca8732","7b50eb6eff2f7039fbcf776d8c559d9fd3aa592002d06cbf35bda5332aca8732","73f52a5fe18a6453af9ce8727006d08d924e16759aab186bc06f3f6b3c02b7b5",,
"0x801e6af8",,,"1","1","37","0","3","1","0","0","1","prologue_only","prologue_only","331731eca6344322f6cfcbf223595d0f261df4e4ba6cb1b1be14e58fcf826330","331731eca6344322f6cfcbf223595d0f261df4e4ba6cb1b1be14e58fcf826330","593977b7dffe512a1f4d7f4dfeb2bd568108ede134cec5f42c990d0dfbc9428e","0x801D92AC","structural"
"0x801e6b8c",,,"1","1","414","0","6","1","0","0","1","prologue_only","prologue_only","2eca4fd2f01bcd6d5bca2d28e8400fb23e24e82bf6a0cb2ea1190675f130ee26","2eca4fd2f01bcd6d5bca2d28e8400fb23e24e82bf6a0cb2ea1190675f130ee26","c8ac9d80da3e1b7def0d74365437e9ef471b275dd88c4a39f70be5493ae208f5",,
"0x801e7204",,,"1","1","283","0","5","1","0","0","1","prologue_only","prologue_only","5a49780f12f43cc3da86448779f09baea27dbae88a55ab97cf6b73041a6b6440","5a49780f12f43cc3da86448779f09baea27dbae88a55ab97cf6b73041a6b6440","b6f07b07d3e79f31c9d129b0379ead9edc76d975c44f03168ccdcbd53ee6df62",,
"0x801e7670",,,"1","1","61","0","3","1","0","0","1","prologue_only","prologue_only","d412415896e1a2b8d45c1a95a407cf0d5bbd5465cd0b1b76b62e799762531462","d412415896e1a2b8d45c1a95a407cf0d5bbd5465cd0b1b76b62e799762531462","7e02bdfce9332dcf0c8bbee81d1693904e61663fd7316f0f37faa14fb0d0ee58",,
"0x801e7764",,,"1","1","140","0","11","1","0","0","1","prologue_only","prologue_only","9ea892c606adf82143fed665841267d67956f4db9ad895b2ba5b1cc924f1220e","9ea892c606adf82143fed665841267d67956f4db9ad895b2ba5b1cc924f1220e","3022e0f7ccef8dd6dffe5abb226c7ff23da0d78ba69bec8bfd5cf0961fb25c4f",,
"0x801e7994",,,"1","1","27","0","4","1","0","0","1","prologue_only","prologue_only","3d74143c0107e76cf0d888036cce7cbc03e727c583aa37f6490513b5c722f268","3d74143c0107e76cf0d888036cce7cbc03e727c583aa37f6490513b5c722f268","33f76ecdaec01302b84df666eb2ded320b9bfdbfb4a4553c237ad1316691e163","0x801D9B70","structural"
"0x801e7a00",,,"1","1","362","0","7","1","0","0","1","prologue_only","prologue_only","33a1e5f21e08adc8ce4d3c82cbec82aefb2b4651a5c3999765c319fee3e9adb0","33a1e5f21e08adc8ce4d3c82cbec82aefb2b4651a5c3999765c319fee3e9adb0","abece031b69659be584b3103dc91ee1fc66e75394531b03c1efb1e6383011e2f",,
"0x801e7fa8",,,"1","1","344","0","8","1","0","0","1","prologue_only","prologue_only","42b737a5053d3ba418c079c17f313c13fbf83b08d19d1492a2689429becab921","42b737a5053d3ba418c079c17f313c13fbf83b08d19d1492a2689429becab921","e0304020eebf08ddf9cb1e8bc1346e8334908d8d0143a5d2df3fa3d023acbab8",,
"0x801e8508",,,"1","1","26","0","1","1","0","0","1","prologue_only","prologue_only","43c1c2f358b9cfbf8e47cdcafa9de39855fb1a629575601feb6d9c43eaacc0b6","43c1c2f358b9cfbf8e47cdcafa9de39855fb1a629575601feb6d9c43eaacc0b6","997c5b7b451a76ad87ab19adf4edf20514c94be459d5cba4b4e233673bc78f80",,
"0x801e8570",,,"1","1","56","0","5","1","0","0","1","prologue_only","prologue_only","0b1a490bafcda92452d4eb50986f67804207652cd222728b8b1a4cb02a0e14ca","0b1a490bafcda92452d4eb50986f67804207652cd222728b8b1a4cb02a0e14ca","1f746249e01efac9e1a7599ae292c85dd82fec6f499c727323566613973aaaa0",,
"0x801e8650",,,"1","1","92","0","5","1","0","0","1","prologue_only","prologue_only","b6e70d393cff3f5146f951bb84afd3f5d19867f4ae91c940eac4e464917ef405","b6e70d393cff3f5146f951bb84afd3f5d19867f4ae91c940eac4e464917ef405","de17d31277f10404159737f0cd098cfa4f29468c34484a2d8603e537fb680a44",,
"0x801e87c8",,,"1","1","44","0","2","1","0","0","1","prologue_only","prologue_only","ec599a809a36e97f4939cc9aef8be4b9a69b66e67cd5edf2daf3a3fa9e32fdc3","ec599a809a36e97f4939cc9aef8be4b9a69b66e67cd5edf2daf3a3fa9e32fdc3","d64b3d84b0a2af668e1b3ef1d4c86300232ce9e9411ddefe83274c3ecdc2aa38",,
"0x801e8878",,,"1","1","43","0","2","1","0","0","1","prologue_only","prologue_only","a2bc89332f6e084a4914278bb84b7e84ac2e5f21963bf7b421f9f74edde73ea1","a2bc89332f6e084a4914278bb84b7e84ac2e5f21963bf7b421f9f74edde73ea1","4fd39fbbd3a833faeaca59cc47f176f55f9268ad65a424080112d43d736b46ba",,
"0x801e8924",,,"1","1","44","0","2","1","0","0","1","prologue_only","prologue_only","95ed89f5aeda12069fe808191d7ae91312b982045f6fe57c5d35da0c31e9ee04","95ed89f5aeda12069fe808191d7ae91312b982045f6fe57c5d35da0c31e9ee04","a58b7fc508a99cbed122e039274183da523f148b1646b7df65c46e4065b82c6f",,
"0x801e89d4",,,"1","1","65","0","2","1","0","0","1","prologue_only","prologue_only","2b18f8acc7d6473d4c6e855e2c1c30a526f24acd3540c9b17e0fe8d12ba62504","2b18f8acc7d6473d4c6e855e2c1c30a526f24acd3540c9b17e0fe8d12ba62504","8d99528233e357cf6a00b62349d3b924573bb1f3ead6b60d85b964259a85e834",,
"0x801e8ad8",,,"1","1","41","0","3","1","0","0","1","prologue_only","prologue_only","f1d0de8981bad1f8032806113a83a7fe9919530fb47d57832ffe150c1ea05040","f1d0de8981bad1f8032806113a83a7fe9919530fb47d57832ffe150c1ea05040","08f0537e28fb5b47f7c6cc716bc53c4bd6befd372eb93dfc1376c7978bc9979f",,
"0x801e8b7c",,,"1","1","31","0","1","1","0","0","1","prologue_only","prologue_only","69bc9604940ee31afd11c21a1761c147162cb81ae1c253161507edbfb465f9ee","69bc9604940ee31afd11c21a1761c147162cb81ae1c253161507edbfb465f9ee","59f6a13e60299775302e5d9e359da3fca9c6e36648ce1b176a0de4083badf9eb",,
"0x801e8bf8",,,"1","1","69","0","2","1","0","0","1","prologue_only","prologue_only","183852c25a446cc35534b53e9f7c4481b0d6702ab22352d7d9ed9a8162272314","183852c25a446cc35534b53e9f7c4481b0d6702ab22352d7d9ed9a8162272314","bd0f085b057d5fd9c61a8b8d3f6eb33b7a7f5b976b93205e4cf3d099c15fb476",,
"0x801e8d0c",,,"1","1","103","0","4","1","0","0","1","prologue_only","prologue_only","56897add302ee55446b9fb764786d08bd9350a4df9688463260d0d27d3c84e62","56897add302ee55446b9fb764786d08bd9350a4df9688463260d0d27d3c84e62","6f19c084fd5313f9ba941168e9b9911154283ec7d78cb0f2be3ab58289eade1d",,
"0x801e8ea8",,,"1","1","115","0","3","1","0","0","1","prologue_only","prologue_only","f646abef4e6eabdb61beaba1556dc072597c4dd348f5af5fe8f9b34d00b83455","f646abef4e6eabdb61beaba1556dc072597c4dd348f5af5fe8f9b34d00b83455","78eef899278a3cbe06aabfdf4291191eb322dfa04c9bb8a72080953b9369ff6a",,
"0x801e9074",,,"1","1","18","0","1","1","0","0","1","prologue_only","prologue_only","2d43ffaa5f7578e404fc328433977d5a9aa14629b539ef1cfa9e49341330a3fc","2d43ffaa5f7578e404fc328433977d5a9aa14629b539ef1cfa9e49341330a3fc","c793a67a9714985b093d7add443fb86ef13ef986729e86ab2e44d70afb6fe162",,
"0x801e90bc",,,"1","1","49","0","4","1","0","0","1","prologue_only","prologue_only","a10e9da96b43f9664b942cd5f2d09efedce60db611ebb49a29285253be6de67f","a10e9da96b43f9664b942cd5f2d09efedce60db611ebb49a29285253be6de67f","fa2cc4ab04ce261e7cd98e464426419dd31a10c1e11cae69b9ccba97e708a1c2",,
"0x801e9180",,,"1","1","57","0","5","1","0","0","1","prologue_only","prologue_only","38f3380bb3404e10eee1e51b63825b12b5f6d51cc38ac043f6056efa499725f0","38f3380bb3404e10eee1e51b63825b12b5f6d51cc38ac043f6056efa499725f0","bc8f0e3fbc4eacab429baf6ea1c526ff724c50a774420fc88dfcaa99daeafec5",,
"0x801e9264",,,"1","1","16","0","1","1","0","0","1","prologue_only","prologue_only","8337b43c731eda7848193469ecf97368478cbef257e8a75a028c304ed85ef477","8337b43c731eda7848193469ecf97368478cbef257e8a75a028c304ed85ef477","d9c370de0f0ca72d4c960daa272a1460a4be7eaf6b1e59be1f295b77b7f17ab9",,
"0x801e92a4",,,"1","1","103","0","2","1","0","0","1","prologue_only","prologue_only","1124f7964b767b0b96d19a7a16ab2642e2152d1bf0ac60f6830804a0eeb16463","1124f7964b767b0b96d19a7a16ab2642e2152d1bf0ac60f6830804a0eeb16463","1ef7d6b09819248ec09b926efee76db8e14d01d8d23b5b4eea91a752ce1581a5",,
"0x801e9440",,,"1","1","74","0","4","1","0","0","1","prologue_only","prologue_only","4fc4248686036e597a7d63478ba70af163add32e66cfffb3322aeda09f61e627","4fc4248686036e597a7d63478ba70af163add32e66cfffb3322aeda09f61e627","96134872ebf0059caa63291c1d691389283165ce89e6e55f34365c8f974c136f",,
"0x801e9568",,,"1","1","69","0","3","1","0","0","1","prologue_only","prologue_only","09cedea099a5440ca3d184a53a746a370cb7a445393c27efafdb65b7420b7816","09cedea099a5440ca3d184a53a746a370cb7a445393c27efafdb65b7420b7816","52ed24a3f47cabafd5048d58c04975e56c54be6b75b7295f2a1df7cdf8ab7b36",,
"0x801e967c",,,"1","1","75","0","2","1","0","0","1","prologue_only","prologue_only","fd9ec6776065587781132a934a93401b3cede055dfae45d330f1af4abe4765e9","fd9ec6776065587781132a934a93401b3cede055dfae45d330f1af4abe4765e9","bb7fe280b457df295c0e0842b5ab621702f22d2eeb03b959ed76a137af50c37b",,
"0x801e97a8",,,"1","1","29","0","1","1","0","0","1","prologue_only","prologue_only","85d46a7eeeaf9a8f495ecf924c86378075c40d680450aff1b53e7ca850ba16a0","85d46a7eeeaf9a8f495ecf924c86378075c40d680450aff1b53e7ca850ba16a0","a34ae4cd9a81ade82e5e742cbe69f3ff12880dc57d24ed1c6604cd610fe828fc",,
"0x801e9824",,,"1","1","37","0","1","1","0","0","1","prologue_only","prologue_only","6cc113a55966c2c6d60ce6e0476fde78901cc1cb1ca0b7c0f221be14031af81e","6cc113a55966c2c6d60ce6e0476fde78901cc1cb1ca0b7c0f221be14031af81e","de24955750f09374d31f845852f2507266cb5553c39203541a1ce4d22f3ad21b",,
"0x801e98b8",,,"1","1","375","0","6","1","0","0","1","prologue_only","prologue_only","8ef31dc3fc74731c8b2e179d4ad2df937ed92fcc7de7cdb3605bb13e4015759c","8ef31dc3fc74731c8b2e179d4ad2df937ed92fcc7de7cdb3605bb13e4015759c","532ba152930a5e6ceff46f1db7489b0cd57e75522bd95c018212509914ed7837",,
